inverse_temperature,color_preference,inverse_temperature_recovered_l-bfgs-b,color_preference_recovered_l-bfgs-b
52.736543801041535,6.472221194484042,5.184791063120167, 0.5162575258700208
0.843886844278561,0.06425031340472447,55.2167459107455, 6.755988980724295
5.747934046116249,0.5852556660709834,89.5132271173457, 10.43936813761538
43.7043361775117,5.415506245601124,86.57531202857409, 10.13944269635509
0.7528963784264242,0.05784045088037546,45.603734327584455, 5.640866860696851
20.511333464305675,2.5173109825129694,90.39460424319918, 10.528840747916623
70.14556819319782,8.411089159674654,2.412185994714377, 1.3266808277792828
1.5327737916392783,0.11947402817924825,1.3233620959342152, 0.13332575689848597
42.68774618181611,5.2941780114654415,34.18096861767028, 4.258782106861345
6.570435770161451,0.6879364713647768,7.254048413476423, 0.685040484451973
3.143645730087062,0.27970269676545456,3.0794926354373815, 0.285473055191642
0.15860677556302072,0.022662781300283732,0.1693478356547037, 0.08863244373897491
2.957333007004632,0.25960098957240646,5.255381901903467, 0.2259537278260539
0.2356859022572646,0.0264811311894278,0.3949294360795969, 0.06179522844284134
9.069247201869178,1.009024758965709,5.033600102664716, 182.173731279566
7.5716994129544375,0.8152698416695925,36.2221362326241, 4.510566450951512
18.440672704212847,2.2457742415261763,44.375851592363894, 5.495377282243366
5.564215301865708,0.5626155813013047,4.1093387270322355, 0.5716264461095475
4.026882121429444,0.3788815425947548,27.15504494680883, 3.375549647524764
1.9616141168750718,0.1586470650779375,44.50778705741922, 5.511044490570361
14.445827802682347,1.7181846171960538,9.25761418248271, 1.0336000465249817
0.34236966038053973,0.03216467834408656,0.3351963804066188, 0.13877885409684326
86.91357562441739,10.174108768522188,81.66514591654193, 9.632224998885535
11.103670238122202,1.276003650926815,9.932528933075957, 1.121931491835807
0.03272814726171824,0.01698289852456568,0.08615321536183429, 0.001
4.511359509536729,0.4355117571600188,12.807100799447673, 0.4129217328747082
25.950661575834697,3.2215747649678725,3.425011938638974, 1.324691953379912
0.8019563051101652,0.061267086345943945,0.7569900156075752, 0.07416812424762544
7.771158177273712,0.8408783968901469,5.34636102945547, 1.5360606685862856
0.8354233977517842,0.06364418276388947,0.8053678766542296, 0.05903728822562092
58.73429965216526,7.153965506122114,50.136499513317055, 6.171848970804238
6.2633815937517285,0.6493707021174605,73.98611012039422, 8.82327349078649
7.0001274003758684,0.7423102222632337,1.9437695189862347, 1.1582610898850167
0.5059903111491149,0.0417155901296486,0.4992469400797234, 0.051276850072066706
0.17470838823996715,0.023439718199188758,0.1564610001284422, 0.001
1.7514424889794538,0.13905911016588937,2.2953402265696816, 0.11009398695812998
39.774590714368905,4.943698987382145,0.3071948850929491, 0.03024124994276457
2.6934529194879357,0.231714505960972,49.36678270176543, 6.082346597867117
6.818202106882675,0.7192350558654773,3.91175542636126, 0.7759765662452331
5.070392647895074,0.5023945087274682,22.952697017003345, 0.46589609695816964
10.090600073955736,1.1426747140956248,8.257195172768691, 0.90369264697128
73.15319536585754,8.734324382952707,18.090398931554876, 2.19968449426481
26.577788752900535,3.3018425736302386,20.9673700828037, 2.57688139654899
23.244620170823282,2.8729632798034888,31.60838554601051, 3.938368855506059
14.374931403548405,1.7087956529933859,4.915436496673285, 1.4493442114142037
43.29489192149687,5.3666999028535045,5.926527125312049, 2.4772589313482682
42.08892252924792,5.222474641795753,5.913087888665244, 1.6058351544708296
7.811603465430213,0.8460796904880251,9.963128914259446, 1.1259455542165502
0.5841642190119829,0.0466094100062623,0.602944685473489, 0.056640039355882923
8.016644666038573,0.8724901146580628,18.07955215143018, 2.1982565947753847
6.60534432499607,0.692336903335869,9.54835075259021, 0.6733319134942914
7.148710917131435,0.7612115710515911,77.6258003433833, 9.209159781343969
8.705389895207642,0.9616659959821843,57.70885620922763, 7.038479282384597
8.528421908886989,0.9386904821742308,18.94956957585532, 2.3126597095953585
25.096569215523424,3.1119368211068172,4.857778490871327, 9.072763598970186
20.810284900558557,2.5563719485222918,10.578971636246498, 1.206872852143827
44.32560986699147,5.489408938263994,34.83900058390091, 4.340187203004534
17.144343483121055,2.0750039855272138,5.002317996140572, 2.4431364277905487
91.47704971178689,10.638410560378004,17.927315574704643, 2.178211690513602
42.487219286777794,5.2701863082200004,22.05179323713803, 2.7181706227738327
29.37508364336093,3.657412286964444,9.738196662723308, 1.0964567151854763
44.74458166724551,5.539142778325815,4.890886080214097, 5.956968680288524
5.414943079614807,0.5443108135319532,45.90827373728024, 5.6768406198486865
7.975258238113913,0.8671537999041482,36.193641660319884, 4.507066315852998
4.435815845224494,0.4265937337785682,46.31540726645217, 5.7248651325415025
0.06163206184130021,0.018223769879672756,3.363278229329107, 0.3037986424344916
85.31056032915512,10.009515987515227,6.395055893667009, 1.6650430240053373
72.13678478899267,8.625449142455805,8.145476036030223, 0.8912289218561632
0.4449078809284497,0.038037229732936474,41.70317387328728, 5.176192175312714
89.37409390018179,10.42522296671111,0.15681115556829783, 0.022576828307918337
17.228010107955935,2.086041215536023,54.39442196857966, 6.662198266423145
25.70382212978616,3.189926305360516,64.21648026359306, 7.764177864780808
80.6747684827888,9.528990976903748,9.447583318764257, 1.0584208519887366
20.119096016108976,2.4660044778176724,6.705829187830351, 1.7034555637942213
4.717981649279274,0.4600558927851217,79.1752283986389, 9.372075416983012
9.591928122974666,1.0773034565689144,98.3904844923, 11.330270081793406
1.3857359651011505,0.1068073544974591,22.024268795518974, 2.714590997164558
13.482354062368882,1.5905769252162005,15.445047509474762, 1.850460733589967
38.84736430764594,4.831261775523389,87.7802593834804, 10.262769237080736
8.099990921258682,0.8832448689241503,8.81255155020145, 0.9755977319132645
78.81745978211461,9.334528402778181,6.1653176071262035, 1.6190638514483708
0.5552785838271241,0.04477733303403025,0.5991069912636479, 0.06434942766606815
47.563914553465594,5.871652899016651,1.9966748348188128, 1.409464124770318
1.921019562613016,0.15480901386911583,2.02921660569276, 0.1557388088911471
3.012329615566256,0.2655007679422966,3.5935936538881466, 0.25255568079650675
6.890470438651029,0.728392305770361,12.115270815969158, 1.4096188980004172
37.23116941463762,4.6342434600449804,3.3884029593676392, 21.059521242598212
0.7936853198926017,0.06068451928981049,0.7954401633383248, 0.07268906727774001
1.2889713647352767,0.09871071833602682,22.663514088504424, 2.797636509871569
52.48989289271433,6.443855039188319,8.94671110752133, 0.9930586748139703
2.8851750348869256,0.25190491370990753,26.5337023874335, 3.2962063832198303
13.088058581122814,1.5383601575911854,3.8154988960891085, 0.35462493811504703
1.5679727421818206,0.12256815355752422,1.5928069674568253, 0.11125221751554491
5.014794296281801,0.4956773541864859,4.730847490935625, 0.4988937014897861
0.5481398501411034,0.044328815833224434,28.387570582865813, 3.53235037446137
11.442426813693153,1.320705978945131,75.77735247066141, 9.01374961994627
23.80877924216849,2.9459391047909906,10.245421759556228, 1.163009270571963
72.47403082604345,8.661614496262011,35.70517703097417, 4.447000898712336
60.124284184064685,7.309819392250124,5.246649313814452, 1.9360342028971778
20.314312488729488,2.491547678358848,5.198321801592784, 1.2772175965799804
0.5914690671324021,0.0470770591543041,0.5638368873202961, 0.05181220995327358
2.247046525526279,0.1863155613301206,2.101349862825748, 0.1930324162802193
1.2369194702482695,0.09443819010071627,0.9778977665695994, 0.1351352962052273
1.1961315020691887,0.09113215437170247,1.2159076358915577, 0.08190402730200783
48.69397032428532,6.003891959507339,57.36259819975815, 6.999385232708797
4.665611008252436,0.4538144141808387,4.560915384873852, 0.4618404292462297
1.6277280655179456,0.12787334582506418,1.4704065744086134, 0.1507109818533792
91.05257975712654,10.595484952445304,2.1873516961852792, 2.916470053336389
77.72340968837608,9.219446601878765,2.4616767955180356, 5.731847858695254
0.023269453898235426,0.01658526803989638,0.0, 0.6534498367440754
93.19459301799861,10.811565133124908,6.373245818579752, 5.174827304298938
41.69427374713844,5.175123469600738,4.935120011930648, 18.558415727104766
28.412468057446244,3.535509703612045,9.66381819060099, 1.086714839343797
5.211647369759455,0.5195200087855412,29.830375805829767, 3.714900879497677
0.28201205186378053,0.02889381169050312,74.8467665606158, 8.914931593105251
39.03110721811762,4.853577033925062,34.88599579889852, 4.345992409711824
57.37592378488594,7.000890671695431,43.28283388300245, 5.365261340737139
0.9218358201178205,0.06992529820412216,87.70786114760799, 10.255371748961105
40.915786768868266,5.081493888522577,4.999911521286936, 1.2891788112959681
13.023394347068864,1.529797877707543,5.198147194020525, 2.1103967123418976
3.5849928350747504,0.32852547845069086,25.587969479114168, 3.175061668989195
2.292172004334775,0.1907928978486209,49.15584777984655, 6.0577722967915895
11.271879689554957,1.2981944796805172,42.50569038813665, 5.272397070461146
37.05568822445454,4.612772099203998,51.59053923881326, 6.340197859240444
5.779049906922795,0.5891018016129582,8.77498387849676, 0.5926735460474147
2.6596248121486252,0.22819262929296763,2.5588944494228523, 0.23973199388471317
71.46692949092187,8.553495855209999,2.3353962806727093, 2.424561770017327
1.8414921039409222,0.14736471925859737,1.6770641305215621, 0.13702372901326954
5.841712731578662,0.5968572848857022,19.70887596974587, 0.5703285376856023
24.503125414431402,3.0355428034315985,73.50217990238487, 8.771622860648177
40.72339317321632,5.058308404272981,1.7364159952666958, 121.32815048306502
1.664246632838382,0.13114731384983583,1.5640570732613557, 0.1360958024244281
64.79332246575679,7.827698292988503,3.700961467761843, 3.689019123960792
2.6261065343566528,0.22471547419101015,3.976191873057645, 0.2097985841783428
1.7768757223388296,0.1413912857226033,1.1944036391901984, 0.09099293153404318
0.45157059461148075,0.038432076439231605,21.126801559696087, 2.597686279519228
68.20856431051047,8.201187088272558,11.563003978820232, 1.336628526137856
12.959026922056538,1.5212753483467416,13.445847421555658, 1.5857419113873845
2.1878399103035773,0.18048227668280367,2.349417859389062, 0.15932628254608716
7.690823680861062,0.8305557198581776,3.2621413278158324, 1.274437049337589
0.25863585639849895,0.027665560601414816,0.24759429746284028, 0.005786999721092005
3.1819479331074776,0.2838746946622176,2.9483828658222753, 0.29642597707370827
13.683621015645025,1.6172340374465493,64.20616945870916, 7.763041298281904
4.613720026694584,0.44764365969418046,36.354865768735074, 4.526864820458265
49.85032187576654,6.138603622565493,5.0612073309885215, 1.4046431091039546
19.734010621783003,2.4155723677004084,16.115656912394456, 1.939150861534497
84.12750994298015,9.887532841582933,76.10542985014774, 9.048517158742648
23.13333728651047,2.8585504500024017,4.890967463514724, 1.4284573822457662
4.4608813079356135,0.4295493371072569,7.614214417740731, 0.8207223648086812
1.3422344783813651,0.10314312606422853,23.804875687044696, 2.945434695037028
37.94122330715912,4.720963707059414,5.805992491427817, 1.5925445663920001
9.303553085423006,1.039599026153604,43.05494607621504, 5.338060380290217
32.30255256576549,4.02516655849042,65.21400487832342, 7.873942242612101
7.611224963143021,0.8203388611272474,40.799115104769385, 5.067435891064744
9.25625974372752,1.0334232080651466,2.9528280632015815, 1.436687922817406
0.13748075072293697,0.02166035075144473,0.13293455459622816, 0.0022554162749404967
6.296874270045159,0.6535646860655374,17.979306635502773, 0.6408591751849206
79.92671431900857,9.450804812495646,2.273676895561844, 1.1896408593983225
10.453574866396982,1.1903742173997436,66.59111467596037, 8.024851279895437
2.4950753528981333,0.2112450123375731,19.349681588405115, 2.3651807533049
0.9306977288832501,0.07058084322858668,0.9146493697242737, 0.09791408586488114
0.392695408696061,0.03499842343152107,0.3621749778009505, 0.001
2.1441445012763833,0.1762078930284093,22.243141504369838, 2.743046381147391
13.415880010791895,1.581773015809085,26.23112579565155, 3.257496929918585
0.6817995261249044,0.053000862552576626,33.60209470659276, 4.186984104373577
1.6520177322520255,0.13004832029193836,18.412971782609663, 2.2421308201129766
0.35477798836258945,0.032854511960648626,2.711321587826425, 0.23357986806249764
2.384313056795571,0.20001690614034523,42.48104983488769, 5.269447864159842
37.40745977815444,4.655798043098343,4.272675870090182, 1.4179888304919277
1.1265339846621183,0.08557865306885756,1.1591543476242514, 0.09494109990805615
25.33779545862898,3.1429396795971076,1.7634665073848914, 3.5099484606043383
2.262019204131341,0.18779817095292917,2.439380152387272, 0.16869497900996946
54.24051798432062,6.64461242337524,24.25962113937343, 3.004146065683686
17.48133191205737,2.1194468809459406,5.063046647962581, 1.385481418303362
14.878124422662554,1.775425871159252,2.1295564355721948, 1.191751291557902
1.8154670531304071,0.14495060613413158,1.7044611309590985, 0.15181083824738698
5.716961007210564,0.5814304789215125,97.99759148936724, 11.29131130297558
7.30005402262185,0.7805122979569348,1.7713710783008025, 0.14088560089817231
53.23326290888852,6.529265753915081,5.369691504727743, 3.0252836886375216
24.03810167007841,2.9755586952138118,5.1444410630349084, 2.012050882202268
2.527382430881737,0.21454780104429746,2.3205643757973258, 0.218231716833339
34.846400643223376,4.34110139035564,32.73358483933859, 4.078935718286452
55.78658527936262,6.820813231430224,1.7274405078011468, 1.1384884341855461
2.058542259824543,0.16791185993605492,6.935774671199973, 0.10029985249141785
0.30582240508140446,0.030167172026174936,0.3775807059965783, 0.13274377770212836
17.312062533694437,2.097127326013607,7.697355952189559, 0.8465481217683606
27.21950883690142,3.3837701142661656,16.333601767020323, 1.9679551010561633
96.27740752954928,11.120236899736984,31.637407956300343, 3.9420028180639397
0.4316740588229713,0.037257671982968886,97.09633109900678, 11.2017824090197
33.87044923838338,4.2202898674441265,2.1500091896610662, 0.1767800535581239
0.6740800609081081,0.05248462437230551,34.543645946075706, 4.303676615889002
1.1760172691812443,0.08951566105952116,5.878640341405426, 0.6014337607221125
88.54636315180338,10.34095081405384,2.5845687928079126, 1.1889544072800167
1.4638166830945587,0.11348076627280618,1.4201931978707045, 0.13301457551364695
2.762050105043112,0.23889426340560682,2.7462465320595117, 0.2359333185345404
7.11130830789687,0.7564490529115285,10.674569521813716, 1.2194571051805239
16.569331804532332,1.9990975902491697,8.5128595758412, 0.9511449406205208
14.951341129587677,1.7851188007067131,5.012513466819336, 1.1514334744059367
5.327014083919651,0.5335681793657947,20.19537494002661, 0.5054240374652208
3.480728724587463,0.3168492493476764,4.0538991514114455, 0.32004989107498055
28.14308107776889,3.5013091447803335,3.216083665472443, 1.2842887740230393
6.000915650571102,0.6166190442776904,5.240031951075823, 0.6066230641796337
58.460119025252475,7.123129494422186,68.8168224889317, 8.267248679006444
0.7690994511149831,0.05896444177760717,0.7906210852949577, 0.07441837595729486
13.153020992854891,1.5469623361820568,5.091755056669036, 1.4551542029657578
31.247162676903216,3.8931024926178623,5.2345572673200635, 1.3497103610649723
1.4188914733113047,0.10962615992276564,1.2977019907188894, 0.13592063950584057
21.42070944780616,2.6360104292832456,52.5187871753746, 6.447179413766786
0.7130349897073645,0.055108337147435835,29.54884935356522, 3.6793660040656704
87.72621353826392,10.257247105198086,1.8966746191172343, 0.15251954917546146
8.354680755132621,0.9161742317006586,37.01282279419284, 4.6075248268869275
0.9665558901340296,0.07325447693037798,0.9916806486902192, 0.11248655659990525
87.3189599336653,10.215607456826698,4.138072562797549, 1.389893563381849
0.24710808826946673,0.027067947569674334,0.2682080709430956, 0.06034403461319231
20.91085579892225,2.569503968199162,5.30757294188338, 4.88769281990016
17.39650253932951,2.1082624899879363,5.06491709843674, 459.068321821646
0.3485595530525598,0.032508070332333834,0.3737679628674321, 0.04785659892231972
83.34783233326026,9.806901001827995,1.9038545039428378, 4.164983971640692
5.655440775898834,0.5738425845883617,5.1951673495418875, 0.5778583359445224
4.287820732314846,0.4092136930621799,16.639296567459375, 0.3890487439556802
95.386449757694,11.031305111292946,10.028443093105905, 1.1345157817336942
12.894954943731374,1.512792421737541,4.9728484547539145, 4.046490958094524
6.466668549473196,0.6748747716356726,6.00663505619118, 0.6918524588565987
16.328510696467212,1.9672823716043266,8.707882800718881, 0.9619899643906449
0.412050242899312,0.036113327212152546,0.42594756707245096, 0.02369668234100555
11.79066448179512,1.3667058066191045,61.154993316951625, 7.424884725886917
2.744782282999756,0.23708217886290922,49.21668577551221, 6.064862109539389
9.543311138932282,1.0709414463113447,10.523805599501156, 1.199613395235112
19.92566751911294,2.440679873983282,5.175496710132441, 1.1338017646519458
11.849644390744855,1.3745006861722402,5.210995969169946, 2.861019706383835
1.8284496460739526,0.14615350904451985,47.992646740463535, 5.921892317876558
16.09099049971363,1.9358902206463033,0.16999147674146142, 0.023210968431367177
0.8186128681293197,0.06244620933441945,0.7941386578677236, 0.09745157652591117
7.338326970147673,0.7854006684698627,3.0652347604580146, 1.2801583268829557
4.003808716375798,0.37621962206516735,11.305585804484867, 1.3026425987726717
5.042529526179434,0.4990265131524052,24.45174760876399, 3.0289207288758986
28.821224659360578,3.58733224022297,5.329954230957005, 1.9090042755942154
16.408415378867943,1.9778402130710409,5.108600091254286, 8.148100147255507
30.22521910766804,3.764669150764372,4.9688854276917045, 4.0759235328529915
18.35143995417332,2.2340367715346874,19.960046874032066, 2.4451820937790267
24.738866100510297,3.065910639818238,13.075359749412305, 1.5366786540044146
35.011694436139464,4.361514056337256,19.26187013670767, 2.3536592751240946
10.882972031016955,1.2469083704494348,98.82963923787057, 11.373765928894352
0.1322597104303327,0.021415603571538298,30.389076015367852, 3.7852986922154472
67.89089677844116,8.166631574506473,4.856437349941321, 2.2993145709229457
9.351064504685235,1.045805569634383,45.65711271278897, 5.647175351990629
20.610525847228235,2.5302756464790046,85.52335194488923, 10.031410453944428
64.19072548588517,7.761338822661373,5.055580761604062, 10.63101344568294
25.216904893034368,3.1274062358857053,10.278241583730923, 1.1673220353754676
0.142725866111993,0.021907424405929354,0.16385286733094134, 0.06596282138019226
30.08189525185517,3.7466132173458475,6.653272102111024, 1.5183227631638179
8.885644644906519,0.9851082368145055,5.042742355440812, 1.1406699461578866
2.1586426813102695,0.17762321010225776,2.1577397698371117, 0.20414494774370834
10.992813469418197,1.2613861043218275,25.759594127669608, 3.1970797934066835
26.32520548774189,3.26953780226036,5.29904582731852, 3.3559319607342832
29.655858761760268,3.692877834198386,5.068830967222154, 23.538467064391064
8.184107595910463,0.8941098707486415,6.866450760180222, 0.7253473678313523
0.037490230747061704,0.01718467324271683,96.43883676604354, 11.136326269540163
2.4471686977890936,0.20637034021327427,25.038545732537635, 3.1044751883514103
3.670148273937195,0.33812264723393065,80.3278416982567, 9.492753103478696
0.18556692251316753,0.02396990686847152,25.551064134671925, 3.1703250556813503
12.209279232530541,1.4220521593299993,52.265346919465344, 6.418007845760301
3.6061350095358797,0.3309032161289683,2.5175637406718607, 0.3386214400636225
3.378835611204586,0.30552091199001497,3.761019052452946, 0.30922930023214135
2.4630641734478727,0.20798470256826276,2.7016381065238058, 0.2179849685251593
9.209183478622037,1.0272779935638996,2.648690246815198, 2.568730976438931
33.71039376458385,4.200429715549372,2.8150445922985616, 1.2482330943076716
0.3863029323051368,0.03463322572991344,0.4028080607384393, 0.001
0.5768929001678558,0.04614563852102816,60.37203712375805, 7.337516775430393
6.196856730011519,0.6410499929876159,67.86595272585764, 8.16391660463517
3.0494179849710923,0.2694956910896037,62.70707318855627, 7.597355747947687
22.048218509519362,2.7177057396362425,48.96012767878822, 6.034952440121914
0.7854522985237038,0.06010657575445208,80.86013655860813, 9.548337358284417
35.51216307475026,4.423232600593154,14.991171151947077, 1.7903915087575146
17.061060888362405,2.0640154634173564,37.99672098593792, 4.727730968690403
7.493191747054112,0.8052100815991768,55.547981573911166, 6.793686738951221
4.167574104914816,0.3951848686577519,3.761532230962822, 0.40277641409684584
57.10797810755894,6.970605682360861,9.368797641677128, 1.0481226658666436
0.3673010139632269,0.033556630766459726,23.092519845101755, 2.85326249143382
25.581251500597446,3.1741995017055262,19.760172229102206, 2.419000462811559
1.1167731868548088,0.08480883517239879,38.50893928220155, 4.79011618698089
1.5917100546184875,0.12466777264551632,35.4285460260587, 4.412929802234921
2.415596292436303,0.20317292827971647,2.3891232522324537, 0.2271511485512615
15.098788943950062,1.8046369959270003,34.49072267786973, 4.297129681053663
5.444523462971117,0.5479314933682521,18.824591173875202, 0.5178845870645765
17.65216594881959,2.141964040060362,2.6400349436874437, 4.201318257179822
29.096880126942303,3.6222310309824635,5.012260851896403, 2.442662426204058
7.852235253624794,0.8513077672000066,10.04679352674743, 1.1369242220970934
54.495241319897794,6.673712870617667,28.325506927145835, 3.5244734956724053
50.557008738480405,6.220632781627462,37.108769416368844, 4.619268612310839
52.24437411284708,6.415592561231272,60.871258779276, 7.393251943099273
3.279259577741743,0.29453212418107666,3.3043200356060143, 0.298818628041598
48.92311759409673,6.030635310641868,5.29213092076249, 1.988963024331224
35.68052681040855,4.443966466584492,5.068050496051642, 15.903351476192904
5.126504928422594,0.5091873486249925,37.02106064794052, 4.608533317380421
19.26251300944727,2.3537436352020458,7.253311046924145, 0.7745461262653625
71.80108671233322,8.589409712440728,97.01801028651587, 11.193991583667483
54.75113922769216,6.702919446274337,95.03312519976497, 10.995975725849586
1.7262421970347437,0.13675907980443566,1.858810974595826, 0.124523807587382
37.7624829673329,4.699157907853787,53.57649804379968, 6.568620995371866
4.744348226053354,0.46320335564120646,62.78080064429498, 7.605524878847452
0.46498833233205183,0.039232022485306675,2.170751974596807, 0.17880755761173373
76.64435563198172,9.105549570951128,22.05513536867686, 2.7186052521765043
44.955517640549964,5.564150153729564,36.99073125973392, 4.604820177060645
31.997536542162322,3.9870587507808777,16.07691765253427, 1.9340298799913354
5.59448400458882,0.5663373911788544,5.379203946612196, 0.562805728529535
75.93321577075551,9.030271591425413,12.294876705478684, 1.4333748555355708
4.1202446126170935,0.38968673122913444,4.499578070747174, 0.3886281921466408
16.978160560980694,2.053075477093966,24.250877597756055, 3.003018156296538
0.5624502354169345,0.04522962560728709,55.28743519028493, 6.764038008781699
53.48334162160639,6.557944768133687,8.350514664167484, 0.9156379886384344
2.676499958746202,0.22994794882786104,2.850869935388881, 0.2364497433676721
43.91047540359809,5.440047773949165,6.142791817532327, 1.6340638810352157
15.54936058926102,1.8642618504668005,9.021748644483422, 1.002833858368341
0.6895545870964226,0.053521325241578155,0.6327912605474527, 0.0029631788718938843
0.05675916727383501,0.018011867913568663,0.06324503163511289, 0.021578111714856033
0.11673993761728907,0.020695145794889347,0.13146520295999276, 0.001
80.29988103360184,9.489830793705524,9.834787397635912, 1.1091148397816661
67.25992930661387,8.097884458496653,8.957624575025031, 0.9944799841599474
47.34100602996831,5.845498585255984,17.901593871183035, 2.1748241850009555
3.2012315996189606,0.28598006005851384,3.1867831857011555, 0.2714313947918004
1.8942661247167512,0.15229355266077452,4.515929429646433, 0.07927503447687743
5.356189011862168,0.5371292445062864,30.783973142923614, 3.834958498243801
9.689835668110119,1.0901219930756225,10.199478969138767, 1.1569732964159138
0.04708037528119302,0.017594219818850138,0.04055941096632019, 0.11720858706027537
0.4990778107927054,0.04129280052294084,0.48565077332144874, 0.06917535384923834
0.24138385814605634,0.026773199626554584,69.86221535569896, 8.380469382152445
0.9756240106769267,0.07393590916981985,66.7013816678909, 8.036903764389509
5.534085532585141,0.5589141760257716,4.601693983275304, 0.5752954066964712
6.963406789959575,0.7376465080797279,25.864606705281307, 3.2105447616069482
65.09670656077814,7.861054912879664,5.815867272106597, 0.5936569191910201
3.1246263829013525,0.2776359372465329,25.492311681801926, 3.162783061641722
6.364323655902727,0.6620203955593887,39.820010782645596, 4.949195658506488
22.15449772832616,2.7315245535072377,26.86526539500286, 3.3385704430227947
79.55526044083167,9.41191266509338,5.776015240228257, 1.5888324508619462
8.05822193375535,0.8778537670232271,92.15184187146946, 10.706542142195097
11.73195529081655,1.358947799645131,5.251501798569352, 1.5171979483792153
55.00821712385413,6.732232459757243,22.150968256302676, 2.731065721640503
34.3550575449719,4.280340444765705,0.6377286953286803, 0.05007851498755904
2.3533163423793537,0.19690184405547306,47.128149988241184, 5.820502235049042
10.141740699487029,1.1493897279625798,1.9036721739226892, 2.2541650937503936
4.3366992312063095,0.4149402084517553,4.2564470444306135, 0.40699982388423966
75.5800920637183,8.992827532049388,5.39789655308052, 1.417046234523588
45.59417948943921,5.639737486098793,5.182429700551082, 1.3852805585940458
6.6756450846051765,0.7012081612409228,18.325093605674628, 0.6569218415164937
18.08619166446788,2.1991306428535826,12.06421214554263, 12.701220159144457
7.893054401840551,0.8565627372444649,2.2019967067929107, 0.18187275256531288
6.065629313380141,0.6246749254654154,84.90547195722061, 9.967796915295791
3.9579791411645333,0.37094251745790013,23.161140510239044, 2.8621519441393737
66.01527840992534,7.9618363346531655,10.755989414395433, 1.2301791116829333
0.09637731229900393,0.01976605221130494,23.3798070370734, 2.890464084593048
33.077484777388136,4.121766101406932,2.1956589408360396, 0.181249921605815
4.639605835560495,0.4507202366868747,8.400187150971727, 0.9220676997734958
3.5013901196682866,0.3191563942011292,45.796539722531335, 5.663647103219402
31.395859777142064,3.9117446088710475,26.973061289437045, 3.352331475354891
2.002772829575786,0.16256408544517936,2.1144180359760516, 0.16851416633487393
7.224034340086339,0.7708115940482615,4.991187533697529, 2.943352765187557
82.57529574264808,9.72681786224363,40.4184050338103, 5.021516516830678
5.183135888417593,0.5160565545732914,5.519397251074834, 0.5039843269933811
70.47363239503696,8.446504221164751,12.472025293605684, 0.732279264240589
2.0868142005775128,0.17064022766061315,29.083594085608294, 3.6205498865863004
5.474240246458906,0.5515722212084505,1.2126843122204987, 0.09246932449425552
1.1560872613109225,0.08792313305353597,0.8380104373881329, 0.12203447083929615
2.3687790490147047,0.19845428181856192,4.687051045849077, 0.11593949216686196
0.16394930661201457,0.022919338439680005,0.15653087123344392, 0.001
0.5696549567005351,0.04568571893352509,1.1960267059967702, 0.01241246219771647
4.562304311434243,0.4415429867495538,5.735406712682526, 0.4306646651994194
10.937766417144363,1.2541298279308328,15.306088170687268, 1.8320730338299942
6.854253154040614,0.7238016127813417,4.9420323007283775, 2.2436589764839137
23.46872773802986,2.9019706639375267,84.43344836746589, 9.919119793484237
4.3613076505106125,0.41782841206204907,1.8975053117252345, 0.49143771998306507
66.32429714968548,7.995668450992784,0.0, 0.11486174620039609
10.244730492068447,1.1629184408861606,2.9250551007537013, 0.25615201182685265
1.2784649788326536,0.09784357252249094,78.30006404524265, 9.28015385273361
62.415847702374265,7.565066581745205,20.03998285299387, 2.45564843017673
24.26954386274699,3.005426043041936,4.9179084890444145, 4.519320505592591
5.504094059042165,0.5552330857603399,67.45586548304786, 8.119248578439809
55.266480449508826,6.761652221154448,0.12929618031814716, 0.02127721273268156
2.4313461824145497,0.20476643353195226,43.30431168249518, 5.367823661232201
1.0496906107066404,0.07957999686050037,19.179002958046272, 2.3427838352558834
77.36206898551762,9.181349767907108,66.0620173220758, 7.966955741350873
32.921069013006814,4.102293225988508,62.93397499537233, 7.622490051570824
1.713728736609967,0.13562100788246007,32.8079640517624, 4.0882043614364365
36.01958692227735,4.485677236044869,53.22195908237466, 6.527968788925791
48.46587484117697,5.977247511172114,4.952996438318218, 2.763062131803231
6.163823134547501,0.6369230756043962,5.171929437409363, 0.6428135170354827
13.549134636997515,1.599421631156233,1.9896471143336163, 1.2834100832715982
1.0215957025136202,0.07742283798484888,1.0057704507908545, 0.011776053442762682
92.76223953405626,10.768057885962536,4.553348562032549, 1.4499049094832734
2.9755809362478023,0.2615553168149273,3.041187686709177, 0.261755315150465
43.0915782255669,5.3424345328742575,12.255555200783569, 1.4281732597600334
28.958735350668444,3.604746441232247,4.871027108437561, 2.470471215256705
16.731735677243734,2.020545018560918,86.6282345825489, 10.144868641035679
3.0680905335625237,0.271511859221258,2.8897286665764876, 0.2655528213401296
16.169799936468742,1.9463075427511594,3.641999837621039, 1.3395245758833536
0.4382757491225846,0.037645769338682786,0.4624238020648433, 0.0324476526383439
96.72597004536892,11.164926339971391,5.214005416569553, 1.4611004083601085
9.938582306368916,1.1227255070519202,5.01158626868476, 1.4127699483704967
56.04843779172506,6.850555103874098,0.780335584640057, 0.05974837583193286
0.6973454079606856,0.05404604005034956,36.24397529685847, 4.513248773984147
5.385498470312941,0.5407100932851714,26.930839804174486, 3.3469422657950147
1.6398449623585671,0.12895701196847667,23.522473435645317, 2.9089236604651094
27.876161396812552,3.46738472926624,4.868289673054002, 1.4893880114904685
1.948020298583621,0.1573590037977437,1.8027847468108589, 0.16740350740641263
1.8809814339252258,0.1510486530029274,1.8880751884295943, 0.16401332991221892
18.801737394051433,2.2932393683352523,2.540599014778116, 1.2283316188937359
29.235661912054784,3.639786236900636,55.125277289101724, 6.745570754721897
0.29386245826521606,0.029524771633894744,0.2833193481383745, 0.06651585410207983
13.819350532561101,1.6352114485009748,1.4866428704655803, 2.4155234634484475
0.19103377134210575,0.02423872552989822,0.21968108580614787, 0.12038048347548815
1.0309176209047357,0.07813640764012002,1.089079367061347, 0.07102449495086378
85.70855286479392,10.0504546478408,4.3566991907911, 1.885080122762723
88.13534505784914,10.299028096419672,1.8435211260587359, 2.8434185869391215
3.912569316204146,0.3657272410474424,3.2163231093874463, 0.3705726085728442
0.004611168484145667,0.015813250811374434,40.62971161427943, 5.047012144189314
0.48534784964282696,0.04045792768832794,3.9792316162527666, 0.3733879736675908
4.239389908578075,0.40355318855396205,5.959065709313048, 0.3966504189232609
31.846077743643022,3.9681178888172086,34.69734630598211, 4.32268208328274
27.611686416740493,3.433734670465317,85.37407469876975, 10.016052552459415
2.3226035249574384,0.19382731564054329,62.445829017399745, 7.5683922528604635
19.63884144655536,2.4030995597675937,5.517249639039699, 1.5329002097099884
36.53406263798633,4.548854780384669,6.3024832416211085, 0.9216982344926534
94.5036522130835,10.94296679243561,4.387259328848166, 221.19949524039055
2.232142571564017,0.18484271852943254,2.252674996066472, 0.2049300167236615
98.54099967939801,11.345183735571224,20.831701615692538, 2.559168794431189
26.199782706948007,3.253484456594899,6.95243165996241, 1.734120735204193
0.06652742614662133,0.018437745232096063,0.0833051651025885, 0.001
72.81283196139164,8.697906125601474,93.07282711741223, 10.799317424193132
4.770836383555289,0.46636874249134747,62.746178234817776, 7.601688920973299
1.9752706185530071,0.1599439005796612,18.44515650193993, 2.2463639573808325
1.0030800322419111,0.07601198175112493,0.8977328057251869, 0.05882097631062099
74.18373139906758,8.84434245892936,80.5956272368434, 9.52072781065495
51.9999822649666,6.3874334572413165,5.268946472147287, 1.3868419366622404
27.34963374668822,3.4003571904564818,5.0568846010009, 1.4045316789428346
7.376776400682919,0.790314525730146,5.3908243440023575, 1.142210384379453
6.640413849058566,0.6967607667252617,3.3285046764058883, 0.7427835785219628
89.79082407375758,10.467573172763826,24.668710907051434, 3.056876206785091
48.0128199464114,5.924254152237764,6.896180891944674, 1.7271119985904744
0.5410338832655883,0.04388404875166619,27.789361576411267, 3.4563448763811913
10.506389229851719,1.1973219077203767,43.95038621691285, 5.444796922670422
45.16742627516666,5.589251541699016,18.042788661310198, 2.193416660945709
31.54524254476324,3.9304610556212336,4.458257887630681, 1.4213052860443178
42.88919774015305,5.318260661151863,5.162990239518165, 6.367432861464871
11.557439628235752,1.3358936194968418,5.263237664456053, 3.95383959535733
2.5599881425663207,0.21789351030962187,2.2178086064836773, 0.22813503646535163
15.934455172538101,1.915194927642854,2.794648967510486, 17.917603154080393
3.0868491844215384,0.2735405812810474,11.182457928288725, 1.2863960564652086
0.2761276124355696,0.028582570700301013,69.55110803550731, 8.346816782028302
0.4251026703029981,0.03687291451246567,55.33927235653134, 6.769939090603651
38.30118039281053,4.764828337388314,3.214424372946141, 0.28742231240172217
16.650346953636888,2.0097974633771027,8.01196000645453, 0.8736021374820916
47.119120657308535,5.819441427067433,63.27592412830285, 7.660330283401305
15.779353542763225,1.8946843302080802,5.37321485383354, 2.9220855809981754
12.270189444625863,1.4301090911793934,5.1294560866808325, 4.1264250308304815
2.7968249908037497,0.2425530727148392,3.5015732590251547, 0.25592613217773985
22.912301539749937,2.8299055022602913,46.97687384332256, 5.80272460145273
49.616918735329634,6.111461718903943,5.022311094169746, 2.8842725627351706
18.9847767307198,2.3172836047698446,91.24502107343328, 10.614952621614584
26.96104809709872,3.3507981877688744,16.231451385308016, 1.9544559165053985
63.59364765456145,7.695448819325679,61.30155102889768, 7.4412114486798595
51.75671217645141,6.359377424513121,15.490624860100112, 1.85649105611743
1.4412507381544337,0.11153958789345444,1.4303382190178482, 0.10181132714407083
51.5145586984224,6.331424161006645,5.380737206428692, 1.914422263871031
21.627957514139663,2.663011588160244,5.136840472059429, 1.3366746906060072
0.2528587137824181,0.02736539464875271,0.2525691096465063, 0.001
1.2266520027082213,0.09360245923135678,1.1691598947194257, 0.10000917990630645
19.16950800977189,2.341537558312602,41.65115341086152, 5.169945133085672
4.878016072274914,0.47921116531128527,5.28755818976044, 0.4676032748178958
40.15149471469791,4.989280225286977,4.928745319018395, 1.476825730439114
56.57577072234462,6.910363147385656,84.78812996679038, 9.955702600060913
30.95181290415621,3.856040306787657,24.09807837561706, 2.9833011365959226
0.20758603469478154,0.025060302031685324,0.21881829395678695, 0.001
11.615344098091033,1.343541845157274,4.612281015344101, 1.4476114062496102
1.299526197353456,0.09958425899785285,1.2408890962402799, 0.11224664598226838
0.0813493759982511,0.019092274063509065,0.0, 0.8604648876037232
1.1070571911407279,0.08404479665905995,1.0833593077830925, 0.08686301566352288
0.45826403118986603,0.0388303328516574,0.36832589650428815, 0.0022402344571603905
0.810265429234097,0.06185430646598474,1.1018370026050404, 0.10447312986878972
4.41086543306758,0.42365509712159094,4.918987358346972, 0.4233184556422447
0.2879236254336299,0.02920787187108188,0.32512655464518725, 0.01850423104755783
1.5095762727978457,0.11744766120012512,25.824595398603734, 3.205415072356577
11.32846739442066,1.305662500825543,6.458761609314607, 0.6738806569733224
9.162323293724318,1.0211632612072672,40.70841373882132, 5.056502453932302
5.904954786310685,0.6046976657720673,71.68269183968363, 8.576689668592321
68.84830058471091,8.270663738640023,16.300868295178695, 1.9636296262778339
0.7209340826641419,0.05564597533522622,0.6781162073465072, 0.026848084863677603
12.578979506128439,1.470966686796227,5.082029409968123, 9.407797906006426
63.891499846902164,7.728335304185593,5.363768141442345, 19.020261890516906
19.544109098147135,2.390680467538034,12.952802453571422, 1.5204512266551367
0.9396005014030884,0.07124150167985478,0.895264688287883, 0.06727758499371499
3.9352220010112067,0.36832718712956164,3.915755264860353, 0.36637758108771373
12.641594468473956,1.479253801809369,65.11495220381761, 7.863059870316395
9.494917307002517,1.0646107759346266,5.105046232724896, 1.3777012407228573
63.00203842224474,7.630025622178933,5.33677078507685, 1.3439982809227073
1.0686371305141322,0.08104574352861266,1.0961856021099254, 0.10925829861922341
32.14969374271998,4.006074894279096,13.477227071105515, 1.5898978922896614
78.45109738581834,9.296035555290077,52.98750985257101, 6.501056276041854
3.338730126091874,0.3010851129923409,3.6944660613447735, 0.29168947019657204
4.050061921841296,0.38155913987309326,0.4028442417728042, 0.03558131632552045
1.486591218599791,0.11545001610209062,32.542031474144025, 4.055052336097762
44.53461389073482,5.514229133591311,32.61382646389858, 4.064006167064854
6.711038777314797,0.7056791869086955,5.63840652113719, 0.7422651506928079
1.7896803641540675,0.1425695398352774,1.929569395034153, 0.13780644052155147
3.8008560184116504,0.35295574643790445,3.8709961512629687, 0.3487685040922243
2.1153474758375896,0.17340543970113734,1.524868455230572, 0.16401539926854633
3.298991964642103,0.2967031131180844,2.9371713470738374, 0.31908762878838764
0.4785300982509113,0.04004579608416426,0.467482368758765, 0.07251966652983051
11.159482300866722,1.2833651906572077,1.6657407989866302, 2.2961567863628582
0.8781326978895121,0.06672316975806586,0.8578226302805971, 0.05737818786854308
6.130941163392567,0.6328183220570718,7.294266221414699, 0.6054275407131954
20.022159297686795,2.4533149451906824,4.8383810090384385, 1.4138828875161111
16.813499697967845,2.0313404256385157,68.33599998336459, 8.215038899655362
1.2575966587124405,0.0961283155803149,1.2260338072573984, 0.1249107960678211
9.838396506125651,1.1095879587875026,4.140849203832356, 19.799529007587974
15.85672596900395,1.9049166247095561,22.122637016282468, 2.727382449505233
0.6511336096860072,0.050960982791160514,33.02965838567712, 4.115813339053348
15.173023172161315,1.8144625821708922,4.958625764443898, 2.3423780620539816
9.989021952361282,1.1293427311570807,38.01687404417345, 4.730188001145886
24.386065987015623,3.0204531428962262,4.963306206958771, 1.8807006738469907
56.84126230174992,6.940429946101625,6.120736331883145, 1.2341006984956377
0.12188941362261674,0.02093301850227797,19.258165179023383, 2.3531730941660154
18.174201309953446,2.2107151505535962,8.087034861930782, 0.8815723479927431
18.710847355927964,2.28129543961035,6.870189480040143, 1.2919411123952687
3.6487122783872348,0.3357017314497811,4.2312161615880015, 0.33852846338032766
0.598807599138256,0.04754861185927004,74.88458957393826, 8.918953786953875
24.85755234869061,3.0811892336046336,11.64479081105038, 1.3474317252583434
1.498057309659952,0.11644526889490368,1.5404518670481178, 0.11280957299860549
7.454207969705793,0.8002191256026112,1.2413377922526958, 2.3116278343786116
34.51808567207842,4.300514833260769,42.83491716362211, 5.31177359605037
16.488688515221902,1.9884452297917168,23.904911246756406, 2.9583587587094913
2.337924609617034,0.19535953965771954,39.40059314161598, 4.898399160607908
26.45120661410977,3.285657102405799,0.6146877790689282, 0.04857498252983917
0.8523893171832291,0.06486124695445628,20.09460606343881, 2.4627989738249623
0.36102509792554116,0.03320402485756532,3.237357559033037, 0.28993301322717857
59.28645961505653,7.215971331928243,4.083651836744757, 0.385445244237683
3.3990271599722277,0.30775915073250776,82.18193778661767, 9.685968304055468
0.2243683313418008,0.025904954849234406,48.92229408577023, 6.030539243445373
81.05138460116652,9.56828573103018,23.812151247812086, 2.946374822807917
74.53041625181542,8.88127076787624,13.67527782899792, 1.6161289885785783
4.9051205947366885,0.4824674011804963,6.419189780161212, 0.4722627443079791
27.74361972342362,3.4505255165998854,11.743838397497608, 1.3605179786444277
69.1703828670383,8.30558556193647,5.036756299180903, 3.7380604284574166
12.454610470890998,1.4545084861415034,30.219807789593894, 3.7639876280217095
6.746595676304775,0.7101739440729763,5.538142463652226, 0.7265201906427372
10.039694184059595,1.135992424395075,9.419871506751605, 1.0547979243894263
2.9939130097671978,0.26352188917088126,2.970803273963139, 0.27299804997537985
1.2164316628771,0.09277290064116234,56.451758016797186, 6.896308632951286
22.476284862679464,2.7733328152707744,0.5171076938242065, 0.04239900065783936
3.240066103373943,0.2902298430596109,23.59298867247475, 2.9180439963604305
84.52004723396306,9.928055462131482,5.440640210114891, 0.5474559872609858
1.3101297000831598,0.10046423217998143,1.2692136780716818, 0.09964488225688055
68.52769666109205,8.235864361988584,2.0900715945270787, 1.437503139375464
12.148648598504014,1.4140330889242347,46.401188680293714, 5.734973782173677
14.094585051708624,1.671666173881121,4.8625585081678855, 2.2964211098528042
24.620724622589638,3.05069523283642,30.321905687142234, 3.7768436618579115
27.089981200867737,3.367250519973792,4.908095151101436, 17.767888842835315
14.304360419113783,1.6994494825279836,0.82878326347815, 0.0631700357484383
0.12706263472941015,0.02117316530802121,88.01410097099891, 10.28665179069187
13.283845855483555,1.564286984293426,4.871190494817622, 1.4332968672541118
19.44981157152182,2.378314905785402,22.625703301938504, 2.792729717204938
24.97678587915805,3.0965312239440808,3.7475008016804434, 0.3468862173208672
0.051908639308057,0.017802023229919018,41.55029902575122, 5.157829929615447
8.397816764209935,0.9217606431660096,98.45178092479276, 11.336344331130286
61.25952374322576,7.436530429552814,87.33947104301957, 10.217705821704985
0.643554901123981,0.05046136922259008,0.6045222976764525, 0.001
17.824579107057207,2.1646802004623478,40.98771802379381, 5.090157673963297
4.4860623517184255,0.43252198538508313,4.516846814854477, 0.4260628909173512
55.52593467087139,6.791179041231056,6.833194451830066, 1.1286208819272237
0.8867930841950638,0.06735362036656684,0.8301613075293385, 0.07919522250670746
8.57235906769689,0.9443910146798002,2.2842334538878113, 27.356732251972865
51.03358109636513,6.27582473681926,2.284233226838995, 0.19000327596136873
1.0973857918781245,0.08328650276577249,22.302164733273468, 2.75071615497921
1.3638851566381893,0.10496191607691974,71.0811397758978, 8.511983118909377
23.581557164222602,2.9165656248689054,0.8013873226648454, 0.06122694737896045
11.048114352924614,1.2686773337991153,4.9007628779479235, 1.4259027484460853
71.1343060522281,8.517707220491152,11.375041559690615, 1.3118100028049238
37.58456304623956,4.677436106217297,4.237040220732772, 1.1730866934399993
5.1547552748665,0.5126123631206929,3.6349316105787426, 0.5241557536813182
0.26443963839253937,0.02796846527333805,0.3214490846336555, 0.031014939185062904
0.3799397974013412,0.034271209170326715,54.342735187549295, 6.656293411563002
1.7641298538705752,0.14022115746416453,41.0257708707543, 5.094739929056314
1.1363397911526572,0.08635428526904128,97.5313256587863, 11.245021728432164
0.6135863368107664,0.04850353216422255,81.88258731613814, 9.654848071910527
36.70713852470456,4.570078015734395,64.69015154616083, 7.816346766264589
39.96260922202494,4.966446029684762,58.5924194850123, 7.1380126575181535
10.666298032904619,1.2183680596038748,4.895121160936685, 5.068118572612762
31.099148096831186,3.874534470516948,39.36446884706412, 4.894019960972385
29.51514827176048,3.675109409703131,4.876156826888995, 2.666003390425472
1.374785429372619,0.10588128483450827,38.34153495739441, 4.76974189072265
45.80903310144556,5.665122609502764,2.947722150321231, 0.2585729798999925
0.7051721536125832,0.05457503472505751,0.734908760503802, 0.02448287249416982
35.17775042658409,4.3820066465038074,2.432514177280323, 1.2406178847545113
3.8229935743806704,0.35547985339284055,3.0821194207428593, 0.3653575843254034
2.277060924280109,0.18929059914245244,2.927178337630758, 0.17809273390220529
0.6061799703516149,0.04802409414474692,16.665291460807723, 2.011771043034891
1.5561857390622342,0.12152944646134028,50.080496968340356, 6.165346043226834
6.398281793051876,0.6662823151716276,92.3434246447979, 10.725861454795941
20.412596374738747,2.504401722999156,16.178462708391088, 1.9474525379362606
69.49395032503521,8.34063017631262,22.282234954107295, 2.7481265592802466
0.11161409772333508,0.02045952992525599,0.11978463988594665, 0.028613846122429024
6.230042648949861,0.6451991698433679,31.735300053516724, 0.6331187324204294
13.616223148107235,1.608307284727226,8.05975834917691, 0.8860386217060809
10.348672281080418,1.1765795923071047,26.78710469379633, 3.3285888602579012
21.73229883868945,2.6765983533961157,5.018635000758102, 2.4426860761815794
21.11339098214693,2.595936702538226,24.737581809040705, 3.065745273494408
61.54661289694844,7.468492546989775,40.14099367922271, 4.9880112308669435
8.977023588194928,0.9970067370226504,6.0182065545807735, 0.6187702264141969
3.4601621653763006,0.314556019675143,34.590773810387155, 4.309505403513166
69.81900980709693,8.375797926929346,2.184189112556533, 1.2221147103159566
0.16931647297180707,0.02317831135145161,0.1653696366676119, 0.001
86.51005203044865,10.132750658279273,2.5981602233107695, 18.528915605250113
0.08633566016120486,0.019314705892542236,0.09297963930474189, 0.001
6.432396516892826,0.6705670745921125,20.926583813234735, 2.5715572564777016
4.824179685844764,0.4727536147126779,30.151197645165666, 3.7553452695424734
1.475177756934357,0.11446186208281646,1.1724613001840103, 0.13689442522152928
2.3073527641255502,0.19230511922724164,3.2169569619684344, 0.17250253753502595
12.516651946660824,1.4627182965404864,1.1535101442370816, 0.08771787690069012
3.2596177625605156,0.292374389098537,44.6415999638436, 5.526926151824729
0.7368417086806083,0.05673437176070111,55.093822286401895, 6.741987222726236
0.6210268552735163,0.04898695220151715,37.89631429465985, 4.715486461622172
3.627374674125573,0.33329527747983,3.8459574694136105, 0.33339431933372765
9.739128301443603,1.0965787684189314,26.404817274390734, 3.279723464618294
2.511191734215131,0.21289106930272225,2.0811565844103965, 0.2166681695042917
56.31149775014,6.880404971364859,2.4968973245158415, 1.2139530516323165
14.805243780656951,1.7657768406650018,62.114575268210125, 7.531628333915396
23.02256519099343,2.8441979248297704,17.395500559903784, 2.108130370516612
2.710484053187955,0.2334923581734575,6.88307598713112, 0.08354510519472956
1.802544050330095,0.14375596488305778,1.3901048041587303, 0.1348310293866296
1.3530349161905568,0.10404920937900852,1.6029702457718489, 0.10029237971748925
0.9130145875420357,0.06927483489542098,0.9993939632770891, 0.09447960919969045
3.890020607292973,0.3631426067299923,25.460033711892752, 3.158638831199768
10.828429151297543,1.2397215980876097,21.109382179567692, 2.5954136890608623
13.751329666105505,1.6262020412516802,7.572628190775141, 0.8153889214023629
4.143854923205911,0.39242777583378047,47.78051246490413, 5.8970447450738375
4.215341092100114,0.40074749954363453,2.2283389511333587, 0.1844673118145339
3.7788200738955,0.35044659267409645,98.56706559456583, 11.347765820253201
6.0982101205906565,0.6287356370175092,4.810333587218085, 0.6430968965418434
4.987186371178317,0.4923469474553863,4.355812733982971, 0.5025693449226584
65.70767806717149,7.928123597554741,0.15468992910601487, 0.02247546817452443
1.8677577199070252,0.14981224512020347,41.14306545210817, 5.1088598340269415
0.8695120627848683,0.06609764451677588,0.8303296050775217, 0.033189290590981024
3.980841218325323,0.3735733047710327,4.278783856516445, 0.3869293897533216
36.361781170143026,4.527713741803262,4.923482066278746, 14.174485912213651
92.3318705539913,10.72469663612015,32.59214906464475, 4.061302977929958
12.028220937490604,1.3981079629663133,4.940264286172064, 2.6147710335455034
8.269001811442855,0.9050860224067604,76.58626307969305, 9.099406601717964
0.1965258287320717,0.024510051807820402,17.42841019988836, 2.1124696299357573
2.6094626937385854,0.22299352475775558,19.68014824859254, 2.408513640228865
2.173207714895005,0.1790479878124109,55.26350396700944, 6.761313320616782
2.1010480209356293,0.17201820340548632,1.199787270800571, 0.09142694182564712
14.588602854135475,1.7370915536825409,5.599751278004557, 1.5670745321835142
46.02487743965627,5.690602879421652,16.148867261606053, 1.943540715182054
50.32036190307799,6.193188856845689,4.766551768188784, 1.6202726906612477
3.7350511557749995,0.3454728611642787,3.664943682069939, 0.3492645505151202
7.2619567480478775,0.7756493083276078,5.265142958901851, 1.6394412378214807
12.831177055992146,1.504348950521093,5.043989036076757, 6.11511956181658
53.986963829670366,6.615617795810126,26.013859394487188, 3.229672696540176
26.832706796689347,3.3344128983783596,5.064652121784856, 1.4032884657182367
14.23411335572396,1.690145949618554,5.064678171475291, 1.4046243965074294
88.95927651943882,10.383015642443091,15.13951555439246, 1.8100276314006323
26.70495458326033,3.318094433065754,0.2841459288885102, 0.029007017024517766
3.4396900067378535,0.31227663796060545,61.96071876664773, 7.514537967148433
32.610388035436586,4.063577408614901,22.003754264958857, 2.7119228040739207
78.08641659409561,9.257675076457161,15.103574623976442, 1.8052704471757133
73.49512824332727,8.770869621531634,2.527019550217947, 1.229878930262936
1.0402825242321478,0.07885544942540325,1.1103928222786692, 0.08113384434071323
61.8350258671289,7.500569059842947,4.87191483457995, 2.8689116600701716
46.241717072476824,5.716178580938376,71.46397887586784, 8.553178557627646
46.89825373922061,5.793481135512768,1.7594873712749766, 1.2696925488756325
4.851035959658134,0.47597326404909435,3.3537104356411334, 0.4932439381853827
22.693290245752248,2.8015001593688402,4.878686250284289, 2.8644790155447937
97.17660095852473,11.209765343102703,36.65358085607727, 4.5635122031990925
0.23001410000427014,0.026191722735595384,0.24562279712297763, 0.1291284374817442
28.548093903193678,3.552714097467196,4.334534630934709, 1.4167188470557637
2.939168835815193,0.2576588463706011,3.7909658783388283, 0.2050727071771641
1.4525077566201094,0.1125066882818799,2.468339494855174, 0.06613972019707635
1.688873862595615,0.1333685297953119,2.0242654742296287, 0.11424563382184999
90.63005812091889,10.552703777764616,12.630594904592485, 1.477797956841555
8.616498828148782,0.9501203667957911,11.202935248481818, 1.2890975522961217
3.1056943345801997,0.2755819197261575,3.1585786346864775, 0.28847796737135145
97.62930980674521,11.254754309298884,19.849431753898607, 2.4306945663302066
1.0591420794529802,0.08031008361897299,41.041776666947094, 5.096667104531755
8.75014308321877,0.9674825069961244,5.027531038475751, 17.57057923734434
17.566552447315285,2.1306806728343193,22.01276261805616, 2.713094486266138
60.973752329639055,7.404682380921611,4.876356051803717, 1.4319323842665037
19.076929903343192,2.32938427578099,51.087915573015685, 6.2821107825640885
21.01189044664291,2.5826921555291675,81.16668581989971, 9.580306647831106
6.3305213867119665,0.6577812182537421,5.5313579334463965, 0.6828780152473878
9.023029324930393,1.0030007480016871,34.19822780407464, 4.260920103058545
76.28796779070159,9.067845484426373,4.82001382148372, 1.4681824061338795
18.262616782742565,2.2223504674068812,5.128277296622273, 1.2583980039817846
28.684345142566674,3.569988201077396,5.222936863049255, 2.355759504880528
59.843723523694166,7.278424366719924,64.36552369109306, 7.780602432730157
8.311742740475271,0.9106160628950913,4.915218963025845, 1.3817019467840865
34.19277771749146,4.260244985690117,4.8991318240405, 2.433103145564758
38.12078784880716,4.742853763486356,13.0680692688553, 1.5357132993572964
0.336208179335729,0.03182431448180864,5.0946208481722115, 0.5053258662932281
1.320782097350472,0.10135067572062431,30.54623015707399, 3.805071179973733
73.83863783090533,8.807542195292584,20.17616233958401, 2.4734729705061835
45.38031205620082,5.614447224766034,5.004512987812634, 3.7621905532812403
17.911382412962983,2.176113344763087,38.71752079038167, 4.815482267835382
0.018572643824220192,0.01638938127437956,0.03547601360464361, 0.022841830362057152
7.934061774026112,0.8618447111796015,40.39698404037791, 5.018930686591824
28.277464734765612,3.518374794278746,21.431702022363364, 2.6374430683461654
10.559447129234723,1.20430335739498,44.03262393836493, 5.454580309343243
29.939229252999965,3.728629507552927,4.89200607081626, 5.779123982320427
0.32396993108847605,0.031152585648524477,47.670580154949704, 5.884160053923755
41.498306893760365,5.151582386474706,0.7334108891066569, 0.05649899745877117
9.115678197225508,1.015078889914445,13.967903701352055, 1.6548874016993225
0.6587472649501049,0.0514647117667952,34.90303703271064, 4.348097190767352
20.71017562294079,2.5432959049637502,63.42153185739343, 7.676429439325142
3.5221467879229467,0.32147752170287325,49.44732895738839, 6.091725049975247
1.6765319229457178,0.13225403587821896,1.771481822484889, 0.1059432515336238
23.356416199265063,2.8874366167672227,2.156281806846085, 5.478677202395857
3.5429991686720967,0.3238126995653171,2.70729296037141, 0.29299171306187005
0.6663960280614059,0.05197258322441275,0.6115952249150758, 0.0938568915271534
62.124768758107905,7.532760295423687,20.639526998798036, 2.5340653766379733
2.5436477855785484,0.2162152628718588,2.2645265543016198, 0.2256206106018311
34.031242754939434,4.240228208800377,5.387649739628553, 1.5463867130785258
1.1660293429393476,0.08871641927101798,1.1053958964258617, 0.08967525593562027
6.782316534146772,0.7146925333973936,9.389674150260321, 0.6889267469458711
4.096742673429575,0.38696166002711857,4.668876934371177, 0.3899592231424665
1.0123165717578066,0.07671470709307948,0.9737906972100973, 0.07945156463841076
8.660842124472964,0.9558786549648647,20.569220934037208, 2.52487750670351
11.673515575212802,1.3512265255816807,44.31274631460304, 5.487880649572718
0.027987921754839995,0.016783101972092495,0.030064478822396858, 0.1422479811106307
17.99858598353726,2.1875967666527014,24.93967307325739, 3.0917566122700153
11.385316034727634,1.3131662882789772,4.871631578988466, 3.4048462464736624
51.273516705633924,6.303573365346158,49.50148025009863, 6.098028533823471
1.0781759648554923,0.08178701057191075,1.1631406912198532, 0.10972366387604508
5.873261021704095,0.6007668168742232,39.41136911778511, 4.8997053613490795
10.401002921039831,1.183460155709758,0.37393553040657035, 0.03393099200998712
5.936794696205772,0.6086499244631779,7.717745188729113, 0.8340137731968144
2.016619121012575,0.16388753089483118,23.24383861646479, 2.872862077190524
4.386029543382457,0.4207333491288196,5.191543780108666, 0.40628678030555193
6.033198052179177,0.6206360926876762,6.048084726784556, 0.6396593235004521
2.592895248402315,0.22128258518921928,2.8394123879404014, 0.18619030413688362
7.650932772302957,0.8254341176802216,2.7020465022685363, 1.2486145499095231
20.2164797260721,2.478748659500249,5.246514050491441, 2.8982209247570854
22.261267018517234,2.7454018719963647,4.951447414704295, 9.328158842107658
0.07144536380154576,0.018653810169061508,0.1015331658512493, 0.279096972409877
30.51385253811184,3.80099861646517,74.67419637923078, 8.896573783636331
1.6156667852726696,0.12679727898846857,84.4750312981515, 9.923410804219253
2.72759372031494,0.23528156316670773,8.380134732402443, 0.9194703835553171
11.215551722436011,1.290762088331492,85.08630591547352, 9.98642687707727
57.64510500487572,7.031285230322347,53.94466799884754, 6.610778449164307
95.83090391711536,11.07569662303291,0.4171260305242015, 0.036407977803178795
5.269065352411835,0.5265050501386731,43.66994537655115, 5.411409921825109
2.0305292600320595,0.1652199427387851,1.973175466680002, 0.1617117140515553
9.888374178513372,1.116140625123278,2.2331725097827646, 1.4027265229821155
4.959705166539568,0.4890352088685525,29.101547253138097, 3.622821562274423
1.9344888759617103,0.15607966918247707,4.228444832648723, 0.40227584381039627
12.392853765693859,1.4463371111056513,7.650890488036731, 0.9753789823390938
83.73677439942138,9.8471481467548,4.892794472332669, 6.381927489126495
5.686130134652758,0.5776261487867975,6.657489125454018, 0.5563225874241652
4.312203764625508,0.41206866109647344,3.8232370184011426, 0.41497861003634856
58.187196888296214,7.092404323751896,4.06015430269774, 0.3827260117089382
5.810309248206048,0.592968977225112,32.83881900994412, 4.092048455353664
0.9042338444520548,0.06862942173916478,0.8276526138338839, 0.08178081839821912
52.9843320582638,6.500691331157278,2.431370015544754, 4.51889634147165
3.8452332103500924,0.35801898474440086,89.81873779235313, 10.470408056313078
86.10838061106992,10.091532744869617,0.09341704358391678, 0.019632524581119724
21.52409511660407,2.649482345119368,47.17140413413651, 5.82558340850729
38.6644647777224,4.809032081645183,44.51972927262762, 5.512462206571923
3.3188153409030567,0.29888742095898124,2.4969481510739433, 0.3087832817711796
23.9231767031401,2.9607180334513505,16.687007447077747, 2.0146387676314377
7.037017335713632,0.7469984822475685,16.350605548760086, 1.970201922203061
3.563947703262178,0.32616199574650134,3.4076408122833706, 0.3137002641691974
0.0913449369205439,0.01953929304995884,33.166329780080794, 4.132821127976761
10.774136623570904,1.2325693774412663,0.44508200152037136, 0.038047528354421836
0.317892904860106,0.030821178217867555,6.836401040021158, 0.7215399154594131
0.04227427300169162,0.01738844176411285,72.70953351629015, 8.686845316087291
0.29982867605558794,0.029844531481224068,0.25090440448849544, 0.004580024667498124
94.94403564428927,10.9870619667501,21.565998248964263, 2.654941278082726
0.728869599669415,0.05618797744262018,1.4665384070817504, 0.11371557315113873
2.2025395772304703,0.18192612743946673,68.55222439040364, 8.238528017031326
19.355946870846033,2.3660026897628246,11.63913725449121, 1.3466848729134613
12.088296259282046,1.4060517374921644,4.890318376076949, 7.204950603631927
36.190290474789435,4.5066546451167415,39.597258224852425, 4.922228604345571
1.9076120734557755,0.1535469906876937,1.8172789628302057, 0.18357625606698816
25.826957952797258,3.2057179884656923,5.017385019638124, 2.014027900161118
9.446745602916458,1.0583113218102493,12.7547204536481, 1.4942276981091525
13.218282957212594,1.5556045620784695,4.427349992452858, 1.4257306398295002
4.191402659766886,0.39795808478025746,11.885488139944977, 0.37549445528011915
26.074935617120058,3.2374968493425778,6.4950024504591095, 1.6773687204275305
32.45611624659835,4.044333983162884,29.660395957880546, 3.693450603425592
32.7653711974855,4.082897075736152,47.41798377621093, 5.854533144914594
0.37360586930715445,0.03391235154595465,35.136627558300496, 4.376933092733475
0.20204321092398736,0.024783904380832767,0.1509420672606118, 0.001
10.612749687531197,1.2113186975276264,10.797220847711008, 1.2356101820678838
11.908896265991935,1.3823325783710967,16.10121662809561, 1.9372420232375054
0.49219703883509336,0.04087358779246264,91.46305545848169, 10.63699619780323
14.660484528328325,1.7466098404754677,4.987026915982119, 1.590626804294271
35.34457212917844,4.4025794110089596,17.174449953720615, 2.078975833795446
29.797218091536912,3.710717790085232,2.3383147848062538, 1.6654864622362866
0.5339605328008139,0.04344300666305214,0.4847323653788696, 0.021878452630452242
0.0763859788955914,0.018871980983517986,0.057009016566731394, 0.001
16.24897277681488,1.9567715373588488,39.453032276615836, 4.904754978719578
94.06529014323884,10.899019192177809,38.82925263087489, 4.829061224818479
67.57468734136253,8.13219747842794,4.905389709746795, 2.454549645002173
2.9030902315631852,0.25381086894137234,3.0941659638370362, 0.2423743766800099
6.535687445705443,0.6835593714212247,3.098248866477742, 0.759949247180423
0.2187484767755925,0.025620808221006933,40.86005848849977, 5.0747799183844835
40.34125119020181,5.0122018411205245,0.1330176586458265, 0.021451060005690147
10.720093298720597,1.2254515754915056,82.44884443368653, 9.71369150008925
5.098384251159436,0.5057814255704046,5.613066161321252, 0.5020425262510402
14.164188726580317,1.6808848985116958,4.403665581856156, 1.4236028759868606
1.9889900926610835,0.16124955805362617,1.9166861270762199, 0.1809327698786433
24.153556575402323,2.990461296198668,23.459496973536073, 2.9007763546509593
1.087758784369143,0.08253391888652917,78.47396124896645, 9.298439112105026
49.384586916055625,6.084419895880864,34.22770444098377, 4.264571189178426
4.263549618200662,0.40637522768167467,60.799001892564185, 7.385191075542319
8.931229017938577,0.991042606387791,20.625125978505586, 2.5321835654674523
0.3991173618726547,0.03536682459883348,47.465523863739435, 5.860111356195778
8.226457063411727,0.8995839962406638,7.117104912472862, 0.8850547921002765
65.40148961097702,7.894529902468319,5.05867121290716, 1.5010320467629321
5.240290322345517,0.5230028118477997,31.394246048317797, 3.9115423581168094
33.23462180121258,4.141315944600372,47.47072342121299, 5.8607213931392
28.009314242188633,3.4843125309752105,5.138227337835836, 1.4245660236067386
21.31779831955949,2.6225956461577846,5.358470134862752, 1.4983023356110765
15.322520126617647,1.834247536626748,96.26184795265495, 11.118685718465676
12.704498158960478,1.487579786888351,58.05542412353013, 7.077558550345397
2.642827122528032,0.22644849009480764,2.4502798026168233, 0.25692363965471116
7.186285996098924,0.765999049914725,3.1797279832978713, 1.2847427867556946
0.636010978858552,0.04996584411910212,0.6183313434817614, 0.06075493285328224
9.78864823141442,1.1030673818328864,12.447995224066684, 1.453633149249836
15.702336256206994,1.8844978792338805,25.866913429559556, 3.2108404727763027
8.484686421776885,0.9330186531882076,4.89270898187597, 6.68750049874029
9.398795007106598,1.0520429606758297,36.68099308976588, 4.566872943134016
13.349711075324755,1.573009752255396,4.919394502817776, 2.4503834259287673
18.620374503370886,2.2694033958013606,45.85265289229676, 5.670273663520055
16.012542798525892,1.925519404356999,25.97012232699553, 3.224068608474886
11.968421361618788,1.3902016236809034,11.710776898672618, 170.9084959295747
2.044503541046201,0.166561369509467,1.8898114853719346, 0.16456165383783855
22.584537967563072,2.7873868375329733,0.0156724841423587, 23.4897120179712
0.7609792789625973,0.05840019295258598,0.25244582570254065, 0.01988338249787156
39.40113875451736,4.898465298006661,1.5253203152791759, 5.053408208742675
0.10143289280820933,0.0199950001487027,0.12723340083475365, 0.010479356783273283
0.41856144447739974,0.036491473893602355,35.11121573750693, 4.373797460944476
79.18551153714645,9.373153984076085,1.046939461776374, 0.07936789551152527
0.6285016832205073,0.04947438067121598,22.6415233135497, 2.794782797812607
15.024895451084294,1.7948557889400778,0.6501174693983847, 0.050893890829435594
2.479032945823049,0.20960957505339048,2.7332053058085815, 0.2175650363081322
12.33138052397157,1.4382040273455692,3.0651214337583035, 7.091196753002965
11.499800940082743,1.328281710120964,6.155584441111777, 0.6358943120203231
1.1461908138690466,0.08713576685156618,28.140539701266647, 3.5009863200885905
10.193117143059025,1.156137594074655,6.72007811712439, 1.4517194933646282
0.8269987984716995,0.0630428247775389,0.8754670538663285, 0.046653966409452505
0.1801251665378809,0.023703577248715243,73.55515419384237, 8.777280874923703
1.331483614616344,0.10224362762468127,10.148938031427956, 1.150334924240075
7.532355285167936,0.8102269511132487,7.9902492734633475, 0.8702853571212481
6.9268547272628185,0.7330072367798462,10.374983277079442, 0.6883531383445735
2.8143327905411604,0.24439991488032772,10.225295550872048, 1.1603649047319813
0.013897392123502827,0.016195426313385303,28.75249894656405, 3.578625205252303
62.70826886069483,7.597488247523623,4.867270354313703, 15.483640693389818
8.441151680692835,0.92737541198194,20.889356321182344, 2.5666970445014203
0.14799516761182674,0.02215684219313242,0.17471208423815096, 0.04871018991960878
4.691736095177118,0.4569262726353223,10.976357737403008, 0.4489693675501886
0.9575293922934969,0.07257828644833299,1.0565085337106717, 0.08465655523631267
13.887685054692351,1.6442624119744407,1.1791787300638672, 2.099714833283761
42.287612810830595,5.246285276445466,4.962537345054374, 21.24646071965709
46.45955658937837,5.741849999776006,9.604834795347152, 1.0789927780912585
59.564450637654225,7.247141787421355,75.90504467402248, 9.0272859856062
8.795102635720019,0.9733283055089795,6.522301327933043, 1.6807396283163338
98.08410617173911,11.299893639530389,29.66263779830834, 3.693733606228836
0.2702701826031997,0.028274128618645603,47.19872467262917, 5.828792372903742
2.3999186945035498,0.20158977042332937,50.69759734371763, 6.2369249449962565
74.87869972683022,8.918327478309044,0.31873294686006104, 0.030866904308494394
93.62894015670012,10.85521877060111,6.002550460550082, 1.6169123181148815
77.00238683764375,9.14338421164627,69.95026061177465, 8.389986881127706
33.39248341032897,4.1609429987526925,1.53647919290807, 232.38102931403836
0.8609309964229928,0.06547701381110976,0.7996689292295868, 0.06564119072888806
41.89114423669473,5.198754130547824,5.377730597464966, 2.1166199031924693
59.00974457214384,7.184912678508295,5.151305706173321, 4.323553057781721
0.5129346862093145,0.042141980986406195,19.85202290622533, 2.4310339919046484
63.2971626047385,7.6626790358360255,60.3897133219208, 7.339491929519072
60.406138556910236,7.341327187133033,35.58554113895068, 4.432270846562053
14.517051117057623,1.727616531745963,41.763074885242254, 5.18338393368719
22.36852863989433,2.759337893088544,12.032665700005953, 1.3986956619195752
22.80254399901917,2.8156729807766827,14.060321996701607, 1.6671281160886298
4.536773316811901,0.43851873125120033,4.5964180545012265, 0.4266872597475072
5.6248922813999815,0.5700796955463454,5.2940869353414355, 0.5721802806707813
21.942427112667612,2.703945232899677,9.365740608534262, 1.0477231974392942
15.625672479242983,1.8743571073261087,96.30827603815682, 11.12331407403265
2.8319213216929477,0.2462584606913487,2.454195743581125, 0.22788634007368522
3.867575397027995,0.3605732119520833,4.585694415122317, 0.36868407708540846
44.11756517238715,5.464681911715296,5.028342762419292, 1.491710435364898
2.8673420690208453,0.2500109005099332,2.81735009418645, 0.2344050465957533
35.84966689961856,4.464781260899663,8.473163654226669, 0.9315247515193845
0.7772570667492842,0.05953322633764143,21.508848421769088, 2.6474958869266807
4.797446682414301,0.46955213490074893,4.048193986119775, 0.4648670574097
3.220604186365721,0.28809842149142684,3.817124468192322, 0.2931419661357353
70.80320935618435,8.482043458745034,23.181420925594384, 2.864778738209202
50.7947467923121,6.248177975375908,4.9685077842192555, 1.1254177804722503
49.153321500576915,6.057477858055547,1.89713696911896, 0.15256294335329545
2.8495909565252644,0.24812876940670128,30.213937843573934, 3.7632483265728225
5.297973068989927,0.5300268103256609,50.09660721024335, 6.167216883978225
0.9485443261069915,0.07190730541714849,0.6149928758448036, 0.048594780981133165
2.7793975519232634,0.24071787516026621,5.0762963160468395, 0.21063734908097173
1.2472342828110503,0.0952801299342655,1.6283136071053401, 0.08457223385023925
4.932350100718219,0.48574205461856407,5.092101334649578, 0.4831506919519512
57.91552746482361,7.061789675144546,61.02196211899765, 7.410057451305328
1.8545947027785634,0.1485842826096118,2.2542288090638256, 0.11040450781769662
2.2173070267982253,0.18337959101106435,1.8312508587897611, 0.2482498130287113
82.19168486724527,9.686981119786415,1.2455965469348862, 0.09514629371214779
4.587953033774356,0.44458460301842095,56.26629017906156, 6.875277265657355
14.025300857927736,1.662489620826865,4.861737246204956, 1.8656889976960374
15.473398971098735,1.8542119450800942,36.19720383079629, 4.507503898366582
66.63474082691936,8.029620284518781,1.0321188026824948, 0.07822851294964357
0.8954934050010079,0.06798902731929748,40.66222307230201, 5.050932916028337
0.52691964903735,0.04300566456755332,59.19391961235198, 7.205588066376064
0.009243599843080652,0.016003387885836384,6.734805200625692, 0.7086831631927014
0.5199110829529336,0.04257199759138976,30.852695011976788, 3.843592209187151
84.91439458053094,9.968716384989138,38.60392671785411, 4.801670547669852
2.1297128679353348,0.174801986268488,0.23306484151986862, 0.026347225475248013
1.7388133591338586,0.1379050991199878,90.70106017057152, 10.559896556674493
1.5798140971587147,0.12361424829388937,70.25099444419546, 8.422474339711874
12.767691908962114,1.4959447877501577,8.066278478593588, 0.8788934104042022
41.10906752380506,5.104767866866774,2.7153929896757685, 0.23400537673721164
1.5444528383247556,0.12049808520836891,37.72903060128923, 4.695075017615539
40.53188266478523,5.035211144729841,47.22981104334913, 5.832443235553169
3.7568852744353274,0.3479523211493203,3.9116206043332964, 0.35119400869146006
31.695314141494528,3.9492520697780997,4.8637692042069265, 1.4357733178690089
15.397786017007338,1.844207228031428,46.462574472341586, 5.742205487723299
8.1419525126008,0.8886635326286679,11.934748202462133, 1.385750003951842
8.840269504292825,0.9792035093776806,45.149791642378915, 5.587163465326759
30.369203853927857,3.7827975396657862,4.938299595070214, 1.3831915582174108
23.694906865909484,2.93122170362731,44.422450935201, 5.500911859198755
0.4717436403597426,0.0396371689766923,90.17791526337581, 10.50686503509192
46.678400600994834,5.76761742229872,8.126433664444164, 0.8866592101697338
3.713317255789323,0.3430081422718703,3.212819873081447, 0.3466272067570813
13.956334678818434,1.6533550848745204,6.225654153451384, 1.6256952667676479
10.29658183892619,1.1697323972277422,5.03780863785136, 10.64206497967689
7.730898533119516,0.8357037765271317,5.325012007589925, 4.33888627903852
27.48035868435802,3.4170119688935356,4.154113951536161, 40.56917371080723
0.15328876674866998,0.022408621871524072,0.12481067903654074, 0.0011544391551244464
90.20947586037609,10.510066647290461,24.871219477949808, 3.08294816658957
53.73457348940288,6.5867286798595135,4.891563335026653, 5.663750987404561
50.08480127740876,6.1658459029618085,6.598832910264008, 2.995031672001622
3.1627527786871052,0.28178226144011914,3.2774724792865806, 0.2911473789363242
91.90347696892465,10.681480991395745,5.073363771242122, 8.942455727802313
38.48240475722758,4.786887689621424,5.11347181649151, 1.6244066775315946
18.893046541454208,2.3052353629171187,1.2739653193367304, 0.0974729238704909
1.4300453894396066,0.11057942506404453,25.16551333849369, 3.120800625440302
2.576403847693255,0.21958259909701214,59.32088533399264, 7.219833110093304
7.415403128020483,0.7952539759323648,0.36792366677930954, 0.03359169460688456
7.074077376758609,0.7517113912745976,4.8565103497499695, 2.4329408379333994
9.640769288121668,1.0836969307026958,90.56482256872881, 10.546093855715178
34.68186554934671,4.320768398991114,4.850795913788606, 1.3775098646673183
30.659168221749592,3.8192726141362905,55.437737749495234, 6.781145126574277
0.9847339458514819,0.07462261562322514,2.3862292364325364, 0.20020987109186783
0.21315441735986052,0.025339263647669783,54.83850065340013, 6.712883903939601
4.073348608218274,0.38425248767293907,9.293820812835609, 0.3626123595681809
25.459243470989684,3.1585373640817327,6.012724976232956, 1.6181678032288958
21.83712129866659,2.6902428363142303,1.2033745389396966, 0.09171649992862331
0.1065117854509281,0.020226153731222548,55.94391445616113, 6.838686554500513
2.921088038229747,0.25572882636552896,19.860081458495188, 2.4320895972510144
64.49133090470427,7.79445970770753,18.0253648693564, 2.1911226539541944
1.1860512514338497,0.09032089413447389,22.498723492084657, 2.7762463715061023
16.89564074636745,2.0421838549010944,1.020778777025113, 0.07736040802129562
1.7012727130086587,0.1344908392020238,8.79939534223906, 0.9738865860900581
1.2680068172750079,0.09698278405094507,63.007667338787584, 7.630648740585339
48.23882631706739,5.950701672808063,7.4813844261502735, 0.9499011695108917
6.501098616170089,0.6792055044309813,5.9457426270074665, 0.692709083704723
21.2153595537214,2.60923780174421,5.002594382246709, 3.8874186646973476
43.499143131133906,5.391057047937299,91.91345737012757, 10.682488405972684
1.20625823443857,0.0919494778079112,69.82067398798391, 8.375977873478776
47.787850945721274,5.8979046579335765,6.228767371507714, 0.6450396647891911
1.6036608663423881,0.12572876876610267,1.782555765377656, 0.09098632610552058
5.9687814252899045,0.6126236861347095,3.398085020328245, 0.6344853956763379
0.3118437722016072,0.030492713993073704,0.3855396204435072, 0.16171588979937498
2.0726457135004734,0.16927146294501108,3.6454103314813597, 0.11631188692001798
66.9466160122538,8.063692173893335,39.83529892664243, 4.951045576095044
14.73269766103181,1.7561715500254476,4.892932418343282, 5.2338906286623805
39.58743521226579,4.92103883205916,1.4343182346679617, 2.9909838827929858
0.33007497950866793,0.03148695734543395,0.292594634384114, 0.001
39.215697398107274,4.875978120125398,5.980803349263356, 1.6142566969304617
75.22858919562853,8.95551294714611,32.30159823598341, 4.025047403034368
60.68929260775693,7.372948075185582,2.813411035276149, 1.2493231462933139
1.521148351815531,0.11845723393171971,1.5013702351170712, 0.14756596697836763
81.42973735991993,9.607715425784875,2.9402229734376544, 25.055365051511753
0.7448505784296262,0.057285186717887196,0.7622690588382818, 0.06320359901591027
18.530316921497104,2.257563056439249,2.597609949503721, 1.2229295810176601
3.0308311434375605,0.26749201466108236,2.5444063591515045, 0.2559140716985417
81.80983476699043,9.647280431629111,5.027206828857284, 212.52176566790493
82.96067551242973,9.76679103175195,11.394543311477666, 1.3143843740026844
0.4055689277573429,0.03573845167282139,23.40268397512471, 2.893424784847593
19.82961863811211,2.4280990770430684,2.19162426326564, 0.1808537069377426
30.805153980487987,3.837619766212507,5.73073634079448, 1.5836057396663605
1.4077887536937914,0.10867975277083777,13.522930037074568, 0.06875812051758716
3.3587367417105227,0.30329625474647426,3.0326815864779006, 0.3025557276043624
3.6916831144742615,0.3405580942765901,2.4783866232933898, 0.3325973696250953
41.303239528867586,5.128130609310156,33.60705553590818, 4.187600137471339
1.3967369955949183,0.1077401640810887,95.63778438354583, 11.05641492912162
36.881012493497,4.591383703319981,24.290549144042966, 3.0081354505865
0.9938858884720063,0.0753146288976541,0.9438660405950688, 0.04546962219583989
15.24759970690615,1.824332708611711,34.25833708405037, 4.268364985410517
17.73817422860384,2.153297157492741,19.679940039937982, 2.408486352016224
3.4193118153731925,0.31001103722499534,3.021364576605211, 0.30660083015004724
33.5510729459222,4.180647507623565,60.16791057505786, 7.314698372739846
