inverse_temperature,color_preference,inverse_temperature_recovered_tnc,color_preference_recovered_tnc
51.9999822649666,6.3874334572413165,9.102318545339637, 1.0133366885576929
0.636010978858552,0.04996584411910212,72.79704443012325, 8.696215899515321
9.543311138932282,1.0709414463113447,6.194958789176887, 1.2471661591881114
30.805153980487987,3.837619766212507,7.85942369112091, 1.1579243708333404
51.273516705633924,6.303573365346158,5.926964885755421, 1.422158670818185
6.818202106882675,0.7192350558654773,6.787960836875398, 1.1890890528161715
13.956334678818434,1.6533550848745204,38.983518028188556, 4.847799037118385
3.8452332103500924,0.35801898474440086,34.554329018866795, 4.30499800208797
59.00974457214384,7.184912678508295,88.59029895966411, 10.345429134040776
11.048114352924614,1.2686773337991153,9.247814805263447, 1.8460243491612334
4.770836383555289,0.46636874249134747,61.430560276819286, 7.455576164615901
94.5036522130835,10.94296679243561,1.1271853148389352, 0.08563010257851013
37.94122330715912,4.720963707059414,8.209525635466338, 14.65517742675915
58.73429965216526,7.153965506122114,27.848351521187322, 1.277898692819342
36.53406263798633,4.548854780384669,59.523716279224836, 7.242576308311184
2.247046525526279,0.1863155613301206,66.63047127543248, 8.029153588938259
11.159482300866722,1.2833651906572077,18.888850888422485, 2.3046842138260373
52.48989289271433,6.443855039188319,74.41152324030125, 8.868611170574193
0.5552785838271241,0.04477733303403025,46.78977147627245, 5.780722007003765
6.065629313380141,0.6246749254654154,0.46333217156886874, 0.039132940220021964
88.54636315180338,10.34095081405384,2.6231869167318007, 0.22441318927326498
0.7690994511149831,0.05896444177760717,20.187330839969256, 2.4749344796684443
1.299526197353456,0.09958425899785285,48.77878793021066, 6.013793660565212
0.8523893171832291,0.06486124695445628,70.99093468988957, 8.50226894546319
10.666298032904619,1.2183680596038748,1.8265174384389369, 1.4141086475511835
1.664246632838382,0.13114731384983583,1.4796460744134636, 0.13214323271529457
9.446745602916458,1.0583113218102493,0.6871863621489198, 0.05336219188906874
2.016619121012575,0.16388753089483118,96.10174509628662, 11.102720640193622
17.824579107057207,2.1646802004623478,2.632318967180775, 1.5650269331212523
0.4717436403597426,0.0396371689766923,0.4733586412534657, 0.05478091868777234
51.5145586984224,6.331424161006645,70.70316282382956, 8.47125928911857
5.655440775898834,0.5738425845883617,2.5229120956119675, 0.6558751561919551
17.48133191205737,2.1194468809459406,20.73930921544554, 2.547101708809183
0.6061799703516149,0.04802409414474692,32.92281875312125, 4.102511129173532
5.269065352411835,0.5265050501386731,9.454145088777322, 0.5021252953138972
15.779353542763225,1.8946843302080802,5.030086872311869, 0.988650517200448
0.15328876674866998,0.022408621871524072,0.17343858702008363, 0.06272151269883601
11.968421361618788,1.3902016236809034,21.592156565646647, 2.658348657032372
5.534085532585141,0.5589141760257716,5.178069275721741, 0.5879296628802032
38.84736430764594,4.831261775523389,45.5307827853714, 5.632242951384122
19.26251300944727,2.3537436352020458,7.505179963568017, 8.196413902506233
53.73457348940288,6.5867286798595135,6.36542397558032, 6.796540337628994
88.13534505784914,10.299028096419672,16.125266885011115, 0.7579738867900082
9.069247201869178,1.009024758965709,21.278750600855943, 2.6175044327290133
0.2702701826031997,0.028274128618645603,54.16612732061256, 6.636108516133084
41.10906752380506,5.104767866866774,3.51519840083769, 0.32070014243794687
44.11756517238715,5.464681911715296,51.82816385487611, 6.367620569758074
6.033198052179177,0.6206360926876762,6.608636643271525, 0.5910629649099469
8.616498828148782,0.9501203667957911,37.90613331792248, 4.7166841080766995
64.19072548588517,7.761338822661373,11.23621619789003, 1.8492996487653812
12.641594468473956,1.479253801809369,49.71878376654631, 6.123310394752297
20.91085579892225,2.569503968199162,71.92324532023014, 8.60252889112379
16.813499697967845,2.0313404256385157,8.608017850509949, 2.322283206285013
67.57468734136253,8.13219747842794,8.409983296868413, 0.924572046866683
84.91439458053094,9.968716384989138,4.987836309331676, 1.5936302679787306
61.8350258671289,7.500569059842947,13.611423588496823, 1.6076715941677837
0.29386245826521606,0.029524771633894744,0.2330691104011598, 0.001
0.5199110829529336,0.04257199759138976,0.5037509338688096, 0.14738172771014627
55.78658527936262,6.820813231430224,15.72120577389769, 1.8869936987472078
7.074077376758609,0.7517113912745976,10.240996415958914, 1.1624278044216678
13.819350532561101,1.6352114485009748,5.916722598706002, 3.6943487201806797
75.93321577075551,9.030271591425413,5.133259084599254, 2.356767616657108
1.2369194702482695,0.09443819010071627,1.6110293539063796, 0.03131383813803863
3.220604186365721,0.28809842149142684,2.9486209845178393, 0.26604154500831606
5.211647369759455,0.5195200087855412,0.2653086477546873, 0.028013936212555234
3.3587367417105227,0.30329625474647426,23.34482958467639, 2.8859368682742974
0.21315441735986052,0.025339263647669783,0.2605428774319941, 0.09787557896263455
14.878124422662554,1.775425871159252,2.3219466537900058, 1.4103672474574704
54.495241319897794,6.673712870617667,5.477389615158946, 0.551958259087158
0.4990778107927054,0.04129280052294084,49.54125364074127, 6.102657510320026
0.29982867605558794,0.029844531481224068,48.86047962015243, 6.0233273310111155
11.103670238122202,1.276003650926815,46.5615197141489, 5.753858264328853
10.774136623570904,1.2325693774412663,43.51789438377253, 5.393292143003873
29.37508364336093,3.657412286964444,11.47817656923495, 1.3254262614105943
29.797218091536912,3.710717790085232,25.957265348795815, 3.2224210424318787
7.224034340086339,0.7708115940482615,78.16634961871465, 9.26608695855772
73.49512824332727,8.770869621531634,12.968505471709003, 1.5225303202119571
11.499800940082743,1.328281710120964,19.921685952288467, 2.4401584288795357
7.30005402262185,0.7805122979569348,7.199743128675248, 0.767714360808144
3.4396900067378535,0.31227663796060545,20.516577562834367, 2.5179965014816097
1.688873862595615,0.1333685297953119,1.744975067743302, 0.1218437102920416
93.62894015670012,10.85521877060111,3.803026546398812, 1.7473893612481908
1.3857359651011505,0.1068073544974591,1.9413435607060445, 0.15672739643030456
4.3613076505106125,0.41782841206204907,78.6719492750583, 9.319245282314757
22.048218509519362,2.7177057396362425,3.0082172926496256, 1.633079929233083
1.0215957025136202,0.07742283798484888,1.0741362211099033, 0.12267706884202895
10.193117143059025,1.156137594074655,3.322479050347187, 1.0273756276133632
0.30582240508140446,0.030167172026174936,0.30295352707007567, 0.001
0.9130145875420357,0.06927483489542098,0.6720977518307586, 0.04276308392575561
0.8954934050010079,0.06798902731929748,0.7487972923352327, 0.10483849601388381
31.846077743643022,3.9681178888172086,17.34575554665121, 18.89569794468774
32.921069013006814,4.102293225988508,23.57899960590607, 2.9162348618715557
2.044503541046201,0.166561369509467,1.9070251205054138, 0.16679835537912452
26.45120661410977,3.285657102405799,63.56311574092574, 7.692075779982058
15.173023172161315,1.8144625821708922,61.1951686806143, 7.429361166964079
10.937766417144363,1.2541298279308328,6.2721766082448935, 0.951283835038442
0.2761276124355696,0.028582570700301013,0.26906048099104735, 0.001000000000000002
0.45826403118986603,0.0388303328516574,0.41634084559375606, 0.0010000000000000044
18.530316921497104,2.257563056439249,33.793800329159765, 12.61268337203387
97.62930980674521,11.254754309298884,18.498541150871553, 4.070155591912687
22.584537967563072,2.7873868375329733,0.0, 0.2130718893169252
2.939168835815193,0.2576588463706011,3.17309573863189, 0.2535191399270326
1.0973857918781245,0.08328650276577249,77.70939174197534, 9.217969479590975
8.840269504292825,0.9792035093776806,44.713139141150265, 5.5354133159371735
11.849644390744855,1.3745006861722402,75.91916493296893, 9.028782501025058
91.90347696892465,10.681480991395745,26.230320107368748, 3.257393793734573
6.364323655902727,0.6620203955593887,6.810167180584886, 0.7182176987418258
0.5410338832655883,0.04388404875166619,33.33679488975483, 4.154020682373628
10.612749687531197,1.2113186975276264,22.803459638399104, 2.815791737382192
10.090600073955736,1.1426747140956248,7.816296908029804, 5.235902317573325
10.348672281080418,1.1765795923071047,49.98196398181522, 6.153901116347108
1.7388133591338586,0.1379050991199878,1.5628001266556892, 0.15556271731161742
18.35143995417332,2.2340367715346874,80.07079863279287, 9.465878625674671
34.031242754939434,4.240228208800377,8.94330304509623, 0.9027845744449594
66.63474082691936,8.029620284518781,7.079944333024853, 0.9185522986755756
17.39650253932951,2.1082624899879363,58.452940813175324, 7.122321774479456
12.028220937490604,1.3981079629663133,14.27382179077619, 1.6954049712745975
0.4785300982509113,0.04004579608416426,0.5147368829593182, 0.03196735135933173
0.9396005014030884,0.07124150167985478,10.82175477634379, 1.2388422650257722
0.35477798836258945,0.032854511960648626,50.401824752446906, 6.202638938147266
2.710484053187955,0.2334923581734575,2.545343957239224, 0.19723765479165833
77.36206898551762,9.181349767907108,2.798882078664514, 1.2150786076293765
10.559447129234723,1.20430335739498,6.524742008084021, 5.172250350228052
26.074935617120058,3.2374968493425778,15.009866320841212, 1.7928663135283927
0.5059903111491149,0.0417155901296486,0.5278619663806166, 0.04233801010251123
96.72597004536892,11.164926339971391,15.983628116847846, 1.9216965497888876
0.23001410000427014,0.026191722735595384,0.2065112530794852, 0.001
15.625672479242983,1.8743571073261087,74.20834876099852, 8.846966035482065
45.59417948943921,5.639737486098793,5.716731376419789, 1.2842473918625845
49.384586916055625,6.084419895880864,7.8650790393692125, 1.2827279423616769
18.893046541454208,2.3052353629171187,6.717394884870846, 9.28393935459016
17.566552447315285,2.1306806728343193,14.545580559405554, 1.7313945050168718
0.2356859022572646,0.0264811311894278,0.27136491491447906, 0.05871288944423217
9.115678197225508,1.015078889914445,3.263049860477479, 1.0815062256894652
0.7936853198926017,0.06068451928981049,0.7837392585276008, 0.08923710076514185
87.3189599336653,10.215607456826698,4.929936725214319, 0.9749761212352519
1.498057309659952,0.11644526889490368,23.791975057743038, 2.943767648367735
0.8019563051101652,0.061267086345943945,34.707012569147174, 4.3238769346409125
8.57235906769689,0.9443910146798002,19.176961944854014, 1.2875969224152408
14.73269766103181,1.7561715500254476,8.884258315546921, 1.5288104951125265
5.014794296281801,0.4956773541864859,85.33356959819389, 10.011884125165894
0.14799516761182674,0.02215684219313242,5.3461146993155575, 0.5358992038421894
5.385498470312941,0.5407100932851714,0.06522801345506697, 0.38097811909034845
2.3999186945035498,0.20158977042332937,0.8140941100090474, 0.07640603174416075
3.2596177625605156,0.292374389098537,2.7832376738654045, 0.29031682086650906
91.47704971178689,10.638410560378004,96.69948018037594, 11.162288765966444
0.018572643824220192,0.01638938127437956,60.964864734992425, 7.403691371847729
22.693290245752248,2.8015001593688402,0.84191506283868, 0.06410892085663318
17.228010107955935,2.086041215536023,14.883110410413797, 1.776085969715073
32.7653711974855,4.082897075736152,97.80953085664133, 11.272648393426348
64.49133090470427,7.79445970770753,6.349795675359225, 1.3638621695389805
9.209183478622037,1.0272779935638996,12.906635063985826, 1.5143387948170473
72.47403082604345,8.661614496262011,34.704894233534596, 4.32361509030832
9.303553085423006,1.039599026153604,5.687293216411995, 1.0350144107964385
3.9352220010112067,0.36832718712956164,4.665569609614344, 0.36341345310526785
2.384313056795571,0.20001690614034523,4.2256955462337515, 0.12056363399286406
6.535687445705443,0.6835593714212247,16.006595836588204, 0.6497102633638431
20.511333464305675,2.5173109825129694,4.142261476027601, 1.4979609794172593
1.9889900926610835,0.16124955805362617,1.6994299743361942, 0.18081985640003057
50.7947467923121,6.248177975375908,14.167582367085156, 1.681334368112053
34.51808567207842,4.300514833260769,1.881256386271423, 1.4263269314734075
4.287820732314846,0.4092136930621799,4.6443481170853325, 0.4117002577107585
16.408415378867943,1.9778402130710409,32.303652688262666, 4.0253039167052505
6.782316534146772,0.7146925333973936,67.59448851077813, 8.134354847617576
2.72759372031494,0.23528156316670773,3.6024456262470994, 0.25567568033331617
23.46872773802986,2.9019706639375267,18.00704145123352, 2.188710095423158
15.024895451084294,1.7948557889400778,32.12961330042755, 4.003565993881224
0.0763859788955914,0.018871980983517986,0.0, 2.050513873691378
1.2472342828110503,0.0952801299342655,30.062594356100394, 3.7441808717009017
12.894954943731374,1.512792421737541,10.763228164070657, 1.2311325444893952
2.262019204131341,0.18779817095292917,18.307932726726232, 2.22831294002281
3.3188153409030567,0.29888742095898124,38.65638933840136, 4.808050200806167
23.02256519099343,2.8441979248297704,7.69938012216909, 0.8512124202875931
1.3967369955949183,0.1077401640810887,1.341477169165256, 0.12142842413995851
15.473398971098735,1.8542119450800942,4.703925340576626, 0.45837934142036246
0.6973454079606856,0.05404604005034956,20.187893106430323, 2.475008056463899
8.05822193375535,0.8778537670232271,1.0373807385849622e-17, 0.1068382541869503
3.338730126091874,0.3010851129923409,3.125735876494502, 0.31219266128219847
1.9616141168750718,0.1586470650779375,2.1432682789602167, 0.13355271334180802
56.04843779172506,6.850555103874098,31.9970824480804, 3.9870019813992212
1.374785429372619,0.10588128483450827,39.15633043180598, 4.868775460380021
2.5436477855785484,0.2162152628718588,71.47115279489522, 8.553950007359658
1.7012727130086587,0.1344908392020238,1.5673090937643128, 0.14100571027160838
32.14969374271998,4.006074894279096,20.37329537143639, 2.4992622285770882
14.374931403548405,1.7087956529933859,9.906160969610806, 1.1184731660042622
61.25952374322576,7.436530429552814,44.610378829099645, 5.523221417855818
71.1343060522281,8.517707220491152,94.5159771695108, 10.944201628419263
30.51385253811184,3.80099861646517,7.423078167656692, 5.819552886186888
0.8695120627848683,0.06609764451677588,0.13074771804119711, 0.02134494849467545
0.06163206184130021,0.018223769879672756,94.47567934108622, 10.940164033131357
9.640769288121668,1.0836969307026958,15.387885461359382, 1.4606505942875991
26.577788752900535,3.3018425736302386,17.3817211390239, 2.1063134071694187
52.736543801041535,6.472221194484042,1.5258509991437323, 1.3240246790230878
1.475177756934357,0.11446186208281646,1.5364838950965234, 0.08674713364867735
15.24759970690615,1.824332708611711,8.975144242107842, 1.0830738387219618
59.843723523694166,7.278424366719924,5.831177674325102, 2.154584436608473
25.581251500597446,3.1741995017055262,1.5512631303377717, 0.12109641855593131
0.9485443261069915,0.07190730541714849,29.81335140920804, 3.7127531983891795
2.511191734215131,0.21289106930272225,2.9291560385498348, 0.18473843556896108
0.9665558901340296,0.07325447693037798,1.4042243071659721, 0.011376587693244521
12.704498158960478,1.487579786888351,2.666836353851557, 1.6488962815168113
2.415596292436303,0.20317292827971647,2.8194689151089998, 0.23359714547965482
3.1819479331074776,0.2838746946622176,53.37879376822354, 6.545958533437852
0.6895545870964226,0.053521325241578155,11.824068265241827, 1.3711203716045506
7.532355285167936,0.8102269511132487,14.876184793435224, 1.7751690814839152
4.386029543382457,0.4207333491288196,5.01693095398989, 0.41718932374268985
8.75014308321877,0.9674825069961244,29.716437884637905, 3.7005243713688807
3.6916831144742615,0.3405580942765901,3.7154922097014174, 0.3424797782077456
1.4638166830945587,0.11348076627280618,1.388175345306022, 0.099562949429713
6.6756450846051765,0.7012081612409228,15.542952582490345, 0.6656456175997514
0.03272814726171824,0.01698289852456568,56.52576903627202, 6.904697171207031
4.073348608218274,0.38425248767293907,42.05860787433808, 5.218840099817003
3.6061350095358797,0.3309032161289683,77.13240922206565, 9.15711350275415
15.322520126617647,1.834247536626748,13.068951294327137, 1.5358300907391111
8.795102635720019,0.9733283055089795,95.15201573803107, 11.007867688318676
16.169799936468742,1.9463075427511594,10.42833111168008, 1.3868456184126503
43.29489192149687,5.3666999028535045,36.920945328730916, 4.5962747033353235
1.7262421970347437,0.13675907980443566,52.01833767991043, 6.389549303524285
3.8008560184116504,0.35295574643790445,3.3244156165728667, 0.3570182266959157
82.57529574264808,9.72681786224363,44.08894365717624, 5.4612784959927305
24.620724622589638,3.05069523283642,28.37800073974636, 3.531135937402458
0.9575293922934969,0.07257828644833299,30.504854687637216, 3.7998667399542945
41.303239528867586,5.128130609310156,30.706251328105367, 3.8251911265094987
15.934455172538101,1.915194927642854,10.274761938210581, 1.166864749782714
69.49395032503521,8.34063017631262,5.587024044804013, 2.6232687257264753
47.563914553465594,5.871652899016651,7.278181499447026, 1.3539940038894773
27.48035868435802,3.4170119688935356,1.932204072885827, 2.1408759989736192
3.912569316204146,0.3657272410474424,3.9622866390009537, 0.3625285384672467
0.4251026703029981,0.03687291451246567,4.8589394485271304, 0.47692141496648605
3.8229935743806704,0.35547985339284055,33.087774302912955, 4.123046642408664
1.5561857390622342,0.12152944646134028,1.384263994462598, 0.15417254635551572
23.694906865909484,2.93122170362731,0.0, 0.07575856951997839
35.011694436139464,4.361514056337256,19.127767609520482, 2.336058443297771
2.9030902315631852,0.25381086894137234,2.6701783803028776, 0.23163197630618396
40.34125119020181,5.0122018411205245,57.71915027509545, 7.039640765873666
37.7624829673329,4.699157907853787,13.769133815921201, 1.628560208952909
4.167574104914816,0.3951848686577519,44.04650143613411, 5.456230921756001
0.5768929001678558,0.04614563852102816,8.699812159461066, 0.9609412388947742
4.691736095177118,0.4569262726353223,4.823278833243584, 0.45884345679752975
57.91552746482361,7.061789675144546,85.12373225495962, 9.990281359444406
4.639605835560495,0.4507202366868747,9.096759749701986, 1.012611835364834
0.3863029323051368,0.03463322572991344,83.58624230327767, 9.831576978822028
1.1167731868548088,0.08480883517239879,71.45676659941083, 8.552402964580004
90.63005812091889,10.552703777764616,9.411024222034154, 1.0536414210882816
15.702336256206994,1.8844978792338805,86.05937643079218, 10.086500733214555
37.40745977815444,4.655798043098343,5.87337445889074, 1.5506930605229674
20.412596374738747,2.504401722999156,12.254587733262634, 1.4280452839897813
5.686130134652758,0.5776261487867975,17.22566142984743, 0.5228267861771766
0.3118437722016072,0.030492713993073704,0.32217874848102995, 0.05689644026518681
28.14308107776889,3.5013091447803335,18.77106311272278, 2.2892087704172717
19.82961863811211,2.4280990770430684,30.42064186716013, 3.7892712134149593
14.660484528328325,1.7466098404754677,51.31105108498163, 1.5815664201342994
40.72339317321632,5.058308404272981,20.38794407229894, 2.501177952497105
5.070392647895074,0.5023945087274682,7.113055257939244, 0.4841782354212538
11.79066448179512,1.3667058066191045,8.410113253682246, 0.9214077441928711
11.73195529081655,1.358947799645131,5.294039935224911, 1.067473457826038
2.9755809362478023,0.2615553168149273,3.358902991616241, 0.26415493955015845
15.54936058926102,1.8642618504668005,15.577945062614901, 1.8680433925305848
1.9076120734557755,0.1535469906876937,1.8625358231283868, 0.22989948826111506
26.96104809709872,3.3507981877688744,5.671123214880679, 0.8722087630213242
8.705389895207642,0.9616659959821843,14.557152060257271, 9.570103581363322
8.184107595910463,0.8941098707486415,9.739854239528453, 3.120578598675753
2.8495909565252644,0.24812876940670128,29.832778186126593, 3.7152039351382578
5.504094059042165,0.5552330857603399,0.2979595314523902, 0.029744204064843273
8.484686421776885,0.9330186531882076,93.77731589386784, 10.870118713881263
2.4313461824145497,0.20476643353195226,98.53290108898696, 11.344381452764633
14.517051117057623,1.727616531745963,10.44618900124625, 1.1894027509358511
9.162323293724318,1.0211632612072672,7.69045951815901, 0.9673073015945267
51.75671217645141,6.359377424513121,2.116572160973937, 1.659579335703846
0.4382757491225846,0.037645769338682786,0.36690667224211854, 0.00823844093600461
85.70855286479392,10.0504546478408,31.762857150387376, 3.957705538895672
24.85755234869061,3.0811892336046336,21.18988762589502, 1.377219929866491
16.488688515221902,1.9884452297917168,2.2669130249490155, 1.6940190936290358
3.012329615566256,0.2655007679422966,3.2889871762117826, 0.2712186275259421
20.314312488729488,2.491547678358848,4.658338093686492, 0.9640736432571448
0.6817995261249044,0.053000862552576626,0.6673123653548375, 0.02194341719126244
0.46498833233205183,0.039232022485306675,0.6158645639700332, 0.10905214500379713
2.0305292600320595,0.1652199427387851,1.6657900627311741, 0.15748563995172424
28.009314242188633,3.4843125309752105,4.925255141625658, 1.3050841786948004
2.7793975519232634,0.24071787516026621,2.6594352256746836, 0.23692503940889195
1.3101297000831598,0.10046423217998143,31.460642585316073, 3.919862799786708
0.8609309964229928,0.06547701381110976,18.758624580172885, 2.2875742515710464
29.655858761760268,3.692877834198386,26.094658155325305, 3.2400229951943333
0.7368417086806083,0.05673437176070111,0.7334945973746902, 0.08140313376358699
11.271879689554957,1.2981944796805172,5.8949628282024635, 1.2695479232688913
12.516651946660824,1.4627182965404864,7.393649516624982, 1.9339324061986511
36.361781170143026,4.527713741803262,4.6695857903486, 1.1236904165654005
13.023394347068864,1.529797877707543,81.24045120351622, 9.587994922253815
3.1056943345801997,0.2755819197261575,50.36682066993874, 6.198578661952464
0.317892904860106,0.030821178217867555,9.701022235973864, 1.091587124509342
2.1878399103035773,0.18048227668280367,2.6707973111621155, 0.17884330142462648
12.578979506128439,1.470966686796227,5.031379664312355, 1.0800801010208574
7.893054401840551,0.8565627372444649,7.846968236260098, 5.132523518470423
68.20856431051047,8.201187088272558,15.192761707589964, 1.2653230612074047
7.5716994129544375,0.8152698416695925,51.98377674163753, 6.385565307433369
48.23882631706739,5.950701672808063,5.485946987290819, 1.3549265728252087
63.891499846902164,7.728335304185593,9.25805188760801, 8.842840816877386
32.610388035436586,4.063577408614901,30.04116286889249, 3.7414797958366712
42.287612810830595,5.246285276445466,5.759467708925648, 2.895089863657469
24.03810167007841,2.9755586952138118,15.687139205532883, 0.8886240535109364
0.33007497950866793,0.03148695734543395,69.625823973114, 8.3549020496156
4.562304311434243,0.4415429867495538,74.63866936307546, 8.892793185432831
0.843886844278561,0.06425031340472447,0.7863097419450635, 0.05064894809286904
16.650346953636888,2.0097974633771027,52.6026226735206, 6.456822867936794
22.261267018517234,2.7454018719963647,32.54683219629757, 4.055651136574571
13.549134636997515,1.599421631156233,6.054207491573135, 0.9756570007645748
4.613720026694584,0.44764365969418046,4.17691847484327, 0.44635970678065223
6.2633815937517285,0.6493707021174605,4.8671774081706864, 0.6508588269937986
20.610525847228235,2.5302756464790046,4.6070163748762045, 0.4468474747043026
0.26443963839253937,0.02796846527333805,41.04298337273267, 5.096812392633394
6.163823134547501,0.6369230756043962,3.8138734114990287, 0.6616028931321294
16.731735677243734,2.020545018560918,17.507921197670807, 2.1229521223397
0.16931647297180707,0.02317831135145161,1.0657443859972893, 0.08082138521259194
1.4412507381544337,0.11153958789345444,91.94816135809468, 10.685991175702979
1.8809814339252258,0.1510486530029274,28.360838292475922, 3.528957860796596
7.454207969705793,0.8002191256026112,0.23067291966319026, 0.02622527182977113
1.6520177322520255,0.13004832029193836,21.04526545012624, 2.587047668762139
4.263549618200662,0.40637522768167467,9.55672137880366, 1.0726960946912951
77.00238683764375,9.14338421164627,2.642944146557501, 4.497615115612584
7.186285996098924,0.765999049914725,4.24549884669165, 0.7805710246167035
48.0128199464114,5.924254152237764,1.7238637467586093, 1.6382786661628925
2.4950753528981333,0.2112450123375731,2.485967104874763, 0.236267135221446
65.09670656077814,7.861054912879664,14.807773986261221, 1.7661118366447988
69.1703828670383,8.30558556193647,18.269901722070287, 2.2233090346986875
0.023269453898235426,0.01658526803989638,0.09957805509789013, 0.19742825775735245
1.6765319229457178,0.13225403587821896,1.1902055554160589, 0.10204336127179675
21.01189044664291,2.5826921555291675,32.92983744941276, 1.2403750032603356
6.963406789959575,0.7376465080797279,61.24026025554822, 7.4343846177397594
8.528421908886989,0.9386904821742308,23.004085296386886, 2.8418029541896144
6.296874270045159,0.6535646860655374,16.646404060218835, 0.6405950626018162
78.08641659409561,9.257675076457161,13.005335911459365, 1.5274068146847934
3.5429991686720967,0.3238126995653171,3.492137670439678, 0.32306617035863044
11.215551722436011,1.290762088331492,5.941388803540142, 1.4840646954180698
9.351064504685235,1.045805569634383,8.955476370759786, 0.9942002032790712
5.126504928422594,0.5091873486249925,5.754516655191648, 0.5108781440130168
35.17775042658409,4.3820066465038074,38.48711567243761, 4.787460900004664
15.397786017007338,1.844207228031428,29.570470823123088, 3.6820965784968767
5.873261021704095,0.6007668168742232,5.505527798022506, 0.6071260277340592
13.218282957212594,1.5556045620784695,12.780485380354412, 1.4976383410250333
24.153556575402323,2.990461296198668,5.698202856080848, 1.42813451361902
2.1586426813102695,0.17762321010225776,34.19225661688528, 4.2601804347037255
42.68774618181611,5.2941780114654415,0.22230086649791425, 0.025800269690010175
85.31056032915512,10.009515987515227,10.295615528614615, 0.9753353827791047
21.83712129866659,2.6902428363142303,5.444473190949471, 1.4650493593481801
6.711038777314797,0.7056791869086955,7.451727664953734, 0.68726578448219
8.397816764209935,0.9217606431660096,8.62221155174941, 4.960982264524847
22.912301539749937,2.8299055022602913,75.11409598897689, 8.943349502933236
1.5327737916392783,0.11947402817924825,1.4175151905238939, 0.1314024773774346
3.713317255789323,0.3430081422718703,30.67702122084676, 3.821516935366649
34.68186554934671,4.320768398991114,1.2224252236415287, 0.09325909907493636
70.14556819319782,8.411089159674654,32.16403700139892, 9.069130317535217
9.25625974372752,1.0334232080651466,6.842634931970998, 7.891747608735264
73.83863783090533,8.807542195292584,0.0, 0.06791101592967173
5.098384251159436,0.5057814255704046,2.8030212390564055, 0.5453691444361449
29.235661912054784,3.639786236900636,31.292811476876793, 3.898826699487067
1.0781759648554923,0.08178701057191075,24.585219987200784, 3.0461212501477384
26.832706796689347,3.3344128983783596,5.9480313814181125, 1.1760224403837447
56.57577072234462,6.910363147385656,9.26541295474258, 1.0346183073477655
14.445827802682347,1.7181846171960538,47.938467926122556, 5.915548253911974
12.392853765693859,1.4463371111056513,15.709281957776117, 1.885416575787342
0.004611168484145667,0.015813250811374434,0.0, 0.5753253048060389
3.867575397027995,0.3605732119520833,5.667053292113347, 0.36071544520997234
31.099148096831186,3.874534470516948,7.595116323725337, 0.8173837111105875
1.1070571911407279,0.08404479665905995,1.2737278131242185, 0.0742629306616029
0.142725866111993,0.021907424405929354,14.395552735801534, 1.711526613836294
1.8154670531304071,0.14495060613413158,24.336271760862886, 3.0140323226749035
36.190290474789435,4.5066546451167415,9.580030080784239, 1.0757462839838123
83.73677439942138,9.8471481467548,57.184710960843006, 6.979281593636842
83.34783233326026,9.806901001827995,12.66905939156164, 1.4828890033555806
90.20947586037609,10.510066647290461,5.543753152234397, 3.1630522901663727
46.02487743965627,5.690602879421652,0.0, 0.1020873889827776
2.8143327905411604,0.24439991488032772,3.0840504833084856, 0.25645121410462635
30.08189525185517,3.7466132173458475,1.8252424444333855, 0.14585608992515628
4.41086543306758,0.42365509712159094,57.959647437922925, 7.0667636647534975
6.746595676304775,0.7101739440729763,7.566709025411241, 0.6881962455668875
76.64435563198172,9.105549570951128,72.43680261679245, 8.657624220675553
13.616223148107235,1.608307284727226,8.308027002934622, 0.910135197560341
4.797446682414301,0.46955213490074893,35.042966506105, 4.365374358560048
0.45157059461148075,0.038432076439231605,0.5134332823473399, 0.04682702893861587
21.52409511660407,2.649482345119368,12.100367928705115, 1.4076480920301868
4.312203764625508,0.41206866109647344,17.17731585693362, 2.0793539097088116
5.183135888417593,0.5160565545732914,65.43786545259556, 7.898522773328285
28.277464734765612,3.518374794278746,28.22679081339802, 3.511940711411038
1.4525077566201094,0.1125066882818799,1.4077017048828122, 0.1129516192605613
37.58456304623956,4.677436106217297,4.437111639477891, 0.4267464441793325
0.17470838823996715,0.023439718199188758,50.06119114333721, 6.163103953618322
2.5599881425663207,0.21789351030962187,2.3481088120769975, 0.24905333936195223
1.1265339846621183,0.08557865306885756,3.3984440751455307, 0.024351154601570925
1.4300453894396066,0.11057942506404453,47.28355339787028, 5.838753816085496
66.32429714968548,7.995668450992784,2.140441777851484, 0.17584690153669683
1.6036608663423881,0.12572876876610267,79.91481820543984, 9.449559961111058
72.13678478899267,8.625449142455805,7.292935016162314, 0.7796033563635565
12.454610470890998,1.4545084861415034,22.359602272124118, 2.7581783329407705
21.31779831955949,2.6225956461577846,8.87511262518439, 0.9837374759297043
9.591928122974666,1.0773034565689144,7.392483805526758, 2.3401794203466917
46.241717072476824,5.716178580938376,6.9844604555967615, 1.5823027334182693
1.7641298538705752,0.14022115746416453,1.9282615521612023, 0.15598326988470035
24.738866100510297,3.065910639818238,15.153760127577467, 1.8119130119032536
7.811603465430213,0.8460796904880251,1.1305453370210767e-17, 0.27243851306511274
0.6663960280614059,0.05197258322441275,0.6696512901943381, 0.030197137213768793
52.24437411284708,6.415592561231272,22.73971745475696, 2.8075235618905166
5.779049906922795,0.5891018016129582,69.91468289091246, 8.386141346585816
4.1202446126170935,0.38968673122913444,5.37955663824004, 0.379600218944413
56.84126230174992,6.940429946101625,8.317749004210237, 0.9129813259925678
86.10838061106992,10.091532744869617,39.083541256545665, 4.859941946615691
31.695314141494528,3.9492520697780997,5.606693865874984, 1.028032996045395
94.94403564428927,10.9870619667501,70.34910003554869, 8.43306533452358
24.386065987015623,3.0204531428962262,5.0263633936982615, 1.0612975771355755
20.810284900558557,2.5563719485222918,5.707351564525436, 1.865422959479278
43.91047540359809,5.440047773949165,12.085370623828915, 1.876918362949705
25.70382212978616,3.189926305360516,30.083255305671457, 1.4524321492775856
18.08619166446788,2.1991306428535826,8.284036411999855, 1.520564368205424
22.80254399901917,2.8156729807766827,26.95807429112819, 3.350418618620826
14.304360419113783,1.6994494825279836,8.066408134835394, 0.9010621536132546
1.3530349161905568,0.10404920937900852,29.32431069274995, 3.6509946143465615
34.19277771749146,4.260244985690117,0.0445306427546277, 0.017484917134786376
1.5917100546184875,0.12466777264551632,55.07091307465634, 6.739377009939329
14.164188726580317,1.6808848985116958,4.445392144965659, 0.4277225242373014
65.40148961097702,7.894529902468319,5.6395859259807795, 0.9139578699883129
2.6094626937385854,0.22299352475775558,2.458839475151897, 0.2091912095793274
36.01958692227735,4.485677236044869,9.66264396894175, 1.0865610814011983
34.846400643223376,4.34110139035564,10.808859577016158, 1.237143420202056
1.4188914733113047,0.10962615992276564,1.307211885323808, 0.11134357993836913
86.51005203044865,10.132750658279273,40.99127126095559, 5.090585578628869
0.0913449369205439,0.01953929304995884,36.57039310498887, 4.5533110330004805
6.432396516892826,0.6705670745921125,37.09945575283056, 4.618128833388623
50.08480127740876,6.1658459029618085,25.798724951943942, 3.202097894895498
6.854253154040614,0.7238016127813417,18.591590640174363, 2.2656193423323856
75.22858919562853,8.95551294714611,14.785035593269248, 1.7631012787600018
31.54524254476324,3.9304610556212336,6.720399023744547, 0.9582182705022331
5.327014083919651,0.5335681793657947,44.58833394179747, 5.520605267336109
1.0402825242321478,0.07885544942540325,19.733572246433155, 2.4155149227260293
61.54661289694844,7.468492546989775,5.886093015776385, 0.963117188353442
0.1322597104303327,0.021415603571538298,0.1495709981651961, 0.13724538741038997
9.023029324930393,1.0030007480016871,2.6215607614828125, 1.1183911120872947
55.00821712385413,6.732232459757243,28.66486533233038, 3.5675191173584353
32.45611624659835,4.044333983162884,10.324411671891564, 1.1733903546015299
3.5849928350747504,0.32852547845069086,90.05103360428626, 10.493990756584935
29.096880126942303,3.6222310309824635,18.812727618149193, 2.294683400057206
4.987186371178317,0.4923469474553863,5.555036117577186, 0.4968345293350266
38.48240475722758,4.786887689621424,7.205843488216371, 1.4032792713188627
60.124284184064685,7.309819392250124,22.264162839740653, 2.777857860120531
4.587953033774356,0.44458460301842095,28.482541411454118, 3.5443998332817963
0.013897392123502827,0.016195426313385303,2.0859008597694975, 0.1705519061743957
8.311742740475271,0.9106160628950913,3.6998420860251473, 1.0294376764301747
1.2164316628771,0.09277290064116234,1.2652847582787474, 0.10023256577520614
7.2619567480478775,0.7756493083276078,15.29765005031204, 1.8309563697289533
11.673515575212802,1.3512265255816807,4.1738795394046235, 1.0827265690021541
70.47363239503696,8.446504221164751,54.31925929494182, 6.6536110747876425
4.215341092100114,0.40074749954363453,6.564695250869536, 0.37565699705920924
28.548093903193678,3.552714097467196,18.54928923727386, 2.260057682982262
78.45109738581834,9.296035555290077,5.863532588320269, 1.028208184863602
2.762050105043112,0.23889426340560682,1.0588054018041566, 0.08028403895543723
0.12188941362261674,0.02093301850227797,31.6556142886828, 3.944282250143482
5.1547552748665,0.5126123631206929,5.879440580625887, 0.5084609068340631
98.54099967939801,11.345183735571224,2.9164587826910333, 1.5643981049791296
2.1297128679353348,0.174801986268488,3.107886550543863, 0.13205869492322977
0.6135863368107664,0.04850353216422255,0.5351563518930255, 0.054538318436906826
33.39248341032897,4.1609429987526925,22.01750831029308, 2.7137117255127743
0.9306977288832501,0.07058084322858668,0.9730683934971894, 0.05713144072510765
19.92566751911294,2.440679873983282,5.435251172679897, 1.3147661684822687
25.33779545862898,3.1429396795971076,5.810691166849924, 2.4679262669102657
28.684345142566674,3.569988201077396,7.212721239266797, 0.9236604345567707
4.050061921841296,0.38155913987309326,4.163427926071738, 0.3790060835191034
19.355946870846033,2.3660026897628246,12.926442817511138, 8.524626391494737
71.46692949092187,8.553495855209999,5.472874373298835, 4.18626375215953
27.089981200867737,3.367250519973792,5.956545062358408, 0.9910369345447058
75.5800920637183,8.992827532049388,56.60761956279629, 6.9139715739437175
0.25863585639849895,0.027665560601414816,0.2539228086952961, 0.001
57.10797810755894,6.970605682360861,2.295744780917667, 5.397018167888197
2.6934529194879357,0.231714505960972,2.6770318439357745, 0.24374735881711343
9.78864823141442,1.1030673818328864,2.243694878846716, 1.5318017786057507
21.627957514139663,2.663011588160244,20.50050641102672, 2.515895612087224
4.026882121429444,0.3788815425947548,58.016234766347665, 7.0731420188716
4.959705166539568,0.4890352088685525,8.612818400211606e-19, 0.00767475059843448
2.0868142005775128,0.17064022766061315,2.278069139200792, 0.11824217773499962
79.18551153714645,9.373153984076085,3.00071296228026e-17, 0.17932218348571233
3.143645730087062,0.27970269676545456,3.2554305305271862, 0.2832084176894762
0.3485595530525598,0.032508070332333834,71.45922740343845, 8.552667596360743
89.37409390018179,10.42522296671111,3.893603758546102, 0.3635530972021431
1.3422344783813651,0.10314312606422853,1.3086170642976473, 0.14498087471686566
62.124768758107905,7.532760295423687,1.333035845233818e-18, 0.03411491757807798
8.226457063411727,0.8995839962406638,64.26417331044856, 7.7694345653263355
25.459243470989684,3.1585373640817327,7.39950419123219, 0.9278992004358371
1.1760172691812443,0.08951566105952116,49.27072946187423, 6.071158729207193
2.744782282999756,0.23708217886290922,0.19815816833646638, 0.02459093926571175
9.739128301443603,1.0965787684189314,7.3246030325552445, 1.1073150774418343
38.30118039281053,4.764828337388314,133.89427744647807, 9.857519451499869
8.977023588194928,0.9970067370226504,25.418410952161, 3.1532940317070075
3.980841218325323,0.3735733047710327,73.79015706114059, 8.802368956364193
2.7968249908037497,0.2425530727148392,2.746109570273362, 0.2492774764490771
12.270189444625863,1.4301090911793934,0.0, 0.32263833436013706
2.292172004334775,0.1907928978486209,25.32540617347962, 3.141348095429656
13.751329666105505,1.6262020412516802,40.22303025246839, 4.997923455966306
0.37360586930715445,0.03391235154595465,0.37587183179127087, 0.040875410732686024
32.30255256576549,4.02516655849042,5.230539553088001, 0.9212597550241068
39.40113875451736,4.898465298006661,5.109060646373252, 1.3853341907806518
0.1065117854509281,0.020226153731222548,0.13818704545688298, 0.2228627784682513
24.503125414431402,3.0355428034315985,7.48036103439482, 1.459363216846803
48.46587484117697,5.977247511172114,5.3602906435043325, 0.9899024210165619
7.852235253624794,0.8513077672000066,50.869926745390416, 6.2568833348289985
14.805243780656951,1.7657768406650018,6.045490353316373, 9.439633507898908
0.810265429234097,0.06185430646598474,44.23162839518466, 5.478241394169408
49.153321500576915,6.057477858055547,80.03483668989794, 9.46211699524639
8.016644666038573,0.8724901146580628,68.1368740173284, 8.193391965067308
1.1363397911526572,0.08635428526904128,1.143066126307207, 0.09794977558197736
18.262616782742565,2.2223504674068812,0.0, 0.04296736174231771
1.8414921039409222,0.14736471925859737,1.6856173005000483, 0.14959883462027201
23.581557164222602,2.9165656248689054,0.9076226225194839, 0.06887826318419257
2.2173070267982253,0.18337959101106435,40.257498461368215, 5.002087144507358
19.544109098147135,2.390680467538034,5.703824898845762, 1.6072109798714056
14.951341129587677,1.7851188007067131,3.477371329223869, 1.0350765157051387
2.676499958746202,0.22994794882786104,3.486768751231377, 0.24404107927177715
58.460119025252475,7.123129494422186,2.3058524003905103, 2.1646728222332197
1.1560872613109225,0.08792313305353597,92.5564903889234, 10.747334604138775
13.349711075324755,1.573009752255396,1.1856147176691745, 0.09028581412810727
60.406138556910236,7.341327187133033,57.39109298535568, 7.002604300572382
18.440672704212847,2.2457742415261763,18.92137072407681, 2.3089559138170257
8.099990921258682,0.8832448689241503,78.99562474164959, 9.353231705488882
1.7896803641540675,0.1425695398352774,37.51891342192471, 4.669417047559648
19.076929903343192,2.32938427578099,3.20056403236224, 1.4830272772022621
0.04227427300169162,0.01738844176411285,0.05687597869158824, 0.07408157594262191
81.80983476699043,9.647280431629111,66.38087989977376, 8.001859359707863
9.888374178513372,1.116140625123278,5.340352281123886, 10.457029425030857
12.209279232530541,1.4220521593299993,17.83598320990021, 2.1661824090105264
55.266480449508826,6.761652221154448,11.774401433959978, 1.3645566481464748
22.476284862679464,2.7733328152707744,5.85900349902113, 1.833372799350919
42.08892252924792,5.222474641795753,6.067196306036888, 1.6388298502572227
4.665611008252436,0.4538144141808387,1.0985934868792517, 0.08338107066377111
0.412050242899312,0.036113327212152546,51.18480869019085, 6.293317242860542
33.87044923838338,4.2202898674441265,21.1752718581195, 2.604009179590368
4.851035959658134,0.47597326404909435,4.614762454341252, 0.47960354690618245
1.1961315020691887,0.09113215437170247,4.914361926982549, 0.48357839435640604
4.511359509536729,0.4355117571600188,35.31987339016176, 4.399534421014681
80.29988103360184,9.489830793705524,72.73807648071005, 8.689901965599118
13.283845855483555,1.564286984293426,5.246557706864032, 3.2560378325786523
0.2879236254336299,0.02920787187108188,95.83361468644502, 11.075967200542078
6.000915650571102,0.6166190442776904,12.070861239803842, 1.4037462019902407
3.7350511557749995,0.3454728611642787,4.355774105225386, 0.34387901915339386
33.077484777388136,4.121766101406932,2.6723346634014047, 1.484437493281141
4.744348226053354,0.46320335564120646,4.046070582562014, 0.47551556479018303
2.058542259824543,0.16791185993605492,3.3331674911491618, 0.14821087490912827
0.8354233977517842,0.06364418276388947,0.9121759509038754, 0.07657662144357352
63.2971626047385,7.6626790358360255,82.32762118481308, 9.701103045589093
25.216904893034368,3.1274062358857053,2.644759632261447, 1.5423042046062565
6.130941163392567,0.6328183220570718,3.9870778040361845, 0.636771192546539
1.0591420794529802,0.08031008361897299,1.0816092072611883, 0.07197443141090712
55.52593467087139,6.791179041231056,13.617588372439043, 1.6084881056470077
43.7043361775117,5.415506245601124,6.254974869481978, 1.1658631806327497
30.95181290415621,3.856040306787657,25.35923137487362, 1.4835331918531016
19.63884144655536,2.4030995597675937,1.311863838570444, 0.10060837479469742
1.331483614616344,0.10224362762468127,31.12925167331897, 3.8783118087575383
41.498306893760365,5.151582386474706,71.60057010426162, 8.567863783543128
8.885644644906519,0.9851082368145055,31.467825597331846, 3.920762796516923
9.398795007106598,1.0520429606758297,21.95999931657906, 2.706231238819096
2.957333007004632,0.25960098957240646,2.480582961708291, 0.23760396225518843
0.5914690671324021,0.0470770591543041,84.36099823596005, 9.91164225177127
28.958735350668444,3.604746441232247,1.0539391997469876, 0.07990791084267726
1.2680068172750079,0.09698278405094507,1.2171134521712517, 0.1118142799300324
64.79332246575679,7.827698292988503,1.591450834788832e-17, 0.20871326933135614
1.6277280655179456,0.12787334582506418,50.750012333481195, 6.242996810927632
25.826957952797258,3.2057179884656923,36.23306272091797, 4.51190849739774
0.24710808826946673,0.027067947569674334,8.14883105767865, 0.12169985236307794
73.15319536585754,8.734324382952707,96.66264055770161, 11.158620349684623
0.6587472649501049,0.0514647117667952,0.6919599449659226, 0.028808710791532667
94.06529014323884,10.899019192177809,2.9436605683036925, 1.4301362225344556
62.70826886069483,7.597488247523623,7.119828133819986, 0.7575336283471784
0.336208179335729,0.03182431448180864,54.02895435931362, 6.620421446678163
23.244620170823282,2.8729632798034888,12.255739358056799, 1.4281976199499673
0.11673993761728907,0.020695145794889347,0.10754094459438386, 0.001
4.003808716375798,0.37621962206516735,3.5534225172110436, 0.3830531864258875
79.92671431900857,9.450804812495646,5.8504392951798865, 1.7148432156159947
27.34963374668822,3.4003571904564818,8.889807511287684, 0.9856500768425933
82.19168486724527,9.686981119786415,9.195725229348021, 8.611697602381675
1.802544050330095,0.14375596488305778,19.31915723045547, 2.361176076966942
70.80320935618435,8.482043458745034,1.9181712372759416, 0.1545406717516443
5.9687814252899045,0.6126236861347095,38.14746140920469, 4.746104047927008
2.8319213216929477,0.2462584606913487,0.4531608191759131, 0.03852655008499164
56.31149775014,6.880404971364859,10.663085424821558, 0.8706403560399325
18.710847355927964,2.28129543961035,68.03350896056374, 8.182149390706561
43.0915782255669,5.3424345328742575,7.963342232535203, 0.8657169426458815
0.5129346862093145,0.042141980986406195,0.47405082099401946, 0.02863585129025523
76.28796779070159,9.067845484426373,8.143759394259721e-19, 0.015371525822811516
2.6596248121486252,0.22819262929296763,2.4703246326688353, 0.2243698134987633
30.659168221749592,3.8192726141362905,33.439033319099394, 4.166728109938859
26.199782706948007,3.253484456594899,39.738741416632706, 4.9393598300790185
0.32396993108847605,0.031152585648524477,34.65644025987261, 4.3176251327263735
50.32036190307799,6.193188856845689,29.437445621852994, 3.665292967140145
17.312062533694437,2.097127326013607,0.7314636826423953, 0.05636556353048043
0.643554901123981,0.05046136922259008,27.05931780083952, 3.3633385326678815
8.354680755132621,0.9161742317006586,4.344204795329006, 1.766470595986458
5.59448400458882,0.5663373911788544,6.306495646735309, 0.5756257210027168
0.7772570667492842,0.05953322633764143,0.8718095647935158, 0.05304289579368645
35.84966689961856,4.464781260899663,0.0, 0.0691524397018942
7.934061774026112,0.8618447111796015,20.61957493060675, 1.913168909616212
66.9466160122538,8.063692173893335,15.565670510519837, 4.680185556032617
23.13333728651047,2.8585504500024017,15.12782213711467, 1.8084798957798311
10.506389229851719,1.1973219077203767,6.2879950591130465, 1.152693902613317
40.915786768868266,5.081493888522577,13.537778302764936, 1.5979175370099417
41.89114423669473,5.198754130547824,55.59541223090687, 6.79908098093863
49.85032187576654,6.138603622565493,1.7055590996652161, 0.13487945190228878
2.8851750348869256,0.25190491370990753,37.57956499031576, 4.676825673939223
8.269001811442855,0.9050860224067604,86.44961451100156, 10.126551971798568
13.415880010791895,1.581773015809085,38.34927268921624, 4.770683939455001
14.094585051708624,1.671666173881121,9.014695351560983, 1.0019147534260824
54.75113922769216,6.702919446274337,51.32976623852911, 3.5302595012711877
16.09099049971363,1.9358902206463033,2.365089074713732, 1.1690774974250886
4.435815845224494,0.4265937337785682,5.605830107489408, 0.4257434481912059
16.012542798525892,1.925519404356999,49.09038778133645, 6.050141973327518
4.4860623517184255,0.43252198538508313,4.532491425690093, 0.43891571116290956
0.7209340826641419,0.05564597533522622,21.395280136053124, 2.63269607556384
29.51514827176048,3.675109409703131,0.8979669124066352, 0.06817004747220658
3.240066103373943,0.2902298430596109,3.1647879728682673, 0.2957920616966121
82.96067551242973,9.76679103175195,3.777441727546488e-17, 0.34035093343263567
0.5339605328008139,0.04344300666305214,55.794842179871715, 6.821751513997896
4.878016072274914,0.47921116531128527,2.627469841174435, 0.2248566579681836
0.5624502354169345,0.04522962560728709,0.5227250197755865, 0.014677772570933554
11.557439628235752,1.3358936194968418,20.45341398843158, 2.509738866420012
1.0123165717578066,0.07671470709307948,1.097959708351834, 0.0767649907865659
10.453574866396982,1.1903742173997436,28.247346977021728, 3.5145508941710175
30.22521910766804,3.764669150764372,43.45845669913733, 5.386206759672238
2.921088038229747,0.25572882636552896,2.5176533877933016, 0.24966989686352511
5.841712731578662,0.5968572848857022,6.233775137636071, 0.5990635890943059
6.570435770161451,0.6879364713647768,4.949282242292376, 0.7453930245114234
6.466668549473196,0.6748747716356726,2.3548012250073582, 0.7764834606625586
1.713728736609967,0.13562100788246007,1.6185187809567048, 0.18178850360157436
3.480728724587463,0.3168492493476764,3.603512033634268, 0.32097941394425
16.569331804532332,1.9990975902491697,1.7342714949465865, 1.351054870058635
24.97678587915805,3.0965312239440808,11.069974596620865, 2.8794927401250994
13.683621015645025,1.6172340374465493,85.50584782527554, 10.029609957413797
0.52691964903735,0.04300566456755332,0.5378898530002474, 0.06735583813739271
1.1660293429393476,0.08871641927101798,0.997957487298641, 0.13966216113179836
1.1461908138690466,0.08713576685156618,1.0855687308495605, 0.09755429691242568
86.91357562441739,10.174108768522188,4.582515588903945, 1.319863206305792
0.009243599843080652,0.016003387885836384,9.311827833583455e-17, 0.5381912544620379
92.3318705539913,10.72469663612015,55.67323675728385, 6.807929819950263
11.615344098091033,1.343541845157274,11.526722711738921, 1.3318369137507104
0.07144536380154576,0.018653810169061508,0.06528277320928465, 0.0010000000000000286
1.0030800322419111,0.07601198175112493,32.66885714827623, 4.0708674374376566
3.0868491844215384,0.2735405812810474,12.739255582492962, 1.492180576549052
1.0686371305141322,0.08104574352861266,1.6282244250591011, 0.06872270411156402
1.5095762727978457,0.11744766120012512,1.1109565742064593, 0.12373445274798169
2.4630641734478727,0.20798470256826276,2.357087664252066, 0.22670756071381876
10.992813469418197,1.2613861043218275,2.6048499992661935, 1.1323988477673188
6.3305213867119665,0.6577812182537421,66.13665967017087, 7.975129752978776
1.4077887536937914,0.10867975277083777,68.52329443487658, 8.235386266867266
2.576403847693255,0.21958259909701214,2.6500580511467615, 0.2085310084218382
9.989021952361282,1.1293427311570807,62.016683374350144, 7.520755593943771
5.810309248206048,0.592968977225112,18.032217112211935, 0.5662137408254069
0.9847339458514819,0.07462261562322514,0.9527768652014643, 0.08373870680144332
0.3991173618726547,0.03536682459883348,97.59515710215278, 11.251362287132348
3.7788200738955,0.35044659267409645,1.5446597984445734, 0.12051625531903279
0.392695408696061,0.03499842343152107,40.84206266679455, 5.072611509743959
25.096569215523424,3.1119368211068172,32.697264226382856, 4.074408637251839
1.5798140971587147,0.12361424829388937,1.6267316122142725, 0.1454466416570949
18.174201309953446,2.2107151505535962,92.77205546056571, 10.769046250725303
11.908896265991935,1.3823325783710967,8.210214478545703, 0.8974841526755384
3.2012315996189606,0.28598006005851384,30.706612285659237, 3.825236495671773
6.230042648949861,0.6451991698433679,6.01094759312979, 0.6178670162504842
6.398281793051876,0.6662823151716276,30.593130658965016, 3.8109695081740824
89.79082407375758,10.467573172763826,3.3391905823433303, 2.7607174243220403
5.936794696205772,0.6086499244631779,4.188039371878328, 0.6026115752175091
5.716961007210564,0.5814304789215125,20.356486257367646, 0.5653357315070054
47.787850945721274,5.8979046579335765,36.03721869188979, 4.487844660321332
30.369203853927857,3.7827975396657862,9.850772359854473, 0.8675173126277776
10.039694184059595,1.135992424395075,13.292943641293267, 1.5654918191958551
46.45955658937837,5.741849999776006,9.358578873951982, 4.666401867999322
38.12078784880716,4.742853763486356,5.644438358749016, 6.935909599288949
1.1860512514338497,0.09032089413447389,1.1395686418420625, 0.08209367003163605
16.24897277681488,1.9567715373588488,75.04222602279717, 8.935711931590436
5.042529526179434,0.4990265131524052,5.320798504623334, 0.5017072369952944
12.831177055992146,1.504348950521093,83.46883312144605, 9.819427106085032
12.148648598504014,1.4140330889242347,4.526163135348283, 1.1639815287067894
1.8677577199070252,0.14981224512020347,2.1074519594093806, 0.1365677753147522
0.9218358201178205,0.06992529820412216,0.9209047150747772, 0.07499617051756365
41.69427374713844,5.175123469600738,13.665133534236741, 1.6147853861957477
1.8942661247167512,0.15229355266077452,1.917966437934865, 0.19076523189293373
3.4193118153731925,0.31001103722499534,4.711908582628433, 0.3229323738811727
0.05675916727383501,0.018011867913568663,0.0737551456881714, 0.001
63.00203842224474,7.630025622178933,11.847681538645261, 1.3742412551839582
18.801737394051433,2.2932393683352523,8.605356887027009, 1.3282261222744807
11.32846739442066,1.305662500825543,9.521095710291558, 1.068035053375356
37.23116941463762,4.6342434600449804,11.834600117291261, 1.372512308359735
13.088058581122814,1.5383601575911854,10.440662154945121, 3.166508932233914
2.1153474758375896,0.17340543970113734,47.47654647277322, 5.861404566521831
0.5696549567005351,0.04568571893352509,0.6594949779920296, 0.05151427899201959
7.611224963143021,0.8203388611272474,76.99416546424368, 9.142515910798567
0.2243683313418008,0.025904954849234406,35.317747518607966, 4.399272317733984
0.16394930661201457,0.022919338439680005,0.10062477182759721, 0.019958326652950924
2.337924609617034,0.19535953965771954,70.68434011088632, 8.469229957100612
53.986963829670366,6.615617795810126,22.476951467409155, 2.7734193743032667
17.911382412962983,2.176113344763087,7.057847946037135, 2.293212451572672
7.415403128020483,0.7952539759323648,16.155640217254643, 1.9444359575979393
33.5510729459222,4.180647507623565,6.040381208869892, 1.9976828164799665
13.887685054692351,1.6442624119744407,33.91825459270936, 4.226219116522915
0.7528963784264242,0.05784045088037546,0.7035924090721745, 0.05377716189580027
1.7768757223388296,0.1413912857226033,2.1198837034947005, 0.12230782753651573
1.6398449623585671,0.12895701196847667,1.3642631625423678, 0.15816735953977124
3.279259577741743,0.29453212418107666,83.03443545491868, 9.774436328861539
12.33138052397157,1.4382040273455692,73.17803158162683, 8.736980218512189
0.9042338444520548,0.06862942173916478,2.891549256696466, 0.2525826847551973
1.7514424889794538,0.13905911016588937,77.14057273729478, 9.157975312493146
4.717981649279274,0.4600558927851217,46.51689246486701, 5.748603082369332
0.48534784964282696,0.04045792768832794,2.309848679864738, 0.19255403416131864
53.23326290888852,6.529265753915081,3.0850458117252986, 1.085802777543875
0.8867930841950638,0.06735362036656684,1.000186392325771, 0.05475752045881387
2.3226035249574384,0.19382731564054329,2.3109617736373704, 0.23757663083354363
5.747934046116249,0.5852556660709834,2.111788958482011, 0.6912662325902904
3.627374674125573,0.33329527747983,38.183626398769285, 4.7505103279622025
26.70495458326033,3.318094433065754,11.791371716571334, 1.3667992694578643
29.939229252999965,3.728629507552927,19.74311025330121, 2.0327081052112486
97.17660095852473,11.209765343102703,23.6557340819948, 2.9261573776015166
22.15449772832616,2.7315245535072377,31.814586552925192, 3.9641782160910894
67.89089677844116,8.166631574506473,31.94118594520492, 3.9800131582252223
7.376776400682919,0.790314525730146,45.99351523805207, 5.686901955590643
10.882972031016955,1.2469083704494348,17.520596350215943, 2.5924402664568387
1.320782097350472,0.10135067572062431,12.034168645629686, 1.3988943868117996
6.0982101205906565,0.6287356370175092,40.63332941793999, 5.047448464960908
39.03110721811762,4.853577033925062,14.184906846386252, 1.6836288961954233
98.08410617173911,11.299893639530389,6.743267265092563, 0.9399300486194062
96.27740752954928,11.120236899736984,3.375452198183698, 1.033802958920733
84.12750994298015,9.887532841582933,55.59074859115356, 6.798550632097397
6.890470438651029,0.728392305770361,2.8206258693665514, 1.8211837374839863
4.143854923205911,0.39242777583378047,4.201362507889831, 0.38544520597408904
39.96260922202494,4.966446029684762,16.448552190319337, 1.9831429447825164
0.24138385814605634,0.026773199626554584,0.2819858761985165, 0.05085013504648939
3.0680905335625237,0.271511859221258,3.5352019681487725, 0.23773422703205715
27.611686416740493,3.433734670465317,4.375072744177637, 0.9545768391548037
23.80877924216849,2.9459391047909906,15.893706092145429, 1.9098067364269729
7.493191747054112,0.8052100815991768,101.16066466940481, 10.670187256438155
0.6511336096860072,0.050960982791160514,34.123994783024216, 4.25172332908327
65.70767806717149,7.928123597554741,20.999813182861928, 2.5811159264014463
0.7854522985237038,0.06010657575445208,30.934703616926477, 3.8538919384466204
23.356416199265063,2.8874366167672227,0.18362276589580873, 0.023874612230104366
1.3638851566381893,0.10496191607691974,1.8288633648490311, 0.0725160986614209
4.3366992312063095,0.4149402084517553,3.4430826938017076, 0.4035769606700448
2.2025395772304703,0.18192612743946673,1.3250446989380116, 0.10170606412249977
3.7568852744353274,0.3479523211493203,93.88580269503136, 10.88100900317928
79.55526044083167,9.41191266509338,8.805055072093127, 1.8082493386954923
20.022159297686795,2.4533149451906824,47.363415757744946, 5.848129005862493
15.85672596900395,1.9049166247095561,9.332726986592029, 2.7518877731703117
36.70713852470456,4.570078015734395,6.535642263579178, 9.326862162486819
9.689835668110119,1.0901219930756225,9.321850245171495, 1.0419889684136137
0.598807599138256,0.04754861185927004,0.5483034803668605, 0.001
63.59364765456145,7.695448819325679,5.60345095182007, 1.4231121276304708
81.42973735991993,9.607715425784875,17.24359387479351, 2.088096792835791
1.9752706185530071,0.1599439005796612,49.39461556504736, 6.085587667150669
0.6285016832205073,0.04947438067121598,1.0574061578658185, 0.08017582623950968
0.19103377134210575,0.02423872552989822,28.77234981460708, 3.58114041442123
0.5841642190119829,0.0466094100062623,6.5369887214834606, 0.6837232308545451
39.215697398107274,4.875978120125398,8.608574166619713, 1.7484476968501668
47.34100602996831,5.845498585255984,5.5755845954747, 4.180659796347011
0.027987921754839995,0.016783101972092495,6.97348077564065, 0.7389256554765548
1.2889713647352767,0.09871071833602682,21.667811000047685, 2.6682016711294887
1.5679727421818206,0.12256815355752422,63.99655108619467, 7.739926026341585
11.442426813693153,1.320705978945131,45.46658855345687, 5.62465219997714
45.80903310144556,5.665122609502764,20.550293714453744, 2.5224036676608916
68.52769666109205,8.235864361988584,6.302275099572323, 3.7344029899341513
0.051908639308057,0.017802023229919018,3.0186975326842163, 0.2661857562501137
4.191402659766886,0.39795808478025746,35.465653627606514, 4.417502425839728
16.89564074636745,2.0421838549010944,25.82257124200181, 3.2051555418236393
68.84830058471091,8.270663738640023,68.3345885132268, 8.214885510659142
0.04708037528119302,0.017594219818850138,68.89385243737513, 8.275605016175676
46.89825373922061,5.793481135512768,7.302227962721558, 0.7807898830610353
34.3550575449719,4.280340444765705,96.59874738155655, 11.152257096265336
6.60534432499607,0.692336903335869,5.869531532041752, 0.6816449536302002
0.037490230747061704,0.01718467324271683,42.802071444939656, 5.307847513634755
0.20204321092398736,0.024783904380832767,3.8063515191188744, 0.3535820238873332
1.948020298583621,0.1573590037977437,8.84171969408209, 0.9793921870090165
0.08633566016120486,0.019314705892542236,58.62166833296044, 7.141302041377507
1.486591218599791,0.11545001610209062,1.8945082874769672, 0.10765507779500806
3.670148273937195,0.33812264723393065,3.6381076459567003, 0.3359024399934626
74.53041625181542,8.88127076787624,12.311636071561411, 1.4355919530274963
7.338326970147673,0.7854006684698627,10.68194790583937, 1.220428595098434
17.061060888362405,2.0640154634173564,8.313684658289716, 1.2685261788789108
18.9847767307198,2.3172836047698446,7.18226846634847, 1.1600782724806822
0.6210268552735163,0.04898695220151715,0.6538804447766767, 0.09462346606534933
87.72621353826392,10.257247105198086,22.733571699909614, 2.8067262781242697
3.563947703262178,0.32616199574650134,3.0897598763243392, 0.32506283483376563
27.74361972342362,3.4505255165998854,28.539958371357606, 3.5516823592979723
78.81745978211461,9.334528402778181,9.560195983498144, 1.0731507522139623
22.36852863989433,2.759337893088544,28.868062756843834, 3.593264869775981
2.3687790490147047,0.19845428181856192,2.18326402155875, 0.2235115588135234
12.959026922056538,1.5212753483467416,56.89534803561633, 6.946551510508585
1.2784649788326536,0.09784357252249094,81.64927896678738, 9.63057357175762
3.6487122783872348,0.3357017314497811,85.02238137235585, 9.97984237634929
44.955517640549964,5.564150153729564,5.6133603930332026, 0.9039699162396166
2.1010480209356293,0.17201820340548632,2.2015008339631583, 0.15205728849341463
5.564215301865708,0.5626155813013047,6.306258399322949, 0.5513591229161313
17.144343483121055,2.0750039855272138,39.29548901234963, 4.885656003742379
28.821224659360578,3.58733224022297,6.770913629824486, 3.7654792139363886
5.6248922813999815,0.5700796955463454,16.33904287534184, 0.5603645075527733
4.4608813079356135,0.4295493371072569,6.282560139348296, 0.42161074413820104
0.0813493759982511,0.019092274063509065,0.1162077270108677, 0.13766136258404496
44.32560986699147,5.489408938263994,8.189702893394582, 0.9340892127251579
8.441151680692835,0.92737541198194,49.17107582921064, 6.059547069774275
36.881012493497,4.591383703319981,6.766641665825921, 0.7127093251539285
2.527382430881737,0.21454780104429746,88.87922857638856, 10.374864898625274
0.36102509792554116,0.03320402485756532,0.48389512013094804, 0.04441564197008456
2.642827122528032,0.22644849009480764,2.7880915705366824, 0.24226166164729007
74.18373139906758,8.84434245892936,5.375035064045296, 2.0374192206317465
88.95927651943882,10.383015642443091,9.894137172265106, 2.9645071379323924
48.69397032428532,6.003891959507339,2.6741243644407056, 0.22970065484405117
5.474240246458906,0.5515722212084505,31.652330009199687, 3.943871071283165
0.8269987984716995,0.0630428247775389,95.78125555494566, 11.070740568335133
1.8284496460739526,0.14615350904451985,3.071200343375449, 0.2718479557817688
14.588602854135475,1.7370915536825409,9.106309792313484, 1.013857157790844
31.997536542162322,3.9870587507808777,82.46304078416573, 9.715165416058415
0.20758603469478154,0.025060302031685324,0.21776161044703518, 0.012524389132849461
60.973752329639055,7.404682380921611,6.657583675446055, 1.7668994888043528
0.4316740588229713,0.037257671982968886,0.38127984572184337, 0.001
2.3073527641255502,0.19230511922724164,1.8542753251103044, 0.21123984224446385
47.119120657308535,5.819441427067433,9.51696040789114, 1.067494091307211
3.0308311434375605,0.26749201466108236,86.40080865449345, 10.121545451219722
20.71017562294079,2.5432959049637502,39.15393308848459, 4.868484567078398
3.1627527786871052,0.28178226144011914,60.019650108151176, 7.2981144529224515
7.0001274003758684,0.7423102222632337,88.17838500728811, 10.303420442665614
2.232142571564017,0.18484271852943254,21.27120624324246, 2.6165206888421704
0.8781326978895121,0.06672316975806586,0.8793657949381405, 0.023413966382438825
33.71039376458385,4.200429715549372,3.4360404779498794, 0.9478925161122033
1.2575966587124405,0.0961283155803149,1.1811800437600666, 0.07993575926308247
40.53188266478523,5.035211144729841,84.86856726592778, 9.96399365065332
0.7130349897073645,0.055108337147435835,0.7092991467434518, 0.05798451558670281
24.26954386274699,3.005426043041936,25.813959219263502, 3.2040513141421303
10.29658183892619,1.1697323972277422,2.024114184473547, 1.4543272264832128
0.5481398501411034,0.044328815833224434,0.5158470550756695, 0.0552118693807351
6.196856730011519,0.6410499929876159,6.52539531368621, 0.6225110524427786
7.771158177273712,0.8408783968901469,2.922830493289645, 1.2176942295739923
62.415847702374265,7.565066581745205,87.58923329038441, 10.24324718411746
2.4471686977890936,0.20637034021327427,25.18966834398556, 3.1239055523348416
0.15860677556302072,0.022662781300283732,0.18485209418631995, 0.08345347651819798
23.9231767031401,2.9607180334513505,3.597424110958266, 2.180412885389279
3.4601621653763006,0.314556019675143,38.34082527124355, 4.769655486765353
19.16950800977189,2.341537558312602,3.0383696801130995, 0.2683042839930087
6.640413849058566,0.6967607667252617,86.15021972970773, 10.095828424014545
0.4449078809284497,0.038037229732936474,8.994527394633007, 0.9992870000448159
49.616918735329634,6.111461718903943,3.1348152290897766, 0.8788893764227727
5.240290322345517,0.5230028118477997,5.146489477573528, 0.5220176511867284
53.48334162160639,6.557944768133687,2.0656387541697296, 1.2069178612702525
0.7609792789625973,0.05840019295258598,0.8488178929896708, 0.0607412256573391
3.298991964642103,0.2967031131180844,5.469664802474068, 0.5510114468999235
0.8186128681293197,0.06244620933441945,28.13705159943233, 3.5005432297989043
4.239389908578075,0.40355318855396205,4.632802965928615, 0.3979809265199204
0.28201205186378053,0.02889381169050312,0.30687218670851346, 0.15413321531219118
6.9268547272628185,0.7330072367798462,0.43730492786879394, 0.037588598951183175
0.34236966038053973,0.03216467834408656,46.004202380597185, 5.688163153092881
1.9344888759617103,0.15607966918247707,76.28216383982894, 9.067231098095773
4.9051205947366885,0.4824674011804963,0.14067134753331945, 0.021810502552202068
0.09637731229900393,0.01976605221130494,0.10301220466917137, 0.009745272382305383
66.01527840992534,7.9618363346531655,5.654292865469628, 1.7419994293068946
60.68929260775693,7.372948075185582,1.2604687115192262e-18, 0.014338473574141452
0.3799397974013412,0.034271209170326715,0.44751384000342925, 0.102431456170787
1.8545947027785634,0.1485842826096118,24.171461783333427, 2.9927718669248553
31.395859777142064,3.9117446088710475,4.1367289903190185, 0.3916001309053433
58.187196888296214,7.092404323751896,16.57702335545334, 2.0001135023459344
0.11161409772333508,0.02045952992525599,0.10179061157595043, 0.15150659192344004
6.501098616170089,0.6792055044309813,62.21287790824763, 7.542542885700269
21.2153595537214,2.60923780174421,3.9883398862994115, 0.3744369288743461
3.5221467879229467,0.32147752170287325,4.332881518980936, 0.32012539626579317
0.12706263472941015,0.02117316530802121,0.13004655248100463, 0.001
3.890020607292973,0.3631426067299923,4.372253801574906, 0.36102239147815457
67.25992930661387,8.097884458496653,36.79473370070015, 4.580813440840505
0.1965258287320717,0.024510051807820402,35.78590706169899, 4.456936545631053
10.401002921039831,1.183460155709758,4.497623105345707, 0.433887882542145
5.414943079614807,0.5443108135319532,45.78401029636859, 5.662167265749012
7.11130830789687,0.7564490529115285,5.472375853682921, 0.5513437084887146
21.942427112667612,2.703945232899677,5.672488376244809, 0.9312067167063661
1.20625823443857,0.0919494778079112,1.138035568291912, 0.08890818476080234
33.23462180121258,4.141315944600372,6.690712376023982, 0.7031111211566964
2.002772829575786,0.16256408544517936,39.421091600510174, 4.900883813897641
9.838396506125651,1.1095879587875026,14.969913936001573, 1.7875774969945668
0.2187484767755925,0.025620808221006933,0.22859124675420314, 0.0472960331746375
3.378835611204586,0.30552091199001497,67.45510665445869, 8.11916586634621
25.950661575834697,3.2215747649678725,5.226851450474393, 0.521368309972436
0.10143289280820933,0.0199950001487027,0.12683966777452138, 0.001
20.2164797260721,2.478748659500249,2.3608735234837526, 1.375133420041895
44.74458166724551,5.539142778325815,33.4361902996567, 4.166374818596422
91.05257975712654,10.595484952445304,6.775359110986401, 1.020554064426093
3.3990271599722277,0.30775915073250776,52.2083164493136, 6.4114396116084
3.9579791411645333,0.37094251745790013,1.9538244489995829, 0.15790862151841764
1.6156667852726696,0.12679727898846857,47.28934137814777, 5.83943337725037
3.0494179849710923,0.2694956910896037,9.15193304273259, 1.0198077606610922
46.678400600994834,5.76761742229872,6.240791687021663, 1.7624870769576284
50.557008738480405,6.220632781627462,6.556452153839607, 1.1373154340971374
5.904954786310685,0.6046976657720673,14.537718973423209, 0.5852847979005231
54.24051798432062,6.64461242337524,81.5653195980385, 9.62183375769758
0.49219703883509336,0.04087358779246264,0.48767184592245444, 0.029225268869869706
2.0726457135004734,0.16927146294501108,2.6256775485822943, 0.22336720150683503
2.8673420690208453,0.2500109005099332,3.0181068151240766, 0.2504575739371229
0.4055689277573429,0.03573845167282139,0.5301418670552739, 0.12354582143703087
0.7448505784296262,0.057285186717887196,8.716233111921776, 0.006302328196133635
1.521148351815531,0.11845723393171971,1.313762841037691, 0.16648246215992082
7.148710917131435,0.7612115710515911,28.15958297037511, 3.5034052574249173
72.81283196139164,8.697906125601474,6.628741791743268, 1.3168241520905137
0.2528587137824181,0.02736539464875271,97.33559131186293, 11.22557184301499
52.9843320582638,6.500691331157278,46.341638295795015, 5.727956614437791
2.592895248402315,0.22128258518921928,2.3578762164753075, 0.20932542618509564
19.734010621783003,2.4155723677004084,71.90044043757533, 8.600080172200627
13.153020992854891,1.5469623361820568,1.9094763803456536, 1.669585068655447
4.932350100718219,0.48574205461856407,5.768575003347122, 0.4769669453918006
28.412468057446244,3.535509703612045,8.014229297355138, 0.8999838337215827
10.141740699487029,1.1493897279625798,47.662935636375686, 5.883263865229476
1.2266520027082213,0.09360245923135678,1.1213474894146496, 0.08214328790905234
0.1801251665378809,0.023703577248715243,0.1984710329344725, 0.001
4.096742673429575,0.38696166002711857,28.908103882155668, 3.598335672938133
7.730898533119516,0.8357037765271317,2.6887554956659585, 0.23122470392916525
7.975258238113913,0.8671537999041482,2.1139864446945964, 5.28066525228219
0.728869599669415,0.05618797744262018,0.6986414140767842, 0.04938230260821059
5.356189011862168,0.5371292445062864,5.907308008522051, 0.52700357534117
17.65216594881959,2.141964040060362,2.386292468556459, 1.4797996505233137
15.098788943950062,1.8046369959270003,2.0488361920489297, 1.4963123138621415
2.9939130097671978,0.26352188917088126,2.993108051866325, 0.24121158597822637
16.978160560980694,2.053075477093966,32.91254929174114, 4.101232203124228
81.05138460116652,9.56828573103018,25.303073523761455, 3.138478946665655
14.23411335572396,1.690145949618554,54.04749777260619, 6.622542541837354
0.7051721536125832,0.05457503472505751,46.11350307541713, 5.701058724446666
2.3533163423793537,0.19690184405547306,33.39752973870058, 4.161570198811888
74.87869972683022,8.918327478309044,0.5899567709202673, 0.046980100757672345
21.73229883868945,2.6765983533961157,4.230394422925872, 0.40250331916964965
2.277060924280109,0.18929059914245244,43.06666252095257, 5.339459482109881
9.494917307002517,1.0646107759346266,6.3700280308790385, 1.1482710943854715
8.1419525126008,0.8886635326286679,60.28556205240444, 7.32785216055383
1.921019562613016,0.15480901386911583,1.9289618409022047, 0.1588586585800592
95.386449757694,11.031305111292946,11.576593907358204, 1.3384234509379886
0.06652742614662133,0.018437745232096063,20.530079913803753, 2.5197615024252475
42.88919774015305,5.318260661151863,0.08713706913037034, 0.019350560474650808
13.482354062368882,1.5905769252162005,14.76518199201522, 2.9734279157109125
7.690823680861062,0.8305557198581776,15.91475576380825, 3.518200652291094
2.479032945823049,0.20960957505339048,2.729268193384017, 0.18252762430056457
20.119096016108976,2.4660044778176724,14.298287750774122, 1.6986452270690962
21.11339098214693,2.595936702538226,9.260594472018893, 4.894610171269191
10.828429151297543,1.2397215980876097,10.802582695674431, 1.250412867955376
4.536773316811901,0.43851873125120033,2.4330773058245985, 0.4873555749825323
44.53461389073482,5.514229133591311,88.73877610751046, 10.360558920995665
43.499143131133906,5.391057047937299,6.360067041751999, 3.767150841790134
57.37592378488594,7.000890671695431,14.737943655398938, 9.804197015369608
39.58743521226579,4.92103883205916,17.815733822445633, 2.163515024492016
95.83090391711536,11.07569662303291,14.839827757843366, 6.632611975488932
2.173207714895005,0.1790479878124109,2.1028921981396675, 0.15322227603818928
59.564450637654225,7.247141787421355,1.4887683983331477e-17, 0.32070947127522714
45.38031205620082,5.614447224766034,7.111227512432503, 1.7229934567426395
84.52004723396306,9.928055462131482,42.97223625200915, 5.328181817542786
3.1246263829013525,0.2776359372465329,3.878019166451992, 0.2728454383864719
77.72340968837608,9.219446601878765,2.375645517719637, 1.592596279359473
8.660842124472964,0.9558786549648647,13.19574742272032, 1.5526202841511116
35.68052681040855,4.443966466584492,14.90960157654309, 1.7795931077193152
31.247162676903216,3.8931024926178623,30.819002804511175, 3.839359676028439
21.42070944780616,2.6360104292832456,5.577908478915678, 1.2995821994524188
42.487219286777794,5.2701863082200004,92.96737587645036, 10.788707254676769
7.650932772302957,0.8254341176802216,5.308636879669189, 10.036495630401586
45.16742627516666,5.589251541699016,61.12644048831753, 7.421702905525052
48.92311759409673,6.030635310641868,7.325146322624744, 0.9196754989656036
18.620374503370886,2.2694033958013606,21.71237780480598, 2.674004721315371
59.28645961505653,7.215971331928243,14.470795185312841, 1.7214910225846902
12.767691908962114,1.4959447877501577,44.55670504555237, 5.516851341002477
27.21950883690142,3.3837701142661656,28.23082561845746, 3.512453060607928
5.444523462971117,0.5479314933682521,9.163542815835232, 1.0213223661571609
7.037017335713632,0.7469984822475685,84.89261148148815, 9.966471609169929
0.9938858884720063,0.0753146288976541,0.7424614928478235, 0.07190918731353768
1.0309176209047357,0.07813640764012002,3.7046047352926177, 0.020062090842919704
37.05568822445454,4.612772099203998,9.550156213901195, 1.0718370623521603
0.9756240106769267,0.07393590916981985,1.2013829717125153, 0.09451486498762525
35.51216307475026,4.423232600593154,4.309224510251781, 9.955997230243423
69.81900980709693,8.375797926929346,4.027568549564734, 1.9892882713812734
17.73817422860384,2.153297157492741,79.07068783004176, 9.361108493662181
71.80108671233322,8.589409712440728,46.700832983349066, 5.770257420662159
3.5013901196682866,0.3191563942011292,80.31206451083273, 9.491104181580349
92.76223953405626,10.768057885962536,39.064724123126766, 4.85765791340703
8.931229017938577,0.991042606387791,10.046410897736179, 1.1368740005964706
2.1441445012763833,0.1762078930284093,1.994692475517972, 0.18901297932091154
17.99858598353726,2.1875967666527014,6.317849580826827, 1.3069819108916194
27.876161396812552,3.46738472926624,71.49660651736062, 8.55668703338853
0.41856144447739974,0.036491473893602355,0.32083819221083, 0.001
0.3673010139632269,0.033556630766459726,0.47212445542610765, 0.08578113318812486
40.15149471469791,4.989280225286977,24.519217610900583, 9.354967402853923
11.385316034727634,1.3131662882789772,43.41761603168294, 5.381337281433974
0.18556692251316753,0.02396990686847152,49.920671488767134, 6.146779584752976
35.34457212917844,4.4025794110089596,23.352612516893288, 2.886944282728229
14.025300857927736,1.662489620826865,0.293148212353314, 0.029486585436923972
1.087758784369143,0.08253391888652917,19.405805833588396, 2.3725431031018283
57.64510500487572,7.031285230322347,15.527698949231773, 1.8613960618854362
10.244730492068447,1.1629184408861606,8.911852611897823, 0.8989566383681715
9.938582306368916,1.1227255070519202,62.88130370962408, 7.616657360865129
5.297973068989927,0.5300268103256609,4.508638333850603, 0.548509371749852
51.03358109636513,6.27582473681926,15.92392941406209, 1.9138031537401392
38.6644647777224,4.809032081645183,8.201722732392906, 1.4171965561093154
80.6747684827888,9.528990976903748,12.254869136413912, 1.4280825077339354
0.13748075072293697,0.02166035075144473,38.7191094547275, 4.815675384896917
16.328510696467212,1.9672823716043266,0.0, 0.03188569296172342
1.5444528383247556,0.12049808520836891,1.5252448366066638, 0.1114833763537308
0.6740800609081081,0.05248462437230551,68.47321923619447, 8.229947445520175
93.19459301799861,10.811565133124908,8.827023252665018, 0.9774802149229631
12.088296259282046,1.4060517374921644,33.16003908692297, 4.132038509143088
26.32520548774189,3.26953780226036,11.012230772525136, 1.2639460398908913
10.720093298720597,1.2254515754915056,6.411256101067388, 5.738734836632633
39.774590714368905,4.943698987382145,5.694534857611488, 3.857341117001094
4.824179685844764,0.4727536147126779,4.830144947229906, 0.4657992431053622
2.6261065343566528,0.22471547419101015,2.15453471564008, 0.21240240107830985
19.44981157152182,2.378314905785402,8.750400193583904, 0.9675159303957662
1.0496906107066404,0.07957999686050037,56.81021571262905, 6.93691545910861
