inverse_temperature,color_preference,inverse_temperature_recovered_slsqp,color_preference_recovered_slsqp
22.048218509519362,2.7177057396362425,4.891635140697449, 17.4644266248486
20.2164797260721,2.478748659500249,6.739121603817478, 1.1128128407912767
1.1760172691812443,0.08951566105952116,55.366050032803656, 6.772986981749117
85.70855286479392,10.0504546478408,14.528854316245768, 1.7291795621946024
12.578979506128439,1.470966686796227,7.229152403574795, 20.021405294801234
10.141740699487029,1.1493897279625798,4.77922788048629, 23.59964310065154
0.2356859022572646,0.0264811311894278,28.230815886381016, 3.512451824815739
1.6156667852726696,0.12679727898846857,0.8321025732933998, 0.06340690065328065
1.664246632838382,0.13114731384983583,1.7060441963087538, 0.1396477909393115
52.48989289271433,6.443855039188319,65.50458517880124, 7.90584509428973
7.037017335713632,0.7469984822475685,3.2701466596559894, 0.8134722241946111
3.670148273937195,0.33812264723393065,4.205663860971874, 0.32720978593598177
69.1703828670383,8.30558556193647,4.238106783370404, 0.40340340508643086
5.504094059042165,0.5552330857603399,30.01769306086459, 3.7385215490306516
5.297973068989927,0.5300268103256609,4.906162638521752, 0.5343773629884676
14.588602854135475,1.7370915536825409,14.807010305759995, 5.756677061986919
77.36206898551762,9.181349767907108,5.0301578147666755, 3.070884953935735
4.587953033774356,0.44458460301842095,4.051969759989994, 0.44468961649437594
17.48133191205737,2.1194468809459406,21.83837476862304, 2.6904059674126106
0.4251026703029981,0.03687291451246567,0.42257275804216127, 0.06592301795674023
2.415596292436303,0.20317292827971647,0.162709700405546, 0.0228597012749648
0.6511336096860072,0.050960982791160514,41.32223192791881, 5.130414774170425
1.1560872613109225,0.08792313305353597,1.152108809464347, 0.0916898518930712
3.298991964642103,0.2967031131180844,2.5306410138602966, 0.2826208876262469
2.6596248121486252,0.22819262929296763,20.26027749326846, 2.4844790121945413
6.364323655902727,0.6620203955593887,1.1507135861583722, 0.08749531791805606
3.713317255789323,0.3430081422718703,30.99712335581079, 3.861729082467665
0.9665558901340296,0.07325447693037798,2.3731405983437046, 0.1988927209671188
96.72597004536892,11.164926339971391,71.56496586319294, 8.564036534453113
4.143854923205911,0.39242777583378047,4.3437683813377985, 0.40309343904619976
9.591928122974666,1.0773034565689144,25.4484161705517, 3.1571471045224886
63.891499846902164,7.728335304185593,25.481775379718524, 3.1614303432472597
55.78658527936262,6.820813231430224,3.1396542611620912, 7.2650380089081645
7.975258238113913,0.8671537999041482,9.609211675567627, 1.079565690493082
67.57468734136253,8.13219747842794,61.03329742915099, 7.411321127949523
9.888374178513372,1.116140625123278,4.801018486570602, 18.807714550034145
12.148648598504014,1.4140330889242347,17.2796764365857, 2.0928559968564597
5.904954786310685,0.6046976657720673,95.19991141331369, 11.012657297215853
11.849644390744855,1.3745006861722402,23.92538315942833, 2.9610030214462446
90.20947586037609,10.510066647290461,54.33503374198841, 6.655413476666427
0.810265429234097,0.06185430646598474,39.8489515984208, 4.952697497414598
2.384313056795571,0.20001690614034523,21.05893981995869, 2.5888320652808776
1.6765319229457178,0.13225403587821896,1.4708119554827166, 0.11987499393698137
5.9687814252899045,0.6126236861347095,23.690193580103774, 0.573029894801608
19.82961863811211,2.4280990770430684,3.158451878374353, 8.234244422186952
12.209279232530541,1.4220521593299993,52.33835730372276, 6.426414407423806
0.7368417086806083,0.05673437176070111,28.870285579667144, 3.593546389655537
34.031242754939434,4.240228208800377,67.04961512340783, 8.074936654328155
11.968421361618788,1.3902016236809034,17.53605364458617, 2.1266605654155772
0.9485443261069915,0.07190730541714849,40.96293384238285, 5.087172823077624
4.3366992312063095,0.4149402084517553,45.53325581878181, 5.632535340270295
1.331483614616344,0.10224362762468127,15.625517986011364, 1.8743366705307838
4.959705166539568,0.4890352088685525,2.1793002708557588e-08, 0.052000744087525086
2.3687790490147047,0.19845428181856192,2.0291416463402214, 0.19653372064650984
1.0402825242321478,0.07885544942540325,1.0288733632076803, 0.10370281759265519
55.00821712385413,6.732232459757243,7.94246410719717, 0.8902275799470654
11.048114352924614,1.2686773337991153,4.755588577933462, 20.163278460377597
8.184107595910463,0.8941098707486415,84.44153113224984, 9.919953909620657
5.564215301865708,0.5626155813013047,4.405207565504962, 0.5655284679939189
11.79066448179512,1.3667058066191045,20.877258398514645, 2.5651174793622227
1.320782097350472,0.10135067572062431,1.7454445192835053, 0.061749105740046314
0.08633566016120486,0.019314705892542236,0.12137159307950592, 0.001
1.7012727130086587,0.1344908392020238,1.671107286128456, 0.11119463562284651
15.625672479242983,1.8743571073261087,33.823364368855124, 26.329445614759603
1.5561857390622342,0.12152944646134028,1.520235102020868, 0.13273938581544353
3.0868491844215384,0.2735405812810474,8.842839491099458, 0.0871768706311444
3.4193118153731925,0.31001103722499534,4.087685455281551, 0.29144677753462367
0.16931647297180707,0.02317831135145161,0.22577398651857578, 0.255148235991782
1.0496906107066404,0.07957999686050037,0.932145082970941, 0.1268137620633608
0.5841642190119829,0.0466094100062623,0.46891118999655695, 0.04836851218920316
1.299526197353456,0.09958425899785285,44.40135569069588, 5.49840651783885
16.569331804532332,1.9990975902491697,0.31218461483837356, 0.030511183725275785
9.739128301443603,1.0965787684189314,22.332968199734676, 2.754718273434396
0.9847339458514819,0.07462261562322514,1.0623264893470823, 0.06759816846109602
4.851035959658134,0.47597326404909435,4.156567095304272, 0.476150972082317
48.92311759409673,6.030635310641868,45.43558776787119, 5.620985763800448
27.611686416740493,3.433734670465317,4.992137549456157, 8.796649775257299
40.72339317321632,5.058308404272981,5.000990524033475, 15.71372315667627
56.04843779172506,6.850555103874098,8.32753331680155, 0.9132205882776732
0.5129346862093145,0.042141980986406195,0.4610207805194176, 0.025811520775565054
32.14969374271998,4.006074894279096,14.109186177237117, 1.6736000469363495
30.22521910766804,3.764669150764372,13.869185361696081, 1.6418121134347043
28.009314242188633,3.4843125309752105,45.94721923832171, 5.681437910210631
5.444523462971117,0.5479314933682521,6.960059728307748, 0.5297719843268568
14.951341129587677,1.7851188007067131,41.250386369659914, 27.237084150361056
3.6916831144742615,0.3405580942765901,3.249963499827906, 0.34705839391472554
25.459243470989684,3.1585373640817327,4.829264740262527, 1.108573327318327
8.1419525126008,0.8886635326286679,18.49229482610222, 24.463726538436724
33.23462180121258,4.141315944600372,26.711895749184947, 3.318981279579198
3.9352220010112067,0.36832718712956164,74.78893452068422, 8.90878063518468
4.665611008252436,0.4538144141808387,2.995315618031847, 0.49146775437534895
43.0915782255669,5.3424345328742575,37.5756508097769, 4.676347610778138
19.544109098147135,2.390680467538034,29.74250217059767, 3.703813719723992
13.349711075324755,1.573009752255396,42.464496251219785, 5.267466414114319
0.7854522985237038,0.06010657575445208,0.7764011973176517, 0.09948305436687041
10.559447129234723,1.20430335739498,12.641383669034571, 1.479225901303973
24.26954386274699,3.005426043041936,17.449371311578396, 12.651804399364483
0.6210268552735163,0.04898695220151715,0.6194724981009702, 0.01682944402583628
2.4950753528981333,0.2112450123375731,7.317742727078234, 0.10112459387376668
1.5444528383247556,0.12049808520836891,9.27464940080833, 0.01806173911332438
0.2528587137824181,0.02736539464875271,25.371639393428133, 3.147287033315685
14.445827802682347,1.7181846171960538,39.910800256612255, 4.960179785244058
14.304360419113783,1.6994494825279836,20.240620097528478, 2.481907202355456
98.08410617173911,11.299893639530389,81.34775267205113, 9.599175390469219
76.64435563198172,9.105549570951128,4.9291776809322485, 19.687479418448447
63.2971626047385,7.6626790358360255,5.691331853156886, 7.750586620614551
6.000915650571102,0.6166190442776904,4.454415143116474, 0.6115278446032019
13.751329666105505,1.6262020412516802,9.860904615829746, 4.878876862744304
4.511359509536729,0.4355117571600188,1.0363913255716213, 0.0785564165362305
2.3226035249574384,0.19382731564054329,55.3052882255069, 6.7660705063623885
48.0128199464114,5.924254152237764,33.29856449648274, 4.1492675505879255
69.81900980709693,8.375797926929346,47.517576829067245, 5.866217894101314
26.96104809709872,3.3507981877688744,0.4282536477682797, 0.03705721106588958
0.7609792789625973,0.05840019295258598,74.05758787926167, 8.830895506006282
6.535687445705443,0.6835593714212247,7.055262625039426, 0.682510372274466
75.93321577075551,9.030271591425413,42.26172420437649, 5.243183931376158
12.831177055992146,1.504348950521093,30.608671960406102, 3.8129237688472495
1.8284496460739526,0.14615350904451985,2.1283384133808663, 0.13467600427737444
13.415880010791895,1.581773015809085,78.75090265734572, 9.327538709341214
57.10797810755894,6.970605682360861,21.19072472674596, 2.60602477440306
12.028220937490604,1.3981079629663133,25.112175398416767, 3.11394343883554
23.46872773802986,2.9019706639375267,42.38348637840038, 5.257767674883806
5.327014083919651,0.5335681793657947,5.7412589787008095, 0.5234776607224688
47.563914553465594,5.871652899016651,4.240339335493166, 2.603909018176523
25.950661575834697,3.2215747649678725,18.7105443887674, 2.2812556215026
12.516651946660824,1.4627182965404864,4.759998174451004, 9.227335531785748
4.3613076505106125,0.41782841206204907,4.862403213727406, 0.4103983713384407
0.33007497950866793,0.03148695734543395,0.3112394011339954, 0.032108112083474166
5.356189011862168,0.5371292445062864,24.48221907096361, 0.5058044302118692
80.6747684827888,9.528990976903748,84.78719751574445, 9.955606476109754
1.0309176209047357,0.07813640764012002,1.2635731631872913, 0.03421054676304925
0.09637731229900393,0.01976605221130494,0.1206283931283234, 0.001
79.18551153714645,9.373153984076085,29.429469575262278, 3.664285147608408
11.271879689554957,1.2981944796805172,51.036878945851484, 6.276206308023046
51.273516705633924,6.303573365346158,78.65332983233212, 9.317289156189101
22.912301539749937,2.8299055022602913,16.777142168754796, 2.0265403085080407
3.012329615566256,0.2655007679422966,3.700978877045175, 0.257029310020144
9.838396506125651,1.1095879587875026,41.59825052846223, 5.163590760291209
80.29988103360184,9.489830793705524,64.72049252799765, 7.819685500006451
0.1801251665378809,0.023703577248715243,0.16756628400395765, 0.08085135413862704
6.196856730011519,0.6410499929876159,7.588883548758969, 0.6241407133110481
71.1343060522281,8.517707220491152,90.14372342109016, 10.503396167445716
21.42070944780616,2.6360104292832456,19.547303174969088, 2.391099257400254
6.711038777314797,0.7056791869086955,13.676211232190154, 0.6591363443062613
17.312062533694437,2.097127326013607,74.52068304390582, 8.88023457050887
9.351064504685235,1.045805569634383,4.72542903625674, 7.655144838045808
61.25952374322576,7.436530429552814,7.078127058810643, 1.057774388730799
0.6895545870964226,0.053521325241578155,0.7146303742329688, 0.0033350600413290903
0.2243683313418008,0.025904954849234406,0.2514857489531951, 0.09299236427312864
7.730898533119516,0.8357037765271317,13.391906749528802, 1.5785980223150224
72.81283196139164,8.697906125601474,62.26657068395262, 7.548502789426836
8.311742740475271,0.9106160628950913,23.6709238445101, 2.9281212247445216
46.678400600994834,5.76761742229872,5.356214123724931, 8.85829431552136
29.235661912054784,3.639786236900636,49.89669979711526, 6.143993869546454
4.4608813079356135,0.4295493371072569,3.9486592249323653, 0.4368969051376054
2.1878399103035773,0.18048227668280367,1.808197407380114, 0.19024372443163462
0.06163206184130021,0.018223769879672756,0.043914626524852, 0.0010000000000000874
10.666298032904619,1.2183680596038748,3.703987597342795, 1.739450125232203
2.576403847693255,0.21958259909701214,60.11640562474677, 7.308938207504993
0.16394930661201457,0.022919338439680005,2.2171493921716503, 0.1833640604971259
18.262616782742565,2.2223504674068812,40.11328116889489, 4.984662057578377
0.7051721536125832,0.05457503472505751,67.839761631189, 8.16106565516497
9.446745602916458,1.0583113218102493,4.747280605762802, 12.629824672609082
35.34457212917844,4.4025794110089596,6.072134617498758, 6.249448077021837
0.2879236254336299,0.02920787187108188,1.137681716105746, 0.08646060642736067
0.0763859788955914,0.018871980983517986,39.3107198315939, 4.887502979257533
23.9231767031401,2.9607180334513505,3.622762344659192, 10.619706716335605
1.2472342828110503,0.0952801299342655,1.3479463020494176, 0.10019594296532644
58.73429965216526,7.153965506122114,42.17650181849351, 5.232972340240425
10.193117143059025,1.156137594074655,4.737735680050239, 14.886926073637772
0.5914690671324021,0.0470770591543041,0.00017535105344540882, 47.12516634625547
0.32396993108847605,0.031152585648524477,0.3419036695695154, 0.08567323983209893
1.3530349161905568,0.10404920937900852,16.306603452736304, 1.9643875005942255
4.050061921841296,0.38155913987309326,98.42898795328138, 11.334085752630894
6.163823134547501,0.6369230756043962,5.352007670081196, 0.64137496642545
19.92566751911294,2.440679873983282,134.19719206766396, 0.6559740184274061
0.05675916727383501,0.018011867913568663,77.11628508214122, 9.155411236142355
3.627374674125573,0.33329527747983,8.437552868978225, 0.9269090271036966
1.5327737916392783,0.11947402817924825,51.970073777754656, 6.383985558684122
1.3967369955949183,0.1077401640810887,6.668545225570331, 0.7003116639009095
12.959026922056538,1.5212753483467416,5.920966355824678, 11.090882470104575
1.9076120734557755,0.1535469906876937,1.9435027517990449, 0.16508748106942783
8.05822193375535,0.8778537670232271,5.682710436471515, 7.72204650059622
32.30255256576549,4.02516655849042,18.425474893160125, 2.243775350637495
9.303553085423006,1.039599026153604,25.84719738996286, 3.2083128826440404
4.717981649279274,0.4600558927851217,4.947079991506832, 0.4576334021816783
69.49395032503521,8.34063017631262,11.149609759091161, 1.2820629117423161
0.0913449369205439,0.01953929304995884,28.830721860012034, 3.5885352714563963
10.506389229851719,1.1973219077203767,48.1425365492123, 5.939436608781686
0.5339605328008139,0.04344300666305214,32.21356389106687, 4.014053590372297
51.03358109636513,6.27582473681926,13.573846290317045, 1.6026945917254218
0.142725866111993,0.021907424405929354,0.10322956417980537, 0.008889790663909377
12.088296259282046,1.4060517374921644,4.048575086164002, 4.840271581682492
0.29386245826521606,0.029524771633894744,0.29702610143526403, 0.035833079867781614
2.642827122528032,0.22644849009480764,2.6018291682707817, 0.2722526838490339
3.2012315996189606,0.28598006005851384,3.5436359232998513, 0.28334325016120193
2.262019204131341,0.18779817095292917,2.2269903100287882, 0.2036259826428319
0.7772570667492842,0.05953322633764143,0.8554619231731132, 0.11405629560061704
1.4412507381544337,0.11153958789345444,10.4747807794659, 0.01444546306687201
0.8695120627848683,0.06609764451677588,1.009385045558662, 0.11374510170659535
85.31056032915512,10.009515987515227,80.0506291094545, 9.463768939348325
74.87869972683022,8.918327478309044,4.4807769160595825, 19.41529772951842
4.932350100718219,0.48574205461856407,5.7496902373395535, 0.47903491358323175
56.31149775014,6.880404971364859,6.394203064298046, 4.505562168993771
22.261267018517234,2.7454018719963647,4.78375597596886, 10.134995680609995
26.074935617120058,3.2374968493425778,48.73136613219259, 6.00825799279913
4.878016072274914,0.47921116531128527,29.89677223358334, 3.72327555184304
58.460119025252475,7.123129494422186,47.67180752766219, 5.884303939806857
30.95181290415621,3.856040306787657,8.326232741789363, 0.9148047706387232
3.4601621653763006,0.314556019675143,3.339834547030731, 0.32195523100853124
84.12750994298015,9.887532841582933,65.08345639561486, 7.859598813301368
0.12706263472941015,0.02117316530802121,62.90589103207191, 7.619380236655882
1.7641298538705752,0.14022115746416453,1.6314219156283492, 0.15395273367304113
18.530316921497104,2.257563056439249,54.2085545949124, 6.640958847065391
6.398281793051876,0.6662823151716276,6.965467673889316, 0.6650580906009035
82.96067551242973,9.76679103175195,92.06671778381468, 10.69795475710878
4.167574104914816,0.3951848686577519,4.373169871286166, 0.38862049073841787
75.22858919562853,8.95551294714611,4.785606457494436, 11.74673106517251
0.26443963839253937,0.02796846527333805,0.2946018794231092, 0.04111700555830278
16.408415378867943,1.9778402130710409,15.052727530371723, 1.7985399751720847
5.810309248206048,0.592968977225112,58.8538821611886, 7.167404821849051
0.30582240508140446,0.030167172026174936,13.86640372293299, 1.6414436831276424
11.73195529081655,1.358947799645131,50.66953131601458, 6.233673210065762
30.51385253811184,3.80099861646517,2.944227560107421, 6.570704925006528
2.1153474758375896,0.17340543970113734,2.208446985481399, 0.15250546384039873
71.80108671233322,8.589409712440728,49.229626529943864, 6.06636995531547
1.9889900926610835,0.16124955805362617,2.133526843466706, 0.14846442724543207
0.5768929001678558,0.04614563852102816,0.3978889499874486, 0.015570457896119326
23.02256519099343,2.8441979248297704,5.593466728207678, 3.8681627709008315
5.936794696205772,0.6086499244631779,5.153590909886654, 0.626163077505406
2.044503541046201,0.166561369509467,69.47022944547732, 8.338062338508351
1.8942661247167512,0.15229355266077452,13.625182579223104, 1.609493942339083
2.939168835815193,0.2576588463706011,3.418933138943907, 0.2704797061212231
26.32520548774189,3.26953780226036,59.77400804631029, 7.270618192616859
9.069247201869178,1.009024758965709,27.413714015914387, 3.4085223239912286
0.7528963784264242,0.05784045088037546,0.6468779269963916, 0.06296846771848155
1.2575966587124405,0.0961283155803149,13.242882338444025, 1.5588621924653585
0.027987921754839995,0.016783101972092495,49.42165146618705, 6.088735595435829
42.88919774015305,5.318260661151863,94.58472003743839, 10.95108817564195
1.498057309659952,0.11644526889490368,62.498219260458235, 7.574202780431998
15.54936058926102,1.8642618504668005,4.893345558594434, 16.607030785238095
42.287612810830595,5.246285276445466,34.422874627111604, 4.288734337842089
0.4316740588229713,0.037257671982968886,0.4996430079830334, 0.0475878206777767
58.187196888296214,7.092404323751896,25.73881002851507, 3.1944141446051644
64.19072548588517,7.761338822661373,5.945173293781329, 5.935879173349643
38.6644647777224,4.809032081645183,4.828314762987478, 21.095968570679673
13.819350532561101,1.6352114485009748,8.241994288914308, 177.32717024312274
0.29982867605558794,0.029844531481224068,0.3406328188673298, 0.06687552204469042
0.5199110829529336,0.04257199759138976,0.55898584960275, 0.10185842245599196
1.9344888759617103,0.15607966918247707,1.6314990216507643, 0.18669408879849128
59.28645961505653,7.215971331928243,12.586249186127427, 1.4719287970828092
0.6061799703516149,0.04802409414474692,0.589709628361665, 0.0472619450990714
32.921069013006814,4.102293225988508,5.391234451992909, 8.792597774530703
39.58743521226579,4.92103883205916,23.198684539837124, 2.8670146306996487
27.21950883690142,3.3837701142661656,18.36399067743085, 2.2356878302920102
96.27740752954928,11.120236899736984,4.29414595418305, 22.865344926360937
26.45120661410977,3.285657102405799,4.819104254384256, 3.377810754661555
89.37409390018179,10.42522296671111,96.36967568536271, 26.460049246330623
7.2619567480478775,0.7756493083276078,18.10948004496453, 2.202196289244978
1.0215957025136202,0.07742283798484888,46.88920391633785, 5.792416951446742
3.378835611204586,0.30552091199001497,4.235983384481706, 0.3046298460441346
68.20856431051047,8.201187088272558,5.23051302903013, 13.039740703965542
52.9843320582638,6.500691331157278,48.226441423935505, 5.949252987067108
0.45826403118986603,0.0388303328516574,0.47782535093015466, 0.08420307049982957
0.4382757491225846,0.037645769338682786,0.45706581639150945, 0.036173477434413015
30.369203853927857,3.7827975396657862,10.862211084138808, 1.2441726478770927
62.415847702374265,7.565066581745205,4.777238556995973, 19.598475007264234
37.58456304623956,4.677436106217297,26.7897627690675, 3.328928363577283
4.263549618200662,0.40637522768167467,3.5443245294949115, 0.4189329391611639
18.620374503370886,2.2694033958013606,122.30994809772085, 38.89264490493377
20.610525847228235,2.5302756464790046,1.4767297054742086, 0.11459607772378527
1.4300453894396066,0.11057942506404453,31.525102732143772, 3.9279383806479786
21.627957514139663,2.663011588160244,59.41272939154637, 7.230133551176994
86.51005203044865,10.132750658279273,4.759947583891618, 8.84011040865726
72.13678478899267,8.625449142455805,87.95022525465909, 10.280129722322345
0.0813493759982511,0.019092274063509065,44.20489140603276, 5.475063543081966
0.8867930841950638,0.06735362036656684,0.9365365437110293, 0.0330277493452953
9.209183478622037,1.0272779935638996,69.2601310482795, 8.315309751941742
2.4630641734478727,0.20798470256826276,96.07230694177146, 11.099784354782846
0.9396005014030884,0.07124150167985478,5.618787097986575, 0.5693280727928878
2.3999186945035498,0.20158977042332937,65.03719292906389, 7.854514258430008
13.153020992854891,1.5469623361820568,1.936398126793721, 0.15626000933937048
15.779353542763225,1.8946843302080802,34.56540359146915, 4.306367750445736
40.15149471469791,4.989280225286977,4.470897732137237, 11.236850369802957
33.5510729459222,4.180647507623565,13.690019508216086, 1.6180815139447318
7.338326970147673,0.7854006684698627,5.059715947016299, 9.601870744278711
6.854253154040614,0.7238016127813417,10.418276882974975, 0.6879481991968035
1.1660293429393476,0.08871641927101798,1.2357816309456, 0.06794170271107956
4.41086543306758,0.42365509712159094,4.7345449591334905, 0.42290475943480677
0.4990778107927054,0.04129280052294084,0.49489566716216665, 0.0313994886621757
0.48534784964282696,0.04045792768832794,22.080406560050573, 2.7218914935137914
0.5552785838271241,0.04477733303403025,84.28474237468062, 9.903770145453928
5.779049906922795,0.5891018016129582,23.128600747704724, 0.5641705968220134
31.997536542162322,3.9870587507808777,21.857647696966463, 2.6929141262973597
2.3073527641255502,0.19230511922724164,2.2112977512453327, 0.21884820703045818
74.18373139906758,8.84434245892936,5.633709615857474, 1.5348677927647685
34.51808567207842,4.300514833260769,3.46019094152432, 20.965784794958648
5.59448400458882,0.5663373911788544,4.939080678900956, 0.5600354461670086
0.8019563051101652,0.061267086345943945,0.7321098559370133, 0.08971022584222284
23.13333728651047,2.8585504500024017,95.71503430681658, 11.06412907700423
4.987186371178317,0.4923469474553863,1.6532621885421857, 0.13016003651989164
0.04708037528119302,0.017594219818850138,80.61779902777324, 9.523042980803096
66.32429714968548,7.995668450992784,7.209126960912282, 10.011623974815018
2.710484053187955,0.2334923581734575,2.7290052155835913, 0.22600762768844682
19.26251300944727,2.3537436352020458,16.053685731854582, 11.155682791639629
0.15328876674866998,0.022408621871524072,0.14776752747909308, 0.001000000000022695
0.5481398501411034,0.044328815833224434,50.915610120257774, 6.262171944908155
19.16950800977189,2.341537558312602,0.761036709791246, 0.058404176899721286
39.215697398107274,4.875978120125398,4.767308211869668, 20.338056022122945
11.215551722436011,1.290762088331492,7.235383667708966, 0.9257419810083267
53.73457348940288,6.5867286798595135,0.8485410268800859, 0.06458448466775202
0.9130145875420357,0.06927483489542098,23.95500000629246, 2.9648281321009478
3.0680905335625237,0.271511859221258,66.21146482364374, 7.983319479442524
16.731735677243734,2.020545018560918,27.986911518771475, 3.4814651013941535
5.211647369759455,0.5195200087855412,5.236575944137212, 0.5089855729596062
1.8677577199070252,0.14981224512020347,1.7910746559726172, 0.1775280322650122
0.051908639308057,0.017802023229919018,18.52848127611451, 2.2573216849156994
84.52004723396306,9.928055462131482,16.10577339064694, 1.9378443792662918
1.0686371305141322,0.08104574352861266,20.009306373279948, 2.451632142270675
1.5798140971587147,0.12361424829388937,18.934634015002718, 2.3106980254036795
5.686130134652758,0.5776261487867975,6.173929325746079, 0.5864724146838585
21.52409511660407,2.649482345119368,24.535769766259502, 3.0397496500763275
2.9939130097671978,0.26352188917088126,43.083948371431255, 5.3415235248178545
10.992813469418197,1.2613861043218275,32.88113949072793, 4.097320185484619
1.8545947027785634,0.1485842826096118,91.20938687052039, 10.61134862937003
2.0305292600320595,0.1652199427387851,2.3166013128820353, 0.19322787006103365
13.616223148107235,1.608307284727226,51.570002381578945, 6.337826659932472
33.077484777388136,4.121766101406932,3.7137528677840383, 10.370603775352675
29.655858761760268,3.692877834198386,3.365509426013266, 10.662901782863317
6.818202106882675,0.7192350558654773,77.6498747198185, 9.211697220174822
1.802544050330095,0.14375596488305778,2.023489574632983, 0.1236708557318378
0.4055689277573429,0.03573845167282139,0.438142088445182, 0.01034040734952608
57.37592378488594,7.000890671695431,4.821403312311051, 15.358226604996721
22.584537967563072,2.7873868375329733,94.54133170277343, 10.946741760280622
0.3485595530525598,0.032508070332333834,0.4004447506916314, 0.001
2.1297128679353348,0.174801986268488,6.857365538059722, 0.10403554934615422
94.06529014323884,10.899019192177809,5.067892195437696, 15.905733972153408
11.673515575212802,1.3512265255816807,5.240857658577824, 18.330626564638912
33.71039376458385,4.200429715549372,94.04074711809119, 10.896557031569014
0.728869599669415,0.05618797744262018,94.21247980162514, 10.913781673957716
8.226457063411727,0.8995839962406638,9.005562595932487, 1.0007247586858579
1.374785429372619,0.10588128483450827,1.273898813981926, 0.14135425912501773
6.130941163392567,0.6328183220570718,12.055776110641487, 0.6262784265424042
67.89089677844116,8.166631574506473,11.31975484542586, 0.7609023730306922
9.938582306368916,1.1227255070519202,19.963414704020668, 2.445623109321167
2.957333007004632,0.25960098957240646,2.6268992528373563, 0.2621259260508285
28.684345142566674,3.569988201077396,33.90564998241181, 4.224655894768502
0.34236966038053973,0.03216467834408656,0.3164796345225797, 0.06932122788726462
0.6587472649501049,0.0514647117667952,0.8334228807759919, 0.022739399632811484
0.004611168484145667,0.015813250811374434,0.051667374301164186, 0.6482982014204751
88.95927651943882,10.383015642443091,14.896022599290038, 1.7777954108977314
1.1363397911526572,0.08635428526904128,1.1808032966673143, 0.09875258435829741
18.174201309953446,2.2107151505535962,3.1507911118772185, 0.2804799998700898
3.5013901196682866,0.3191563942011292,31.476675454271692, 3.9218716038082366
13.088058581122814,1.5383601575911854,4.904637076627824, 13.050444219120573
36.01958692227735,4.485677236044869,68.23214622222724, 8.20375081215243
27.48035868435802,3.4170119688935356,4.864362571467248, 7.864715764145448
16.328510696467212,1.9672823716043266,21.218375306384488, 2.609631116696454
11.499800940082743,1.328281710120964,6.600013850644804, 7.9919443672405155
11.159482300866722,1.2833651906572077,4.817210549900204, 8.999555505312852
36.881012493497,4.591383703319981,84.0886923965808, 9.883522980713023
24.503125414431402,3.0355428034315985,5.930564416191471, 6.023063227109058
28.412468057446244,3.535509703612045,22.009511036989736, 2.71267156976119
81.80983476699043,9.647280431629111,4.8322028038109694, 19.040881503070327
1.9616141168750718,0.1586470650779375,38.82132702909533, 4.828098220191108
86.10838061106992,10.091532744869617,77.86828891139264, 9.234709202357804
17.061060888362405,2.0640154634173564,4.904910004331355, 21.783658879589296
34.68186554934671,4.320768398991114,8.67469505482098, 0.9576780660859898
3.3587367417105227,0.30329625474647426,30.40589639053318, 3.7874155792361868
23.80877924216849,2.9459391047909906,1.538357121717981, 0.11996327190633259
8.660842124472964,0.9558786549648647,31.24227985499421, 3.892490138620201
46.45955658937837,5.741849999776006,15.051849867624945, 1.7984237987513028
66.63474082691936,8.029620284518781,26.214619336410443, 3.255383871584923
92.3318705539913,10.72469663612015,32.26755418230325, 4.020796428756136
14.164188726580317,1.6808848985116958,4.764605618151971, 14.725094804143081
29.51514827176048,3.675109409703131,3.8226628744936755, 11.35056407936981
39.96260922202494,4.966446029684762,16.797855494170754, 2.0292750355828684
30.805153980487987,3.837619766212507,4.686804641668582, 14.738259075048656
0.46498833233205183,0.039232022485306675,0.4804858224875106, 0.05914644346591786
14.094585051708624,1.671666173881121,58.414732848793996, 7.1180221112779805
56.57577072234462,6.910363147385656,40.84816040880872, 5.073346275817398
38.84736430764594,4.831261775523389,3.4963427881052667, 9.229099644717028
12.704498158960478,1.487579786888351,98.57396663303724, 11.348449404628642
3.5849928350747504,0.32852547845069086,3.209152151036225, 0.3320091576875464
3.2596177625605156,0.292374389098537,4.238524983732322, 0.29567690086571286
16.488688515221902,1.9884452297917168,9.842601456804813, 1.1101392002352803
0.336208179335729,0.03182431448180864,78.49112191637846, 9.3002430080205
43.7043361775117,5.415506245601124,18.6837482957516, 2.2777337577337886
0.1065117854509281,0.020226153731222548,0.1039854078581087, 0.06497446049754768
24.738866100510297,3.065910639818238,11.194273048497866, 1.287954758180242
25.826957952797258,3.2057179884656923,5.130561183131087, 5.861817958487841
0.2761276124355696,0.028582570700301013,0.3420966702015035, 0.0010000000000000009
7.186285996098924,0.765999049914725,0.674169885127486, 0.0524906207902364
4.435815845224494,0.4265937337785682,43.972606093806064, 5.447440623979246
94.5036522130835,10.94296679243561,17.804401082037394, 2.162022143468695
43.91047540359809,5.440047773949165,62.21519263857386, 7.542799844468277
10.612749687531197,1.2113186975276264,76.64610113275505, 9.105734130410852
2.0726457135004734,0.16927146294501108,1.819762821850439, 0.19271416519505405
17.73817422860384,2.153297157492741,69.88224471074008, 8.382634758921672
47.787850945721274,5.8979046579335765,13.0664216168974, 1.5354951295109154
0.35477798836258945,0.032854511960648626,19.603556387451356, 2.3984742177779443
4.639605835560495,0.4507202366868747,0.6473996075571269, 0.05071459962901528
1.7388133591338586,0.1379050991199878,1.7425047405407375, 0.08649909506153658
7.224034340086339,0.7708115940482615,28.591783592294156, 3.558254182049636
3.8229935743806704,0.35547985339284055,39.02565010758745, 4.852914521712934
8.931229017938577,0.991042606387791,0.1643683972474168, 0.022939515703102514
9.115678197225508,1.015078889914445,23.206297485531895, 2.8680005742393346
10.090600073955736,1.1426747140956248,4.753404221413132, 14.854677583041642
10.720093298720597,1.2254515754915056,5.0588338947409675, 9.606451423645023
7.650932772302957,0.8254341176802216,19.689741093010394, 2.4097708776766864
0.6285016832205073,0.04947438067121598,9.59446014207469, 1.0776348543913141
0.49219703883509336,0.04087358779246264,90.85758515253805, 10.575747885388168
20.511333464305675,2.5173109825129694,11.808989813504143, 1.3691275958107023
2.921088038229747,0.25572882636552896,3.0210414727179327, 0.2517615205096731
0.2187484767755925,0.025620808221006933,47.473454983177795, 5.86104186803084
70.14556819319782,8.411089159674654,15.472992977394352, 1.8541582285559057
97.62930980674521,11.254754309298884,4.047278936338417, 11.148650098437427
3.563947703262178,0.32616199574650134,3.43310865753868, 0.32793066434751633
1.1860512514338497,0.09032089413447389,36.92238856761674, 4.59645145695151
11.442426813693153,1.320705978945131,78.35965241321851, 9.28642069184179
40.53188266478523,5.035211144729841,4.737518262111357, 16.78117611100756
60.124284184064685,7.309819392250124,15.138194600177744, 1.2420531067508014
51.75671217645141,6.359377424513121,57.755570835319, 7.043749759372901
3.4396900067378535,0.31227663796060545,68.50431290347487, 8.233324733165217
2.7968249908037497,0.2425530727148392,2.4009557171471845, 0.2653881541946958
4.613720026694584,0.44764365969418046,0.0, 0.002188830872129715
81.05138460116652,9.56828573103018,4.360754320439553, 0.4177634322648023
5.014794296281801,0.4956773541864859,56.058215023483335, 6.8516650654903914
4.562304311434243,0.4415429867495538,26.31827583096123, 3.268651057805552
4.691736095177118,0.4569262726353223,5.317875715181892, 0.5324534507156301
11.908896265991935,1.3823325783710967,19.87971994270829, 2.434661971381087
63.00203842224474,7.630025622178933,7.65191221280981, 0.8833020818382836
0.12188941362261674,0.02093301850227797,0.13092844542242252, 0.0010000000000000106
0.9306977288832501,0.07058084322858668,0.9786074197811565, 0.05161702010057578
8.705389895207642,0.9616659959821843,21.597755969533015, 2.6590779949326637
46.241717072476824,5.716178580938376,3.6953915586039034, 9.13000631674933
88.54636315180338,10.34095081405384,10.682302640973822, 1.2204753027985213
1.1070571911407279,0.08404479665905995,61.07847332978439, 7.41635689202109
5.716961007210564,0.5814304789215125,10.820687388656783, 0.5787884125448476
5.098384251159436,0.5057814255704046,5.772704608139979, 0.4911480947837659
0.4449078809284497,0.038037229732936474,22.414047778499558, 2.7652503829112685
6.640413849058566,0.6967607667252617,42.12445246307055, 5.226733892007998
68.52769666109205,8.235864361988584,4.7890493655005475, 14.786640423788356
14.805243780656951,1.7657768406650018,64.11903763076404, 7.753435062488473
0.11673993761728907,0.020695145794889347,0.12243433808878677, 0.01621568504443639
20.810284900558557,2.5563719485222918,61.00899369609273, 7.408611649907696
46.89825373922061,5.793481135512768,11.648670946729903, 1.3479443096053376
4.824179685844764,0.4727536147126779,4.231495402687129, 0.4826783888941225
6.2633815937517285,0.6493707021174605,33.29807331883195, 4.149206478204983
30.659168221749592,3.8192726141362905,5.8254755718975835, 0.5948464260605428
4.4860623517184255,0.43252198538508313,4.59977517421931, 0.4270232533478071
73.15319536585754,8.734324382952707,4.466217835698568, 10.391565612450046
3.5221467879229467,0.32147752170287325,3.5879831867505048, 0.32945297336717333
1.521148351815531,0.11845723393171971,1.4300275770639392, 0.0834843211468727
57.91552746482361,7.061789675144546,3.697138829193995, 1.2244526862718732
2.4313461824145497,0.20476643353195226,2.5804916738325994, 0.24011971083487468
1.2164316628771,0.09277290064116234,1.0054661743061932, 0.07874707004975445
29.37508364336093,3.657412286964444,7.423488520844945, 1.2959493522003913
43.29489192149687,5.3666999028535045,88.64274175028882, 10.350773799417045
1.2889713647352767,0.09871071833602682,1.2903475521652126, 0.10719136486128653
45.16742627516666,5.589251541699016,37.04148431483127, 4.611033464292812
7.074077376758609,0.7517113912745976,4.783887858600046, 19.809651502073812
1.1961315020691887,0.09113215437170247,1.5484206648921517, 0.12084658161377701
0.04227427300169162,0.01738844176411285,51.101487512960254, 6.28368073738121
3.240066103373943,0.2902298430596109,6.835230534117719, 0.30843084399544707
0.07144536380154576,0.018653810169061508,0.0004199071266864079, 111.60178899711254
0.52691964903735,0.04300566456755332,8.856461562816014, 0.9813103258465846
0.24138385814605634,0.026773199626554584,30.419398159387203, 3.7891147042676603
0.6135863368107664,0.04850353216422255,19.47320384944863, 2.381382737921008
21.31779831955949,2.6225956461577846,12.839769585894027, 1.5054864727434576
17.824579107057207,2.1646802004623478,4.851239604783602, 23.191817450308086
87.72621353826392,10.257247105198086,7.56208889300036, 1.05680356234587
2.292172004334775,0.1907928978486209,35.59867853781793, 4.43388873582241
82.57529574264808,9.72681786224363,1.06833470704413, 0.08102227831020435
61.54661289694844,7.468492546989775,7.887173233818657, 0.855811333654626
9.25625974372752,1.0334232080651466,5.682009677040012, 7.725844491209575
8.354680755132621,0.9161742317006586,4.738831944235491, 7.719946219649838
38.12078784880716,4.742853763486356,69.50773596043695, 8.342122407588805
4.744348226053354,0.46320335564120646,4.817825441270922, 0.4640233304982393
40.34125119020181,5.0122018411205245,3.3494205432300483, 21.38431472465047
65.09670656077814,7.861054912879664,4.199290669563217, 23.87696622804534
50.557008738480405,6.220632781627462,27.373801606597574, 3.403436917364406
14.23411335572396,1.690145949618554,20.57959051351928, 2.5262327749049245
0.5410338832655883,0.04388404875166619,62.53579102616361, 7.5783691468482575
0.03272814726171824,0.01698289852456568,70.50556016901254, 8.449948798891102
10.29658183892619,1.1697323972277422,53.30749832290909, 6.537781906233261
42.487219286777794,5.2701863082200004,14.14926161140003, 1.6789078765920227
0.4717436403597426,0.0396371689766923,0.40540890992706036, 0.001
5.183135888417593,0.5160565545732914,82.03411235702012, 9.670604084115904
54.24051798432062,6.64461242337524,1.1799046097743764, 0.08982734893091497
1.2369194702482695,0.09443819010071627,1.0186473545876262, 0.10367451771846115
8.099990921258682,0.8832448689241503,64.50476444206866, 7.795939010082981
77.72340968837608,9.219446601878765,26.697592419998223, 3.3171537703663594
2.8143327905411604,0.24439991488032772,3.297712251064672, 0.25271419478348817
2.5436477855785484,0.2162152628718588,2.6260602070272387, 0.22600651751681541
59.843723523694166,7.278424366719924,56.346526369827835, 6.884377529561939
1.1167731868548088,0.08480883517239879,45.723295054878804, 5.654995203356909
6.570435770161451,0.6879364713647768,2.009547517949205, 0.1632112618924645
16.89564074636745,2.0421838549010944,24.56955924401726, 3.044103513476566
47.34100602996831,5.845498585255984,4.081903715448126, 10.164311006359638
1.475177756934357,0.11446186208281646,1.6047524182331698, 0.11659129344822156
7.376776400682919,0.790314525730146,73.62770805168456, 8.785028528120916
2.277060924280109,0.18929059914245244,10.904105708039078, 1.2496934370377013
1.688873862595615,0.1333685297953119,46.69126997865363, 5.769132008674955
82.19168486724527,9.686981119786415,2.4245366306076703, 0.2040770993513735
2.527382430881737,0.21454780104429746,91.89364236705649, 10.680488265287428
31.695314141494528,3.9492520697780997,3.880309763529091, 12.92023702700435
49.616918735329634,6.111461718903943,22.223302936491123, 2.7404680980284946
6.501098616170089,0.6792055044309813,6.936612370296262, 0.6528354147318739
9.989021952361282,1.1293427311570807,19.817554200164228, 14.05573506151742
3.143645730087062,0.27970269676545456,19.91638441842504, 2.439464104657977
56.84126230174992,6.940429946101625,1.5824864764775266, 0.12385069143257495
26.577788752900535,3.3018425736302386,42.49760711308843, 5.271429622920323
1.948020298583621,0.1573590037977437,1.9030569386869007, 0.15173223342865935
31.54524254476324,3.9304610556212336,25.14474371680845, 3.118130628277527
0.7209340826641419,0.05564597533522622,0.7720044039065962, 0.061215197663802436
52.736543801041535,6.472221194484042,39.24814494572865, 4.879914051415327
0.8954934050010079,0.06798902731929748,0.8678696571243132, 0.045053591592652945
57.64510500487572,7.031285230322347,14.955237864436043, 1.7856346597719266
11.103670238122202,1.276003650926815,9.447756811767697, 1.0584435360398134
36.53406263798633,4.548854780384669,8.724210953392308, 0.964111842318665
39.03110721811762,4.853577033925062,2.7994937339550323, 20.128172438951175
47.119120657308535,5.819441427067433,1.357478392702272, 0.10442269274739846
3.338730126091874,0.3010851129923409,42.21145675461354, 5.237161170116847
39.40113875451736,4.898465298006661,5.882156064174971, 1.896251500817988
0.24710808826946673,0.027067947569674334,0.23486694413203493, 0.001
24.386065987015623,3.0204531428962262,15.30104994882539, 1.8314062987720579
0.25863585639849895,0.027665560601414816,36.7020090792473, 4.5694492434449945
45.38031205620082,5.614447224766034,7.774003340015106, 0.8592461147520516
23.356416199265063,2.8874366167672227,8.127951028188988, 0.8873784130478233
17.99858598353726,2.1875967666527014,4.946245499768728, 13.394524586059806
17.144343483121055,2.0750039855272138,25.798519373388174, 3.202071533710695
40.915786768868266,5.081493888522577,0.8474333843323105, 0.06450490111509165
0.7936853198926017,0.06068451928981049,64.70987697166466, 7.818517400162846
44.11756517238715,5.464681911715296,61.53417456600653, 7.467108446403839
1.8809814339252258,0.1510486530029274,1.7416008565119463, 0.10644084105972636
18.08619166446788,2.1991306428535826,11.726022606666994, 1.3581638994063703
1.3638851566381893,0.10496191607691974,1.3113081638314226, 0.10854933962391615
0.23001410000427014,0.026191722735595384,36.10993221642138, 4.496781445744549
0.28201205186378053,0.02889381169050312,0.09244988441825153, 0.01958898459624636
0.3991173618726547,0.03536682459883348,0.48414645018278124, 0.057385565898618464
0.14799516761182674,0.02215684219313242,0.14850832697828872, 0.0010000000000000143
55.52593467087139,6.791179041231056,4.780752954244306, 7.735322141797471
21.83712129866659,2.6902428363142303,15.409496678381966, 1.845756782458276
31.846077743643022,3.9681178888172086,45.68726290774057, 5.650738039572132
2.1441445012763833,0.1762078930284093,1.9304011980425186, 0.16890950808750346
65.70767806717149,7.928123597554741,31.344967876899346, 3.9053656050282597
10.039694184059595,1.135992424395075,6.244427372475598, 2.998649882514896
91.05257975712654,10.595484952445304,12.46280072289326, 1.4555922414147517
93.62894015670012,10.85521877060111,7.452756855358932, 0.9030122323907702
5.042529526179434,0.4990265131524052,29.72842621156074, 3.702037358569102
75.5800920637183,8.992827532049388,41.92578294039177, 5.202909901413061
4.797446682414301,0.46955213490074893,4.605574900974859, 0.47057477832869726
97.17660095852473,11.209765343102703,8.619620663569208, 6.287059930708665
0.023269453898235426,0.01658526803989638,9.18405746693501, 1.0239990439619278
0.10143289280820933,0.0199950001487027,22.486858238847827, 2.7747057503028856
22.80254399901917,2.8156729807766827,49.80977701981328, 6.133890524234697
2.1010480209356293,0.17201820340548632,2.2960270468480357, 0.1816662396130471
49.153321500576915,6.057477858055547,3.7844699028864794, 9.868032183070795
54.495241319897794,6.673712870617667,4.080301290602085, 11.484506063821977
1.6036608663423881,0.12572876876610267,15.255487376964652, 1.825376587025991
2.72759372031494,0.23528156316670773,37.44034155286995, 4.659816666471207
10.401002921039831,1.183460155709758,12.5949379857153, 7.309612290021623
22.476284862679464,2.7733328152707744,4.826455895790031, 12.565374598271356
1.4077887536937914,0.10867975277083777,1.108214038959029, 0.14958054381904584
0.3673010139632269,0.033556630766459726,0.4360338873210944, 0.0010000000000000035
59.564450637654225,7.247141787421355,17.90190154680067, 2.174864706625802
24.97678587915805,3.0965312239440808,21.763467707214577, 2.68065604632922
17.566552447315285,2.1306806728343193,36.08728278776799, 4.493998030490896
48.23882631706739,5.950701672808063,71.40558634671257, 8.546898613757712
3.3990271599722277,0.30775915073250776,67.21634184441714, 8.093129901538246
72.47403082604345,8.661614496262011,0.5011972681668768, 0.04142225819622408
84.91439458053094,9.968716384989138,5.674027152309951, 8.414220935506071
55.266480449508826,6.761652221154448,4.91961307097189, 12.479183497703318
2.337924609617034,0.19535953965771954,92.81764917395, 10.773636712328871
51.5145586984224,6.331424161006645,4.147427326505592, 0.3928428104489433
0.009243599843080652,0.016003387885836384,0.0055694683636704255, 0.34115217976165596
18.9847767307198,2.3172836047698446,54.636411491507694, 6.689828617804617
5.747934046116249,0.5852556660709834,10.276407406651636, 0.5711004936965087
53.48334162160639,6.557944768133687,3.8102122107518626, 24.027936001623285
22.36852863989433,2.759337893088544,70.62657853866227, 8.463001715254222
15.85672596900395,1.9049166247095561,4.873413345953357, 11.032084155207881
10.453574866396982,1.1903742173997436,86.47023654796006, 10.128667167149182
64.79332246575679,7.827698292988503,4.082578513231789, 11.445397458410433
0.636010978858552,0.04996584411910212,26.436960744865456, 3.283835037034655
3.6061350095358797,0.3309032161289683,8.62054692548971, 0.950645936596389
4.287820732314846,0.4092136930621799,3.8070652737830097, 0.4184776369574152
4.096742673429575,0.38696166002711857,5.309571519896827, 0.3735322982151406
15.024895451084294,1.7948557889400778,0.9478581212005424, 0.07185614811325007
1.0030800322419111,0.07601198175112493,37.71011276156759, 4.6927658276196835
1.486591218599791,0.11545001610209062,1.2580388877185082, 0.08861318772194836
0.13748075072293697,0.02166035075144473,5.529647484528238e-07, 120.51945030379355
1.0973857918781245,0.08328650276577249,1.1276241862834981, 0.08170246583069096
64.49133090470427,7.79445970770753,2.8189186482697117, 13.159827943878602
17.228010107955935,2.086041215536023,4.317877189849771, 17.078421247104465
3.8452332103500924,0.35801898474440086,3.701121792437198, 0.36196542065755977
13.482354062368882,1.5905769252162005,4.770324536151102, 20.417950209697064
7.11130830789687,0.7564490529115285,59.39816961570495, 7.22850088071232
1.2680068172750079,0.09698278405094507,1.2400482693940955, 0.08839109696938553
21.01189044664291,2.5826921555291675,38.15877926018321, 4.747483066490357
1.7896803641540675,0.1425695398352774,2.879397276399209, 0.10875125901908402
0.5059903111491149,0.0417155901296486,0.6341781109804545, 0.08049733655013593
32.45611624659835,4.044333983162884,4.798703795527002, 8.761248887316826
9.023029324930393,1.0030007480016871,15.398035811634223, 22.861134637656708
0.3118437722016072,0.030492713993073704,0.34864119059463666, 0.001
26.199782706948007,3.253484456594899,36.81590057077367, 4.583407006638157
70.47363239503696,8.446504221164751,7.182203658140819, 0.8799482296275826
7.811603465430213,0.8460796904880251,5.285198819823847, 8.975199192238236
8.977023588194928,0.9970067370226504,18.40572941050845, 29.304362012928546
5.126504928422594,0.5091873486249925,4.298959259346463, 0.5129923886589249
0.20758603469478154,0.025060302031685324,28.560238082638318, 3.554254143434009
3.1819479331074776,0.2838746946622176,1.7081242650104675, 0.13511216719913718
62.70826886069483,7.597488247523623,2.523701288212977, 0.21417085347380677
0.8269987984716995,0.0630428247775389,27.435147021593785, 3.411252853833433
24.85755234869061,3.0811892336046336,2.222548131621348, 0.18389614698523815
4.026882121429444,0.3788815425947548,61.01321093855948, 7.4090818220150965
10.774136623570904,1.2325693774412663,33.41189406930328, 4.16335544592767
14.025300857927736,1.662489620826865,17.235821361187767, 2.087071567849272
2.8851750348869256,0.25190491370990753,4.164879731165819, 0.12290662191435181
1.2266520027082213,0.09360245923135678,1.6019157484386386, 0.05486988622035067
25.581251500597446,3.1741995017055262,7.778405023900712, 0.8418101405109393
1.0123165717578066,0.07671470709307948,33.34781790166582, 4.155391016960641
2.9030902315631852,0.25381086894137234,33.64925899612177, 4.192840423192731
5.269065352411835,0.5265050501386731,4.642973407796735, 0.4511207288757156
5.1547552748665,0.5126123631206929,0.0, 0.0009999999999998899
16.09099049971363,1.9358902206463033,5.614759898021544, 7.590506373254252
15.173023172161315,1.8144625821708922,12.49353168448439, 1.4596587576666975
14.517051117057623,1.727616531745963,27.311847409837767, 3.3955414487327644
12.767691908962114,1.4959447877501577,14.396780843563187, 1.7116892559503993
29.939229252999965,3.728629507552927,17.636974281421836, 2.1399620299062923
16.012542798525892,1.925519404356999,19.838279216461633, 2.42923361948087
1.5679727421818206,0.12256815355752422,1.4933000112177137, 0.13923674759840393
46.02487743965627,5.690602879421652,7.784502441790466, 0.8588607845444143
7.532355285167936,0.8102269511132487,5.990076840530505, 5.496941239940173
13.549134636997515,1.599421631156233,4.820638164193105, 11.112332264542909
59.00974457214384,7.184912678508295,13.630243918013473, 1.6101643068575466
19.355946870846033,2.3660026897628246,64.24081773401132, 7.766860436653997
81.42973735991993,9.607715425784875,9.014776546927077, 1.001925333568846
5.6248922813999815,0.5700796955463454,1.8555904768821025, 0.14867708017474193
0.6817995261249044,0.053000862552576626,55.933403118323376, 6.837492744204922
79.55526044083167,9.41191266509338,34.30707606592582, 4.274400216005068
83.73677439942138,9.8471481467548,68.34025060755496, 8.215500824202667
18.710847355927964,2.28129543961035,3.643142997975754, 10.42014241944172
76.28796779070159,9.067845484426373,13.339506201735706, 1.571658265389776
2.2173070267982253,0.18337959101106435,2.1504507274225353, 0.16620411297852666
44.955517640549964,5.564150153729564,3.9148462516345353, 9.98800652751548
16.978160560980694,2.053075477093966,4.852843998085405, 23.312784515788334
51.9999822649666,6.3874334572413165,62.3609212433493, 7.5589729575423945
35.51216307475026,4.423232600593154,4.6390588581309595, 18.249771114758836
6.890470438651029,0.728392305770361,4.885267671865972, 14.19943466617219
91.47704971178689,10.638410560378004,8.229299798726618, 0.9009633745397503
1.3857359651011505,0.1068073544974591,1.3236980144885795, 0.1379544412281518
0.5624502354169345,0.04522962560728709,0.5333768544886441, 0.008720982706916566
8.016644666038573,0.8724901146580628,13.978749842857459, 1.656323971124418
16.813499697967845,2.0313404256385157,38.515875789983745, 4.790960104243241
1.20625823443857,0.0919494778079112,45.461830923650005, 5.624089548733783
3.7568852744353274,0.3479523211493203,35.32718296204918, 4.400435616097932
14.374931403548405,1.7087956529933859,1.2551521007829893, 0.09592800978652315
3.9579791411645333,0.37094251745790013,4.7891013140392396, 0.4685534119080869
3.0494179849710923,0.2694956910896037,22.294371180903855, 2.7497035138076544
53.986963829670366,6.615617795810126,7.195857433471318, 1.839981186367112
41.69427374713844,5.175123469600738,4.725808271230674, 18.974852700120397
52.24437411284708,6.415592561231272,3.8206384761921424, 24.076991704430988
7.611224963143021,0.8203388611272474,33.29571241381948, 4.14891292463018
0.9575293922934969,0.07257828644833299,0.13141048063722605, 0.021375906917001204
6.065629313380141,0.6246749254654154,76.00765432599566, 9.03815937423633
13.683621015645025,1.6172340374465493,28.347891712518738, 3.52731471640384
7.493191747054112,0.8052100815991768,62.423363315328295, 7.565900282779029
31.247162676903216,3.8931024926178623,4.6403605382480215, 12.412367832616631
17.39650253932951,2.1082624899879363,39.91901962009647, 4.961173998625211
1.8414921039409222,0.14736471925859737,67.36568825048799, 8.109417782848471
44.53461389073482,5.514229133591311,0.38236507966795386, 0.03440901279927212
30.08189525185517,3.7466132173458475,16.633739958448885, 2.0076042689862654
10.937766417144363,1.2541298279308328,17.692376950792962, 2.147262839647122
1.5917100546184875,0.12466777264551632,21.252272112370377, 2.6140516692608338
1.6398449623585671,0.12895701196847667,0.3835822636017654, 0.03447825516846278
90.63005812091889,10.552703777764616,68.36913742283959, 8.218639840299831
2.676499958746202,0.22994794882786104,3.0498225103093657, 0.2440387456690436
14.73269766103181,1.7561715500254476,5.895454706399036, 7.889793909376584
1.921019562613016,0.15480901386911583,1.9291607877408787, 0.15089635612130853
0.598807599138256,0.04754861185927004,0.6394550293462448, 0.09294991112747364
8.484686421776885,0.9330186531882076,5.473488108899634, 6.702119109617786
41.89114423669473,5.198754130547824,55.47495652720601, 6.785379804847268
60.973752329639055,7.404682380921611,3.5725320594855194, 11.857885186383145
33.87044923838338,4.2202898674441265,48.87532871483695, 6.025059938536255
5.534085532585141,0.5589141760257716,5.481745853809543, 0.561220884719717
8.885644644906519,0.9851082368145055,5.067801790033451, 9.561079091569978
41.498306893760365,5.151582386474706,65.98357089322982, 7.958362875917782
65.40148961097702,7.894529902468319,65.88331918212221, 7.947378110122876
0.412050242899312,0.036113327212152546,0.3866155401752611, 0.009945281239887973
0.11161409772333508,0.02045952992525599,0.11465419359810208, 0.001
18.440672704212847,2.2457742415261763,4.132785918944756, 5.594346134006
12.33138052397157,1.4382040273455692,4.9293723541192795, 10.589679206904515
5.841712731578662,0.5968572848857022,5.179276098057207, 0.596888107056342
14.660484528328325,1.7466098404754677,39.14174123296588, 21.00305930370064
24.153556575402323,2.990461296198668,4.871342049864481, 7.251399924124605
6.9268547272628185,0.7330072367798462,55.06678835863653, 6.73890702731075
5.873261021704095,0.6007668168742232,7.603151534671913, 0.6048498669307241
50.7947467923121,6.248177975375908,59.92032894625716, 7.286999751493124
25.096569215523424,3.1119368211068172,16.624633604410764, 2.0064016137174123
2.4471686977890936,0.20637034021327427,45.95721698444679, 5.682617970948467
83.34783233326026,9.806901001827995,8.119305706870584, 0.8857387283253937
37.7624829673329,4.699157907853787,36.61858797433998, 4.559221517688531
45.80903310144556,5.665122609502764,53.16224782038182, 6.521116785720579
18.35143995417332,2.2340367715346874,1.2913064028519639, 0.09890376470213048
0.317892904860106,0.030821178217867555,23.79111267930121, 2.943656207117916
25.216904893034368,3.1274062358857053,75.2138443649121, 8.953946749548432
33.39248341032897,4.1609429987526925,5.655890641762243, 7.863631148603919
11.615344098091033,1.343541845157274,7.038332134467961, 0.8580541752779841
8.616498828148782,0.9501203667957911,9.096040269860614, 1.012518019407487
6.296874270045159,0.6535646860655374,6.3427675581685286, 0.6290441435899362
73.49512824332727,8.770869621531634,4.6620157505794255, 1.9589338089977189
12.894954943731374,1.512792421737541,90.26393853586833, 10.515590828699828
28.14308107776889,3.5013091447803335,43.53753566588518, 5.395633145177276
37.40745977815444,4.655798043098343,4.886413847948818, 17.17387643991367
16.650346953636888,2.0097974633771027,17.931643097889374, 2.1787815971487854
26.70495458326033,3.318094433065754,38.34611997615429, 4.770300108485628
28.821224659360578,3.58733224022297,18.39951606115293, 2.240360932641808
1.7768757223388296,0.1413912857226033,1.8851955860105227, 0.12939934370515993
36.190290474789435,4.5066546451167415,3.3589394198195435, 20.223447794035177
1.6520177322520255,0.13004832029193836,1.4417423889473484, 0.1461733446630133
22.15449772832616,2.7315245535072377,77.08016464321626, 9.15159759121895
8.441151680692835,0.92737541198194,66.68406153055473, 8.035010928586926
9.78864823141442,1.1030673818328864,10.493227771937752, 1.1955903661149572
28.277464734765612,3.518374794278746,4.576819141613428, 13.27269835306428
7.148710917131435,0.7612115710515911,4.86119625034183, 23.119448068009003
20.022159297686795,2.4533149451906824,43.65117356791921, 5.409173752066075
15.24759970690615,1.824332708611711,12.441550733005284, 1.4527804152803663
1.5095762727978457,0.11744766120012512,27.261975428261515, 3.3891843065158445
25.70382212978616,3.189926305360516,52.70309391706853, 6.468375844160938
9.494917307002517,1.0646107759346266,87.86309650160251, 10.271231397092647
71.46692949092187,8.553495855209999,4.730924327234688, 7.707112260156902
0.41856144447739974,0.036491473893602355,0.5256241639062624, 0.13800401506379575
0.392695408696061,0.03499842343152107,0.5653521325242402, 0.03002676029783816
15.098788943950062,1.8046369959270003,4.727847494166523, 24.851337236579685
10.828429151297543,1.2397215980876097,7.376445982796744, 14.65219359203441
8.528421908886989,0.9386904821742308,6.587645883586009, 1.026269102890923
21.942427112667612,2.703945232899677,4.802913402412436, 18.821754086798077
2.1586426813102695,0.17762321010225776,2.122547501955218, 0.16458678137012256
2.173207714895005,0.1790479878124109,2.0400804094005722, 0.15080783293451708
41.303239528867586,5.128130609310156,66.46997745359984, 8.011605374794135
0.36102509792554116,0.03320402485756532,0.3392656054017143, 0.0010000000000000037
0.06652742614662133,0.018437745232096063,0.11468960653420666, 0.001
3.912569316204146,0.3657272410474424,6.112506743466694, 0.34555724056016734
19.44981157152182,2.378314905785402,60.34935302590516, 7.334981849868978
1.4525077566201094,0.1125066882818799,65.02623425456294, 7.8533097327827806
2.744782282999756,0.23708217886290922,2.616193827774201, 0.24104465993845092
29.797218091536912,3.710717790085232,3.7733461970944613, 11.328342790495421
11.557439628235752,1.3358936194968418,12.498987410855806, 1.4603807130003115
0.17470838823996715,0.023439718199188758,0.176671071250217, 0.0010000000000000091
92.76223953405626,10.768057885962536,4.723275139256431, 13.416589781538704
16.169799936468742,1.9463075427511594,37.11408460957732, 4.619919050310518
36.70713852470456,4.570078015734395,14.689043476578663, 1.7503913765285186
0.9042338444520548,0.06862942173916478,0.9216048298551447, 0.07606194339385774
32.610388035436586,4.063577408614901,12.460483995953444, 1.4552856847959534
0.18556692251316753,0.02396990686847152,0.16866699637319238, 0.014180978743649921
6.746595676304775,0.7101739440729763,6.140057140794829, 0.7149347896805165
10.882972031016955,1.2469083704494348,16.37033563341307, 1.9728089039943228
0.643554901123981,0.05046136922259008,0.6340017017386448, 0.001
4.770836383555289,0.46636874249134747,5.108885038619678, 0.4648916472123674
44.32560986699147,5.489408938263994,33.782556101599944, 4.2093854762756155
2.9755809362478023,0.2615553168149273,91.25498605908011, 10.615960399324262
0.9218358201178205,0.06992529820412216,76.23381923102149, 9.062113058719026
8.75014308321877,0.9674825069961244,5.548709556798251, 0.5607103034372395
6.782316534146772,0.7146925333973936,31.97841066142353, 3.9846676014720295
49.384586916055625,6.084419895880864,76.69823165240234, 9.111245643691484
2.6934529194879357,0.231714505960972,75.38226737168362, 8.971832216280747
19.63884144655536,2.4030995597675937,15.363719770338019, 1.8396994605522925
25.33779545862898,3.1429396795971076,3.289142160415337, 2.5756664828214486
3.980841218325323,0.3735733047710327,3.503732944827627, 0.3816840836428012
15.322520126617647,1.834247536626748,3.770366122481414, 8.571041259488965
3.1627527786871052,0.28178226144011914,4.310348437295955, 0.2802776275984482
95.83090391711536,11.07569662303291,3.1258231039590623, 16.820751199580837
1.713728736609967,0.13562100788246007,1.5768803266867535, 0.13022975899496544
5.385498470312941,0.5407100932851714,0.8307170022518602, 0.06330798914328162
0.8186128681293197,0.06244620933441945,19.588871394844436, 2.396549091695682
29.096880126942303,3.6222310309824635,43.63515204432462, 5.407265072556088
0.4785300982509113,0.04004579608416426,0.5188065621999628, 0.04713876964570314
45.59417948943921,5.639737486098793,10.358100409236034, 1.1778190944924312
53.23326290888852,6.529265753915081,4.868456588348313, 8.342529202970024
60.406138556910236,7.341327187133033,30.284966778623236, 3.7721929913851153
0.7130349897073645,0.055108337147435835,0.7524269974648226, 0.047744149165958
35.84966689961856,4.464781260899663,4.963503510735831, 7.936949210433321
11.32846739442066,1.305662500825543,5.385498049076678, 9.420179995734856
1.1461908138690466,0.08713576685156618,31.076409128515984, 3.8716809150604083
22.693290245752248,2.8015001593688402,1.6555763295128179, 0.13036785268950396
54.75113922769216,6.702919446274337,31.610392505772815, 3.9386201657007534
3.6487122783872348,0.3357017314497811,24.70407285089933, 3.0614303459484073
13.218282957212594,1.5556045620784695,27.020046647572112, 3.3583276765554424
3.3188153409030567,0.29888742095898124,35.797546348171025, 4.458368745424746
2.247046525526279,0.1863155613301206,2.0635438876193093, 0.1812286870111836
50.32036190307799,6.193188856845689,3.879369205606001, 13.439051944868956
5.414943079614807,0.5443108135319532,60.08502878642836, 7.305428587362639
66.9466160122538,8.063692173893335,7.068525121959386, 0.7510051215187878
19.076929903343192,2.32938427578099,7.480000963950241, 1.5047934263945004
27.34963374668822,3.4003571904564818,4.851215624420123, 7.7565274066983205
17.65216594881959,2.141964040060362,17.340923438156796, 2.10093346880278
0.45157059461148075,0.038432076439231605,37.33731838814521, 4.6472239242833435
0.8354233977517842,0.06364418276388947,0.8338202167143608, 0.07367926832089228
41.10906752380506,5.104767866866774,2.2113461136906234, 23.416747787113312
7.0001274003758684,0.7423102222632337,16.24072821250603, 0.6627892323805198
6.60534432499607,0.692336903335869,7.1879664574137765, 0.6861336238123732
68.84830058471091,8.270663738640023,4.8394868955439625, 3.2988922283203266
34.846400643223376,4.34110139035564,97.56380121095032, 26.558614766646546
10.348672281080418,1.1765795923071047,14.134631039490223, 1.676970122613783
23.694906865909484,2.93122170362731,4.9189045794528266, 19.652398750955445
1.4638166830945587,0.11348076627280618,1.251157592336687, 0.12595698044591702
13.283845855483555,1.564286984293426,78.11449021613632, 9.260629692624423
2.8495909565252644,0.24812876940670128,3.4733967123758798, 0.24709477075865338
12.392853765693859,1.4463371111056513,3.973818332741537, 13.372664500932924
78.08641659409561,9.257675076457161,3.681713143197072, 3.4989883603511283
0.8781326978895121,0.06672316975806586,0.9036267219494162, 0.03465272327732626
2.232142571564017,0.18484271852943254,25.419844200864386, 3.153478090373475
4.191402659766886,0.39795808478025746,0.12566116606423705, 0.021107991236681476
3.0308311434375605,0.26749201466108236,78.01386905151399, 9.250038572086348
6.230042648949861,0.6451991698433679,96.89249512610269, 11.181502624442537
3.5429991686720967,0.3238126995653171,3.8696167778946955, 0.31781160098570993
20.412596374738747,2.504401722999156,15.676125007738213, 11.813361174953895
9.543311138932282,1.0709414463113447,55.7177533278715, 6.812990308313169
8.57235906769689,0.9443910146798002,18.179834778791722, 2.2114565832362536
28.958735350668444,3.604746441232247,4.515748943807657, 16.821936587997214
4.1202446126170935,0.38968673122913444,4.226960652140924, 0.3813697390038004
77.00238683764375,9.14338421164627,80.86044641142124, 9.548369687472492
12.454610470890998,1.4545084861415034,4.791280454626115, 12.186976812294631
18.893046541454208,2.3052353629171187,42.91143494075448, 5.320917813455003
74.53041625181542,8.88127076787624,4.733080888067258, 7.658489224764955
7.934061774026112,0.8618447111796015,22.71040819831715, 2.803721136711689
1.3101297000831598,0.10046423217998143,1.3671416684104953, 0.11357788019414665
31.395859777142064,3.9117446088710475,61.08617450969423, 7.417215262284615
3.220604186365721,0.28809842149142684,60.10804692064729, 7.308003293123984
6.3305213867119665,0.6577812182537421,5.154985619015729, 0.6696035733689684
8.840269504292825,0.9792035093776806,4.997032556089374, 4.956236228600972
8.269001811442855,0.9050860224067604,13.016888198983748, 1.5289364141382025
87.3189599336653,10.215607456826698,4.8486890543768935, 23.247072664306234
43.499143131133906,5.391057047937299,0.5332904970210695, 0.04340131552548968
1.7514424889794538,0.13905911016588937,20.05099536227099, 2.4570901389636077
0.3799397974013412,0.034271209170326715,0.33466866826855085, 0.0010000000000000074
13.887685054692351,1.6442624119744407,6.333351127083898, 1.1872604669413898
1.7262421970347437,0.13675907980443566,38.662560740421576, 4.808800575497802
1.087758784369143,0.08253391888652917,1.186952402641536, 0.09039332471841242
21.2153595537214,2.60923780174421,98.93214117701221, 11.383910574094827
18.801737394051433,2.2932393683352523,32.84987680989064, 4.093425981006572
4.9051205947366885,0.4824674011804963,3.9146761983408207, 0.48466749722394803
0.9938858884720063,0.0753146288976541,0.9970319027308354, 0.08865679389887188
0.6973454079606856,0.05404604005034956,0.7328641223724909, 0.01618145728682118
42.68774618181611,5.2941780114654415,19.487227903842395, 2.3832218520528503
20.91085579892225,2.569503968199162,4.104918267696265, 10.153821680511742
48.69397032428532,6.003891959507339,32.83059111646219, 4.091023424021623
0.7690994511149831,0.05896444177760717,10.364747974221538, 1.1786930750855358
0.1965258287320717,0.024510051807820402,77.39363227490968, 9.18467929230895
9.162323293724318,1.0211632612072672,9.097293177512345, 18.985656018002157
15.473398971098735,1.8542119450800942,4.894447326717249, 4.772653158560434
32.7653711974855,4.082897075736152,8.089590577015247, 20.128080172223108
63.59364765456145,7.695448819325679,4.942166206712359, 14.152211428742016
0.7448505784296262,0.057285186717887196,41.193805335690406, 5.114965791235662
11.385316034727634,1.3131662882789772,27.371861892014337, 3.40318974931688
24.620724622589638,3.05069523283642,4.863923087130474, 20.56178101832778
15.934455172538101,1.915194927642854,5.773331806386498, 17.730734700060463
15.397786017007338,1.844207228031428,64.77965699756817, 7.82619496522281
2.3533163423793537,0.19690184405547306,2.342230069230875, 0.1925989756321086
28.548093903193678,3.552714097467196,18.657337991570948, 2.2742623481603363
7.454207969705793,0.8002191256026112,4.918423447382429, 15.03019398150782
0.3863029323051368,0.03463322572991344,29.22349305763043, 3.6382473386661234
3.7788200738955,0.35044659267409645,9.360535925674029, 1.047043112438769
4.215341092100114,0.40074749954363453,4.559858105833656, 0.4036472746365437
20.71017562294079,2.5432959049637502,40.83646929322329, 5.071937502920805
6.466668549473196,0.6748747716356726,18.276417279978574, 0.6361719614946613
2.762050105043112,0.23889426340560682,2.6675028361823006, 0.24482992438100631
24.03810167007841,2.9755586952138118,0.9799914876558158, 0.07426486339928733
0.37360586930715445,0.03391235154595465,21.758232952054534, 2.6799745947052758
12.641594468473956,1.479253801809369,19.992303503735787, 2.449405894079329
5.474240246458906,0.5515722212084505,6.347798879579412, 0.544181752755777
23.244620170823282,2.8729632798034888,27.19187330300989, 3.3802462792656516
4.312203764625508,0.41206866109647344,3.838488397566766, 0.41872646779837214
1.0781759648554923,0.08178701057191075,1.8116178401628074, 0.14459448661402283
6.6756450846051765,0.7012081612409228,85.49208139849267, 10.028193858119776
27.74361972342362,3.4505255165998854,42.664943061179756, 5.291450756198647
6.0982101205906565,0.6287356370175092,81.34374327219062, 9.598757690775845
0.20204321092398736,0.024783904380832767,0.20205920377406056, 0.06384643152113963
20.119096016108976,2.4660044778176724,62.039737605877136, 7.52331654188868
2.8319213216929477,0.2462584606913487,3.866033063522519, 0.2444688621035804
1.4188914733113047,0.10962615992276564,1.5730193765356795, 0.08932131330371022
37.05568822445454,4.612772099203998,74.79656886654907, 8.909592682692468
13.023394347068864,1.529797877707543,8.092236535976644, 0.8822438103224476
0.9756240106769267,0.07393590916981985,2.467695520540712, 0.20845564118927043
2.5599881425663207,0.21789351030962187,25.30987721119528, 3.1393530652123607
4.003808716375798,0.37621962206516735,31.167382551921634, 3.883095717503202
38.30118039281053,4.764828337388314,53.778639298583386, 6.591774528367319
44.74458166724551,5.539142778325815,36.47372527077445, 4.541452377544511
78.45109738581834,9.296035555290077,4.783072020611667, 12.78629756788048
7.771158177273712,0.8408783968901469,85.94921648766382, 10.075186217091353
34.19277771749146,4.260244985690117,87.13917109285855, 10.197208884553659
39.774590714368905,4.943698987382145,4.357100803505752, 0.4173344280051685
4.386029543382457,0.4207333491288196,23.726600495000604, 2.935318568139724
70.80320935618435,8.482043458745034,4.877056555508582, 8.374271288478457
36.361781170143026,4.527713741803262,15.308583207468633, 1.8324032140884303
34.3550575449719,4.280340444765705,71.52120977905848, 8.55933238984513
60.68929260775693,7.372948075185582,13.569382193978248, 1.6021033382974414
6.963406789959575,0.7376465080797279,59.384441058984834, 7.226961340554562
7.893054401840551,0.8565627372444649,64.74682164788503, 7.82258248038478
4.239389908578075,0.40355318855396205,37.71206097399624, 4.6930036428969135
5.070392647895074,0.5023945087274682,0.10499501101280284, 0.020157000910414828
19.734010621783003,2.4155723677004084,12.55022906237699, 1.467161783516795
0.843886844278561,0.06425031340472447,0.8636640426730038, 0.046799319378304866
50.08480127740876,6.1658459029618085,7.582571876264231, 0.8166639129832978
0.2702701826031997,0.028274128618645603,56.87632373272726, 6.944398429837188
26.832706796689347,3.3344128983783596,47.83298655120852, 5.903193037953751
86.91357562441739,10.174108768522188,5.327030945422332, 8.90786422668711
3.279259577741743,0.29453212418107666,94.26583041961156, 10.919130981403358
0.6663960280614059,0.05197258322441275,48.73916738002425, 6.009168723048838
13.956334678818434,1.6533550848745204,3.2641180168051975, 18.25250537114771
2.6094626937385854,0.22299352475775558,2.8967136898622, 0.18532540314386944
1.8154670531304071,0.14495060613413158,1.8260378844820226, 0.1186389810607347
3.8008560184116504,0.35295574643790445,4.1467656081721795, 0.36706930281120126
93.19459301799861,10.811565133124908,7.336443772701348, 0.9255103388097248
15.702336256206994,1.8844978792338805,69.96224344836808, 8.391281981820452
0.5696549567005351,0.04568571893352509,0.6012624883750386, 0.09012526101268299
95.386449757694,11.031305111292946,4.0875783142805, 8.62983538067758
6.432396516892826,0.6705670745921125,12.664837019367233, 1.482330130699071
4.073348608218274,0.38425248767293907,31.584958124537067, 3.9354351334254716
2.592895248402315,0.22128258518921928,31.040227782829923, 3.867139893679903
0.21315441735986052,0.025339263647669783,2.9978408512304524, 0.2639436673765961
38.48240475722758,4.786887689621424,5.396014141768253, 8.757904062216479
73.83863783090533,8.807542195292584,4.597805794856159, 16.755155024141075
1.9752706185530071,0.1599439005796612,30.761548992313923, 3.832140758643808
12.270189444625863,1.4301090911793934,2.1079978465633866, 0.17269206579170585
42.08892252924792,5.222474641795753,4.880040735917589, 15.136980379121013
21.11339098214693,2.595936702538226,13.437861855698234, 1.5846842954116709
2.8673420690208453,0.2500109005099332,19.29958123937088, 2.3586075962767805
7.852235253624794,0.8513077672000066,75.36188766366551, 8.969668536949268
23.581557164222602,2.9165656248689054,70.88779936730712, 8.491158736206447
31.099148096831186,3.874534470516948,4.566467632327933, 17.46556353004465
2.2025395772304703,0.18192612743946673,24.222314396610695, 2.9993332663122136
8.795102635720019,0.9733283055089795,51.72614017664687, 6.355849743385118
1.6277280655179456,0.12787334582506418,49.0941989947776, 6.050586279672851
2.016619121012575,0.16388753089483118,4.825534308012101, 0.47291593132936044
21.73229883868945,2.6765983533961157,9.66776867454375, 1.0872321425353522
10.244730492068447,1.1629184408861606,8.905703021226545, 0.9877192266523879
2.6261065343566528,0.22471547419101015,2.970385829281435, 0.24517767534794122
5.655440775898834,0.5738425845883617,14.366064396554245, 0.523876103548899
1.0591420794529802,0.08031008361897299,1.0642979305468787, 0.0545357636777867
5.240290322345517,0.5230028118477997,6.278198408815856, 0.5186158843445655
78.81745978211461,9.334528402778181,5.968822876360956, 5.646428625747164
0.8523893171832291,0.06486124695445628,0.895268527015726, 0.06541819920269384
27.876161396812552,3.46738472926624,12.420387072853583, 1.4499801017121863
1.1265339846621183,0.08557865306885756,86.68869121103626, 10.151065974457286
0.15860677556302072,0.022662781300283732,0.1454549213138025, 0.25176588964477514
2.0868142005775128,0.17064022766061315,2.149956481735684, 0.11875903343555906
98.54099967939801,11.345183735571224,4.824496683043084, 10.064732187778336
9.398795007106598,1.0520429606758297,15.516767495773784, 1.8599498239060233
7.415403128020483,0.7952539759323648,2.342698588511898, 0.19583758640902185
3.867575397027995,0.3605732119520833,93.7815982409872, 10.870548654964944
37.94122330715912,4.720963707059414,10.10906148319854, 22.043026752415777
7.30005402262185,0.7805122979569348,4.9199130505120925, 13.267300776087172
66.01527840992534,7.9618363346531655,4.811539003552667, 11.378778439456866
67.25992930661387,8.097884458496653,6.866531632852261, 9.182964432091527
49.85032187576654,6.138603622565493,3.3186135678588196, 36.2606342280415
16.24897277681488,1.9567715373588488,80.40082502157334, 9.50037975642553
17.911382412962983,2.176113344763087,34.78094833659166, 4.333014571992864
35.17775042658409,4.3820066465038074,4.872001477453432, 9.075417575329814
8.397816764209935,0.9217606431660096,49.064723978436284, 6.047149948038002
0.013897392123502827,0.016195426313385303,0.005247916376297669, 0.3310614716986498
0.037490230747061704,0.01718467324271683,34.24845506014842, 4.267141168143678
1.2784649788326536,0.09784357252249094,19.32572029745511, 2.362037155728907
0.6740800609081081,0.05248462437230551,0.6967176636160829, 0.02540360086156202
27.089981200867737,3.367250519973792,3.974240843514252, 7.750729423530884
79.92671431900857,9.450804812495646,20.14437181980372, 2.4693125854202984
62.124768758107905,7.532760295423687,6.9036694662967335, 0.8816386286696362
94.94403564428927,10.9870619667501,106.05896972372814, 106.48911831367221
0.8609309964229928,0.06547701381110976,0.9065830730876446, 0.0865409290964209
2.058542259824543,0.16791185993605492,2.4310029488688047, 0.16102994102239684
3.1056943345801997,0.2755819197261575,2.7843975793451157, 0.2623140560094144
2.7793975519232634,0.24071787516026621,3.996606084903698, 0.2792597562911923
0.19103377134210575,0.02423872552989822,0.18192096397120558, 0.00100000000000001
0.018572643824220192,0.01638938127437956,19.730380343812165, 2.4150966515564254
6.033198052179177,0.6206360926876762,2.6336931662829404, 0.2255014084906171
48.46587484117697,5.977247511172114,2.2089034822288376, 0.18255212305973129
0.1322597104303327,0.021415603571538298,79.93173619247827, 9.451330305177532
3.890020607292973,0.3631426067299923,79.24499353385505, 9.37939218507117
9.640769288121668,1.0836969307026958,1.6329201645636529, 0.12833737483408622
35.011694436139464,4.361514056337256,4.7532943694461585, 7.733129416434866
20.314312488729488,2.491547678358848,64.71952346418907, 7.81957886930389
1.3422344783813651,0.10314312606422853,56.76515721049966, 6.931814099738158
7.690823680861062,0.8305557198581776,0.6409852251653474, 0.050292377615126775
3.1246263829013525,0.2776359372465329,3.4422142252970733, 0.27631548714983317
61.8350258671289,7.500569059842947,20.360575864846272, 2.497598727904372
2.511191734215131,0.21289106930272225,1.9328645914788423, 0.20581758334292966
3.480728724587463,0.3168492493476764,5.621402984952449, 0.2980595376617038
89.79082407375758,10.467573172763826,15.2302547792682, 1.8220371961245045
2.479032945823049,0.20960957505339048,2.349321285370657, 0.23535817483408816
91.90347696892465,10.681480991395745,23.80169376279211, 2.945023527541493
3.7350511557749995,0.3454728611642787,61.31359335633725, 7.442552599088707
4.536773316811901,0.43851873125120033,4.617910074415563, 0.4333353433993628
37.23116941463762,4.6342434600449804,3.9116256820854205, 1.3794265713686955
35.68052681040855,4.443966466584492,93.65921741692699, 10.858259736375548
7.5716994129544375,0.8152698416695925,4.887336987409958, 17.188267703513485
88.13534505784914,10.299028096419672,4.741491860338738, 13.442476109272375
14.878124422662554,1.775425871159252,13.176178246484564, 1.5500288619351337
9.689835668110119,1.0901219930756225,5.70509708689503, 3.3247799539862832
2.002772829575786,0.16256408544517936,2.010112129615905, 0.13125387278452985
