inverse_temperature,inverse_temperature_recovered_cobyla
41.10906752380506,78.57191519073778
7.454207969705793,62.77912593668686
13.349711075324755,53.53828617792831
30.95181290415621,31.61000761820769
3.2012315996189606,12.213723573133741
3.4193118153731925,28.670350690982552
1.8284496460739526,1.7881105505715693
1.299526197353456,1.1846435673915334
3.3188153409030567,12.145037610216388
15.24759970690615,12.589038477974452
37.7624829673329,12.56295993136483
14.878124422662554,12.229726517799966
1.9076120734557755,2.06299516894069
74.87869972683022,21.217987309682957
0.9130145875420357,0.8908790023036084
72.81283196139164,5.472768278612345
26.832706796689347,12.255622275453456
43.7043361775117,61.028381312305484
0.14799516761182674,0.1452816480051604
23.9231767031401,3.2124668298037333
14.445827802682347,3.232460446836683
1.0496906107066404,1.0415679036197392
42.68774618181611,12.273830158341484
60.68929260775693,12.575152170348197
68.52769666109205,12.124011756046395
78.81745978211461,12.79239428060901
35.51216307475026,47.76378257318801
4.41086543306758,12.591336484472299
73.49512824332727,73.72021628702815
72.13678478899267,12.484387011604289
12.767691908962114,12.777442137531322
16.488688515221902,62.043035888322066
93.62894015670012,12.184460840408159
11.968421361618788,76.55775908225182
31.997536542162322,12.549452616627661
51.5145586984224,12.244179227144812
6.000915650571102,17.17802067849998
10.348672281080418,12.839842763626013
67.89089677844116,34.888537299876226
37.40745977815444,12.180331005773725
4.562304311434243,15.242301354553856
3.3990271599722277,17.351027270121158
2.173207714895005,12.58806730093809
6.065629313380141,26.060853525753352
9.115678197225508,20.59628323917789
12.516651946660824,46.91831410889251
98.54099967939801,13.720694627904054
5.59448400458882,12.24477023389579
1.3638851566381893,1.2858919487559193
9.543311138932282,61.1754348945363
5.655440775898834,75.39486400674207
0.4316740588229713,0.3591781939831052
2.3533163423793537,20.802808484047105
0.5059903111491149,0.48081255784740945
46.241717072476824,14.196893135441513
3.1246263829013525,12.512771440051306
98.08410617173911,12.12525009728149
3.298991964642103,83.28365711666225
3.9352220010112067,6.166206564171176
0.20204321092398736,0.20671938692018973
0.16931647297180707,0.16824877412415842
4.613720026694584,2.2970543281436178
4.215341092100114,12.216663252792005
35.17775042658409,12.482071782316202
1.0215957025136202,0.9525873908104623
2.384313056795571,7.125396248261205
3.220604186365721,12.171782737373809
12.959026922056538,12.507143487545918
4.639605835560495,3.886496877296456
0.8781326978895121,0.9109828231606519
12.088296259282046,12.218223077271585
32.45611624659835,76.52164169993681
0.32396993108847605,0.3332166775504863
3.6061350095358797,10.225181386350517
32.921069013006814,12.801084637984657
35.84966689961856,43.15829984285548
2.3687790490147047,1.9261557839751167
15.322520126617647,5.1566454232843535
1.5327737916392783,1.5902042582508962
9.989021952361282,19.760639546589694
88.13534505784914,12.53302097489702
7.650932772302957,12.16677608540005
2.016619121012575,1.7947235500042933
40.15149471469791,10.360579365764226
47.119120657308535,24.278012826375605
1.5095762727978457,1.4476705408401416
1.1760172691812443,2.1568917212267853
0.17470838823996715,0.20253241500117156
65.40148961097702,3.926451522729661
1.4300453894396066,1.6875837868546106
11.499800940082743,12.181903743163486
4.665611008252436,12.309152333960254
91.90347696892465,12.51784373554009
37.94122330715912,43.36596418081687
29.797218091536912,20.79804280884696
31.099148096831186,97.89769740766727
16.24897277681488,49.909506488304146
56.04843779172506,80.74593934938235
48.0128199464114,12.201319992552962
61.25952374322576,41.59177250038483
1.3967369955949183,1.6958314718798735
36.70713852470456,24.12017073893908
0.643554901123981,0.6775000398036224
22.048218509519362,42.3839757048623
13.549134636997515,15.717173820538536
2.6596248121486252,12.49274853390448
2.9030902315631852,29.89853162609698
76.64435563198172,24.080911712213673
2.292172004334775,45.07041765219844
16.569331804532332,12.528633581310016
97.62930980674521,12.236833814461768
21.942427112667612,34.60205554864814
15.85672596900395,12.58227765306424
29.939229252999965,31.924972538573662
4.744348226053354,97.24711032984631
15.934455172538101,47.64523943248647
70.80320935618435,56.82449856608574
33.5510729459222,13.0010576321711
18.262616782742565,48.41306777285288
0.36102509792554116,0.3325668078645738
6.163823134547501,31.766299185532574
35.34457212917844,54.11269076376242
2.002772829575786,1.870779813553357
11.103670238122202,14.202679658981138
7.975258238113913,26.136734888209347
18.710847355927964,70.28989108129687
25.950661575834697,12.657758098288904
0.6587472649501049,0.6303468930424343
0.06163206184130021,0.0829078476213253
67.25992930661387,59.57697925159162
2.4471686977890936,12.150180743253049
11.159482300866722,12.17481439393348
89.37409390018179,11.467998053958638
0.4717436403597426,0.46535626754257725
0.5410338832655883,0.5356331277909679
0.810265429234097,0.7614895581004579
72.47403082604345,12.510924832731499
77.36206898551762,12.732700775884684
41.89114423669473,12.256366738045616
23.581557164222602,12.541915020630123
24.26954386274699,0.045747938953385914
0.6061799703516149,75.35948032315666
15.779353542763225,92.08936021799359
1.8545947027785634,1.8891859756059746
42.88919774015305,35.17061825261296
17.144343483121055,58.43107024267498
59.28645961505653,12.491894505125302
82.19168486724527,12.276790208094212
0.3863029323051368,0.35900240479025347
13.956334678818434,11.173042500008362
3.240066103373943,12.523444101106152
19.16950800977189,87.21398160511748
15.54936058926102,91.95660998610369
80.6747684827888,40.4558475035838
3.338730126091874,12.76235932022892
10.29658183892619,18.98077128282177
3.5221467879229467,83.51576993691799
1.1265339846621183,1.0955913416077374
2.1441445012763833,2.0830356872724822
26.70495458326033,14.868762926942676
20.71017562294079,64.77865418384638
0.37360586930715445,0.4055041417721677
66.32429714968548,13.717743919346981
2.676499958746202,12.513454726729043
0.7690994511149831,0.7783465603465802
2.232142571564017,31.96569681862912
0.11161409772333508,69.21006066689674
5.211647369759455,7.375000230758371
0.392695408696061,0.3793633084259361
60.973752329639055,3.363932397330793
5.810309248206048,18.18723601734391
10.244730492068447,70.25419123314789
82.96067551242973,7.6185738973896475
0.34236966038053973,0.31866547253330646
36.361781170143026,6.335206311288065
0.45826403118986603,0.49438112885587376
91.47704971178689,17.622029336227108
14.951341129587677,15.156903373638755
11.32846739442066,24.202768896789173
24.503125414431402,12.278515456844929
43.29489192149687,8.546180153598852
0.4785300982509113,0.49435373209002637
11.557439628235752,24.787189098716933
1.3857359651011505,1.600001159859415
39.96260922202494,11.0279481204061
1.331483614616344,1.4273848223863983
0.06652742614662133,0.056496484375
17.39650253932951,17.42461436105472
19.92566751911294,32.19128558561792
97.17660095852473,12.518036432462592
0.13748075072293697,0.12802335182140928
2.0868142005775128,7.275940339432413
23.356416199265063,12.204400649212559
13.819350532561101,19.561748351456874
22.80254399901917,60.70993265158075
1.20625823443857,1.2318979429982324
79.18551153714645,12.595039677818251
9.446745602916458,19.28377800508008
10.141740699487029,29.066731225047963
0.0763859788955914,0.08446691239173648
1.5679727421818206,1.7010351216891424
44.955517640549964,11.945094934943924
31.395859777142064,67.64291685409279
2.6934529194879357,55.23078766823327
4.691736095177118,35.56708897877215
9.398795007106598,12.111255606665154
1.7641298538705752,1.9453004233733031
6.640413849058566,64.56172488775638
15.173023172161315,3.440892081888813
1.0973857918781245,1.0607433402847322
2.058542259824543,1.8124130919709096
2.642827122528032,17.68085366418401
0.3991173618726547,0.4334160089813476
21.627957514139663,3.23811624037954
57.91552746482361,12.739473352115548
24.153556575402323,12.575057283420731
0.5768929001678558,88.34530330876922
52.736543801041535,62.460901765168266
40.72339317321632,12.161287119122786
18.440672704212847,90.14452526329208
0.142725866111993,69.94829411614859
0.3485595530525598,5.516380281314752
38.30118039281053,98.82231176491914
1.6520177322520255,1.8047408743130129
34.51808567207842,12.184273147782847
33.23462180121258,24.34120398416371
1.2164316628771,1.2432930729492073
0.6740800609081081,0.688095963489506
13.088058581122814,12.49929748072477
37.05568822445454,24.51469335759814
1.9344888759617103,1.681718480669664
48.46587484117697,3.8889620663324034
1.4638166830945587,1.5336118410805837
0.9575293922934969,0.9914561391166943
6.230042648949861,12.147273907503228
8.616498828148782,63.35415090538765
27.876161396812552,3.693232455353601
0.7448505784296262,0.8370760349309367
96.27740752954928,12.617298563676048
46.89825373922061,17.591368606688437
43.91047540359809,13.928499140830537
6.746595676304775,12.258465351163393
3.5429991686720967,12.247288000879891
21.11339098214693,69.48306751738144
83.34783233326026,12.11953674608541
9.888374178513372,12.129976229706392
3.867575397027995,14.148439054623667
5.327014083919651,47.87237115016991
36.01958692227735,38.961064649701065
0.8954934050010079,0.9299757649245124
16.09099049971363,32.674470582450915
19.26251300944727,16.37433404407559
6.3305213867119665,12.491808307784133
20.610525847228235,12.641661845390214
4.312203764625508,12.511459753839008
28.548093903193678,36.0088447033776
0.598807599138256,0.579186051696653
9.162323293724318,20.636421384014486
49.384586916055625,38.90496565101273
2.8495909565252644,63.26456978345021
1.1461908138690466,1.1241920071051357
1.320782097350472,1.3869828020748405
0.28201205186378053,0.30064715909564754
92.76223953405626,8.013587012127795
15.625672479242983,12.116565621017594
46.02487743965627,45.420784126557464
2.8319213216929477,28.857478794456068
9.25625974372752,27.007110702817002
56.84126230174992,37.473608109557595
48.92311759409673,21.40992701115662
0.35477798836258945,0.33898873296175064
29.096880126942303,23.89027703478345
0.636010978858552,0.6353282846132403
1.6277280655179456,85.86389039315206
1.1167731868548088,1.0898465059212057
9.069247201869178,17.159578019632868
1.7388133591338586,1.6916620690129316
5.564215301865708,4.901174457034633
83.73677439942138,67.8369643296012
5.042529526179434,12.236519995963048
62.415847702374265,12.477580106394512
5.873261021704095,79.34096590878211
0.6285016832205073,0.6485709891445747
95.83090391711536,3.3486633424200414
55.00821712385413,12.17567491080507
3.6916831144742615,12.117337195674931
74.53041625181542,12.56879785939474
29.655858761760268,19.624329089132814
10.559447129234723,35.230715504691624
13.887685054692351,45.497381388865676
0.6817995261249044,0.677092311116148
1.7768757223388296,1.8147090634506686
8.016644666038573,13.559400029554565
19.076929903343192,12.99014057216119
0.25863585639849895,54.35544101317599
45.16742627516666,17.064500301938196
0.12706263472941015,0.11578018313673179
27.089981200867737,4.7821696019618045
5.356189011862168,12.268152528953285
81.80983476699043,22.279971649850605
0.3118437722016072,3.0808717653384496
0.2356859022572646,58.78755764525333
50.7947467923121,93.12865142412062
0.843886844278561,0.8242770527181453
28.277464734765612,15.17279864177627
0.05675916727383501,0.060965997236549385
3.143645730087062,12.124357189615576
22.15449772832616,12.329814500647137
16.012542798525892,12.113884933138353
5.126504928422594,24.832540303571985
9.640769288121668,12.558335603645421
4.386029543382457,12.349049866617976
63.00203842224474,54.69070042592065
0.9665558901340296,1.0899619434025036
1.0030800322419111,1.0486802025713515
5.474240246458906,10.402444204162139
13.482354062368882,2.573296384846338
0.317892904860106,0.3237984390720954
20.2164797260721,12.564634913518683
12.33138052397157,12.850931631420547
17.566552447315285,33.0005323710659
2.479032945823049,16.20326824207805
2.337924609617034,1.6753712661174913
39.58743521226579,3.875736785796744
2.939168835815193,4.8792713631014495
0.8523893171832291,0.8780763303407378
5.936794696205772,72.13367660133798
2.1010480209356293,1.9589364978042432
0.3673010139632269,0.392539549864022
9.303553085423006,8.26146488620985
8.75014308321877,12.509902701564476
44.53461389073482,32.13446710767763
10.937766417144363,43.391872565554166
2.762050105043112,89.25656850425868
25.581251500597446,11.894632092486424
0.15328876674866998,0.15409687499999986
1.475177756934357,1.69011722437396
11.908896265991935,14.592693102704596
30.51385253811184,12.972855372477987
0.5624502354169345,0.5927363579449834
0.7854522985237038,0.879326232203889
20.314312488729488,6.294908433777552
6.963406789959575,49.11590291888584
0.4382757491225846,0.4581481403593976
67.57468734136253,6.072230085236848
0.33007497950866793,0.35445501535399737
1.1560872613109225,1.2695988461523977
2.0305292600320595,1.7915974883881625
79.55526044083167,26.223042902701174
0.4990778107927054,0.4798723014616699
1.688873862595615,1.3291229781198022
0.7368417086806083,0.7902092310334792
5.716961007210564,28.917761617167518
3.1627527786871052,38.11941966536681
3.2596177625605156,12.617567426063912
81.05138460116652,12.169167653301695
2.744782282999756,12.591261978627026
53.73457348940288,34.589932262042964
0.04708037528119302,46.823186834939655
33.87044923838338,8.633318114966432
22.476284862679464,28.077129405417473
9.209183478622037,12.186184480860268
12.894954943731374,9.221539788309826
0.4251026703029981,0.43022696386572273
7.5716994129544375,2.891700750478185
0.48534784964282696,0.5094718788026511
0.46498833233205183,0.495798276144723
51.75671217645141,32.83907795235026
0.29386245826521606,0.2885654704873104
4.191402659766886,18.697626221202786
50.08480127740876,12.52753489627017
15.098788943950062,12.707162258568738
31.247162676903216,12.57131798539015
6.0982101205906565,53.95201001031113
1.7012727130086587,1.7472113757651762
43.0915782255669,9.554212905813088
1.7896803641540675,1.5565374237542902
26.577788752900535,5.5309369535046375
3.670148273937195,12.79670359947385
16.169799936468742,15.689967197487414
11.271879689554957,12.176495771296107
14.73269766103181,12.21707263920132
46.45955658937837,2.4777858268858517
0.41856144447739974,0.38742557703678776
30.369203853927857,17.768704614066543
57.37592378488594,12.140052318937029
37.23116941463762,43.949121167576074
53.986963829670366,12.15983008189745
42.287612810830595,12.203562007530172
38.12078784880716,43.85499391166166
1.1363397911526572,1.1606214763857965
37.58456304623956,61.277944463554114
44.32560986699147,71.90065946367018
5.070392647895074,12.512607423329925
10.828429151297543,12.809814615792948
10.612749687531197,43.09670022502992
0.12188941362261674,0.13875741754448567
12.209279232530541,75.42802196439415
4.511359509536729,12.541905423455233
6.782316534146772,12.11460705855043
13.283845855483555,12.169506731236558
22.36852863989433,12.130214458378118
14.374931403548405,42.29335988035371
1.6398449623585671,1.8705305039717697
92.3318705539913,10.018636268329205
1.7262421970347437,1.40855118513876
24.03810167007841,15.56318477213484
0.5914690671324021,0.590461476651835
12.704498158960478,20.99434040879027
19.544109098147135,12.114003971084335
61.54661289694844,12.707196508170757
57.10797810755894,12.604017245459374
45.59417948943921,25.23451346100453
86.10838061106992,12.156578687170944
3.0868491844215384,41.27172190578113
3.8229935743806704,81.37458945483652
28.14308107776889,19.474619041593204
13.023394347068864,12.273386035464885
32.30255256576549,12.145943642266598
6.196856730011519,12.173226311186529
27.21950883690142,12.650086916944067
6.854253154040614,78.8929143880647
18.530316921497104,12.138263555171315
24.97678587915805,12.159701418321312
46.678400600994834,12.115351842258535
13.415880010791895,30.41524242621213
0.7051721536125832,93.07841241034862
0.19103377134210575,2.9829883179331667
36.190290474789435,28.332974984226357
63.59364765456145,12.134952082285176
73.83863783090533,2.246570300067049
0.29982867605558794,0.27682528300312603
88.54636315180338,12.661283440423317
59.00974457214384,58.3496121236188
16.731735677243734,8.152895074927212
1.6036608663423881,1.7343688261473669
50.32036190307799,12.157535730668096
5.414943079614807,46.85212329416888
11.73195529081655,12.27908823120167
2.2025395772304703,12.243332266896653
6.818202106882675,4.7628459843815465
1.2266520027082213,1.1254753971050364
0.1965258287320717,0.20375742187499984
27.34963374668822,11.946133271964062
0.7609792789625973,0.7497253524420513
18.9847767307198,9.746983513048937
2.527382430881737,12.52978005967193
12.148648598504014,41.598211888433205
42.08892252924792,11.792586554064462
0.004611168484145667,0.0
66.9466160122538,23.327397570143685
0.9396005014030884,0.8930842132399905
0.49219703883509336,0.5026796416318058
2.8673420690208453,13.063957644083315
52.48989289271433,2.3793201043170837
0.24138385814605634,75.47239281520675
1.4188914733113047,1.3403958091742054
73.15319536585754,67.86022179298523
17.99858598353726,13.060104380651383
3.0680905335625237,12.196660823406237
1.7514424889794538,1.693940225993969
22.912301539749937,16.454342335304005
89.79082407375758,11.892847036080752
0.16394930661201457,0.16246226626133198
6.432396516892826,8.189501926717803
0.5841642190119829,0.6015380954576731
4.959705166539568,41.138734167982896
7.852235253624794,12.545629554929954
70.47363239503696,12.522927663560104
7.893054401840551,12.191702731931745
1.3422344783813651,1.172377008807857
13.751329666105505,3.571991040486509
21.83712129866659,41.6918614591898
38.84736430764594,57.94947356910979
3.563947703262178,12.110761051243006
75.5800920637183,67.50734631606034
14.660484528328325,40.88847052276522
0.07144536380154576,97.49188293225005
0.2243683313418008,0.21857540710369666
7.148710917131435,2.458186010278182
9.351064504685235,14.078025018834438
5.504094059042165,12.816992154527389
8.795102635720019,12.922822745633995
85.70855286479392,62.42234391802827
1.1961315020691887,1.34401035331714
36.53406263798633,12.867803716406137
31.54524254476324,4.1834399550044665
1.713728736609967,1.8291362783760245
28.684345142566674,3.9996132579600503
1.0591420794529802,1.227425974973885
1.3101297000831598,6.206772906566494
0.9847339458514819,0.8976017989745507
0.52691964903735,0.4893557363563023
4.9051205947366885,21.414193175374773
62.124768758107905,12.489447910016926
63.891499846902164,12.492119919876261
8.705389895207642,12.554740182748265
3.0308311434375605,12.278429674377286
77.00238683764375,27.0174432233164
0.9042338444520548,0.9680270860915946
4.770836383555289,39.86948670496499
12.641594468473956,13.059707100665547
3.6487122783872348,11.274038732062387
2.2173070267982253,1.9563508870435544
6.6756450846051765,18.206081070050566
3.9579791411645333,13.263931794470851
39.40113875451736,12.571640271804538
8.354680755132621,12.207705207985473
1.0781759648554923,1.0067281595959912
90.63005812091889,6.511167931205219
20.412596374738747,28.993754981438922
7.224034340086339,12.194281407971367
1.087758784369143,1.0809900426315096
39.215697398107274,11.77874917322409
66.01527840992534,8.302845591839493
1.802544050330095,1.596293657583323
5.269065352411835,83.43914224630058
65.70767806717149,12.512010031551796
11.385316034727634,15.315679627004396
0.018572643824220192,61.63419955141555
26.32520548774189,94.34785494515899
1.1070571911407279,0.9999717479950373
68.84830058471091,12.11237621063138
3.912569316204146,12.14662505910674
2.1586426813102695,2.0416135828895987
3.4601621653763006,5.7347879115784375
31.695314141494528,13.279376241723105
5.534085532585141,12.478595327973196
44.11756517238715,91.495748721754
18.801737394051433,12.19346096881867
58.187196888296214,17.30117768951156
0.6895545870964226,0.6796780314291715
55.266480449508826,11.68569176916879
0.1801251665378809,0.1753427221095273
8.885644644906519,12.68771109333646
5.1547552748665,12.482708776795324
14.805243780656951,44.45790139160843
16.408415378867943,12.190889955639289
10.774136623570904,57.23737693343498
47.787850945721274,12.589286071955307
6.711038777314797,15.699223889530566
23.80877924216849,12.247767954948241
7.934061774026112,12.380475641583946
2.415596292436303,12.169399988548877
59.564450637654225,56.820118983234764
53.23326290888852,12.248871990263694
0.6135863368107664,0.6314209781976878
0.6663960280614059,0.5985190754352567
0.03272814726171824,0.043989453124999994
68.20856431051047,24.26895262481636
12.270189444625863,12.259672467875285
33.39248341032897,51.83237840486056
2.710484053187955,1.9355233766332542
25.459243470989684,4.184708868637058
21.01189044664291,12.163739877149355
2.921088038229747,12.197575244156821
6.9268547272628185,12.512557586222933
60.124284184064685,12.726295206265068
86.91357562441739,12.491298574928562
81.42973735991993,12.781807530160652
15.702336256206994,12.20983660014179
7.30005402262185,12.227364813457541
1.9616141168750718,91.8818549200918
5.444523462971117,63.47564285690096
0.2702701826031997,75.40537613647118
20.022159297686795,3.1842152772519805
0.6973454079606856,0.682853827700936
61.8350258671289,71.60584197066134
8.528421908886989,31.634003235737897
1.9752706185530071,1.7960314243546784
17.228010107955935,3.4842331692490847
0.9756240106769267,1.1332899678413053
1.6156667852726696,1.5541773944474735
13.683621015645025,39.93804200903918
45.38031205620082,12.951302287127438
16.978160560980694,12.272339852571141
39.774590714368905,14.434922660277575
7.376776400682919,12.634543460411324
5.779049906922795,15.68962468894747
1.4525077566201094,1.362078717061111
39.03110721811762,12.774410667721439
9.938582306368916,15.193621331742722
2.72759372031494,4.401232852177932
0.8019563051101652,0.7896942413225261
4.851035959658134,82.93060019270769
3.1056943345801997,12.190739342946216
8.05822193375535,20.609979848037437
8.269001811442855,12.477180313780948
64.49133090470427,3.6354461778774474
1.5798140971587147,1.3567918175420135
23.694906865909484,35.60834667925348
6.130941163392567,12.278920460068777
5.183135888417593,37.50811858782833
48.69397032428532,12.577417202923758
17.73817422860384,4.219761593582227
0.8695120627848683,0.8350049118249003
25.216904893034368,12.501318418137455
36.881012493497,24.695978355678456
8.484686421776885,23.39251873233573
0.7772570667492842,0.7901336193478472
6.570435770161451,12.573144694973834
4.050061921841296,12.284436784540551
0.412050242899312,0.4040357892021492
1.921019562613016,47.11685127178559
23.13333728651047,1.3381664641140416
0.08633566016120486,76.22522998570328
3.627374674125573,85.69950015011563
1.2369194702482695,1.3106366375970664
86.51005203044865,12.15657603190535
4.167574104914816,12.174829108613762
14.025300857927736,49.38798340825155
0.2187484767755925,0.21183433511623784
16.328510696467212,3.8163952946381943
1.374785429372619,1.2020094049062602
11.849644390744855,12.164651182163688
34.3550575449719,12.212208696646073
57.64510500487572,78.02784315446213
12.454610470890998,12.118146406412928
0.7936853198926017,0.754644617062234
0.2528587137824181,0.2543007307287836
0.09637731229900393,0.10066538015620843
1.0686371305141322,1.1079487876250151
20.511333464305675,3.7393420301912736
1.521148351815531,1.468551064539839
0.5339605328008139,0.528979255296516
4.4860623517184255,3.502901688991512
2.8143327905411604,12.482813389312614
49.153321500576915,12.80128057048986
3.5849928350747504,12.793118962419076
20.119096016108976,87.02907339260571
0.023269453898235426,0.0026423309460747815
1.6765319229457178,1.4573190200694235
62.70826886069483,20.260254398576894
3.279259577741743,26.01390753687655
4.239389908578075,42.1795127038463
0.0913449369205439,0.11088398437499995
20.91085579892225,12.569496348700058
78.45109738581834,12.263897946058995
6.033198052179177,12.518886986491248
15.397786017007338,56.07947917131111
0.5696549567005351,0.6560235409991126
0.11673993761728907,77.31484232167819
1.2680068172750079,1.2246718142854403
14.164188726580317,11.173245145499301
1.2784649788326536,1.3872600266412127
54.75113922769216,8.791824573531105
23.02256519099343,16.255809018698315
2.1878399103035773,75.29304711984311
21.2153595537214,44.109847580905786
2.0726457135004734,12.23773535621459
41.303239528867586,12.201531317084509
25.826957952797258,58.30677942654768
0.15860677556302072,0.15878908857197133
19.82961863811211,61.45934903584543
1.498057309659952,1.7086470618812417
15.024895451084294,11.198753171410127
17.65216594881959,75.18453845962486
3.480728724587463,12.189770732863153
1.8942661247167512,1.96037664322605
17.312062533694437,4.2093787850656375
4.824179685844764,21.572618824078557
18.620374503370886,14.561257529091506
42.487219286777794,12.159963063175987
32.14969374271998,69.70363624703805
12.831177055992146,31.925111029583846
5.240290322345517,22.218640245149633
7.186285996098924,30.85772259767119
3.7788200738955,12.247819248230835
84.52004723396306,12.214527242342655
38.48240475722758,12.23453619798525
2.576403847693255,12.694942375659434
2.3999186945035498,12.18085322493763
24.85755234869061,3.480546231277307
0.8186128681293197,0.8072853008787575
29.37508364336093,44.43501609187981
10.992813469418197,12.563519466825168
4.536773316811901,82.15918254798177
8.840269504292825,60.52692865270616
94.5036522130835,12.227155479826553
71.1343060522281,12.133411264171258
6.890470438651029,37.314273424868
1.2889713647352767,1.377407065588299
87.3189599336653,3.9628637133067572
0.8867930841950638,0.7915001255204435
87.72621353826392,41.70715933399181
9.591928122974666,33.2521006794807
7.730898533119516,12.297989816672013
64.19072548588517,12.64104874607379
51.03358109636513,12.510705524986093
11.615344098091033,20.79734927330019
29.235661912054784,71.55758977561513
0.7130349897073645,0.7382944272739556
11.79066448179512,12.112877994671228
26.199782706948007,44.41276381131601
3.3587367417105227,12.313415424647479
12.028220937490604,12.49747693463612
28.958735350668444,12.147022770960268
13.153020992854891,12.265415656917046
0.3799397974013412,0.4345172191930068
47.563914553465594,60.32048005706065
28.009314242188633,26.391558625653076
1.9889900926610835,1.7581052188647652
18.893046541454208,45.89257912157139
4.3366992312063095,12.488132667614018
90.20947586037609,12.787429990382222
5.098384251159436,12.193326764970914
3.0494179849710923,41.36333882799345
84.91439458053094,33.84120572617433
8.311742740475271,12.806194989841357
30.659168221749592,60.081083718596275
0.8354233977517842,0.7818120088814329
17.824579107057207,21.638993389955665
0.23001410000427014,0.214377028019616
0.7209340826641419,14.783781165731284
33.077484777388136,12.071990102091428
13.218282957212594,12.122146833751886
8.397816764209935,12.137088953667888
21.52409511660407,12.156026438570372
5.297973068989927,12.202299866747362
60.406138556910236,12.182978715014
1.8154670531304071,1.5417664917054594
7.2619567480478775,3.7989762925393036
4.073348608218274,42.252651017097726
8.660842124472964,12.239454687078538
80.29988103360184,15.387276114648206
75.22858919562853,12.151551143606058
1.1660293429393476,0.9974510200393426
1.8414921039409222,1.550868723351892
30.805153980487987,72.67225517526673
19.355946870846033,46.65054917416225
5.6248922813999815,14.403239381352789
1.4077887536937914,1.6786296481439729
16.813499697967845,2.8098406517109287
0.6511336096860072,0.6514071495004425
54.495241319897794,27.548770304684123
22.261267018517234,94.26348472093106
3.7350511557749995,13.725612978576995
55.78658527936262,12.579763589844642
10.193117143059025,20.27995812620826
9.689835668110119,17.44978249046066
24.386065987015623,86.38230417783245
0.21315441735986052,93.72041408875425
9.494917307002517,12.59314589914703
8.1419525126008,12.235940574563482
0.9306977288832501,0.9338860578660027
40.53188266478523,5.171733514370294
41.498306893760365,12.551006861967005
3.1819479331074776,12.320135860623523
2.6094626937385854,2.033301419508337
17.48133191205737,48.840761316207775
2.8851750348869256,80.40367756869124
2.5436477855785484,13.471253193262678
71.46692949092187,12.189466779064986
3.7568852744353274,24.66942866295816
52.24437411284708,13.152734944791673
8.441151680692835,46.09190013832256
10.720093298720597,3.3473968504540665
0.728869599669415,0.7921133265112538
3.378835611204586,12.652556210817126
43.499143131133906,13.040093969638836
56.31149775014,3.5320459068924555
0.20758603469478154,0.20128166695221278
2.1297128679353348,12.28034851281391
38.6644647777224,12.119174652613651
40.34125119020181,12.657057012408243
0.2761276124355696,0.248400724355668
53.48334162160639,12.809513223439202
12.392853765693859,39.966274349885104
5.9687814252899045,12.192967795041303
41.69427374713844,12.513635577447534
1.1860512514338497,1.1976617881192144
4.003808716375798,23.675302442394873
4.287820732314846,2.8888435880713628
0.8609309964229928,0.9077294820295172
1.486591218599791,1.4369240809676374
19.734010621783003,51.75456184621711
69.81900980709693,12.707195852192907
23.46872773802986,36.36711863665583
0.9218358201178205,0.9081406993408451
69.1703828670383,3.581815125033053
1.5561857390622342,1.275700328586271
82.57529574264808,7.260311745883753
6.535687445705443,21.705627233735175
16.650346953636888,25.280430781350486
2.277060924280109,12.685931842758704
4.096742673429575,44.96111610663066
2.7968249908037497,92.2513490498068
7.690823680861062,12.118216488731472
85.31056032915512,12.187031626004524
14.304360419113783,57.55553371577372
70.14556819319782,12.16888555665373
7.0001274003758684,12.326646875943158
74.18373139906758,59.38023315693128
93.19459301799861,12.586739644323362
7.811603465430213,16.354895533142095
0.013897392123502827,48.11367027113249
0.04227427300169162,0.014936718749999998
51.273516705633924,11.838622255746367
29.51514827176048,12.79598150512931
4.1202446126170935,97.68690449849618
7.11130830789687,12.122066777474476
6.466668549473196,12.174107814385328
11.442426813693153,9.488165872212981
0.5199110829529336,0.5040152004815873
9.739128301443603,33.71488311034814
8.226457063411727,12.19042644431388
0.10143289280820933,0.10177045756671073
1.0309176209047357,1.1167826969026293
0.6210268552735163,0.654816565028864
75.93321577075551,12.868553685820451
4.263549618200662,6.916632610539907
0.8269987984716995,0.8468494145020108
2.3226035249574384,1.9580153286239848
26.45120661410977,9.76677119126851
2.4950753528981333,1.828561014698219
2.511191734215131,92.25339781239126
7.415403128020483,12.486719817399788
8.57235906769689,12.13513072358682
12.578979506128439,80.61230413070449
25.33779545862898,12.188761222530871
4.3613076505106125,12.537853168013294
4.797446682414301,31.22629496649023
8.931229017938577,56.82893253683638
6.60534432499607,13.177990389353203
24.620724622589638,2.7141056616057453
0.336208179335729,0.41008844173516135
5.841712731578662,14.313442180630833
0.1065117854509281,0.11484609375000011
79.92671431900857,97.70952374232584
14.094585051708624,21.054648239487392
17.061060888362405,41.200444453919076
31.846077743643022,22.767069750099758
8.184107595910463,12.142568078917668
64.79332246575679,21.95334343758968
27.611686416740493,29.414737146193872
65.09670656077814,13.01373559090498
0.027987921754839995,0.015480859375
3.4396900067378535,11.509597195716598
4.932350100718219,84.13877422572531
14.23411335572396,12.276182428677997
1.5917100546184875,1.4856394243326503
0.9485443261069915,0.9828387398190385
27.74361972342362,24.733527221677345
4.878016072274914,68.00534476710797
1.3530349161905568,1.300377346884608
6.296874270045159,3.604399608555931
4.143854923205911,12.696031463271334
47.34100602996831,26.360369514184516
9.78864823141442,33.18934633862229
3.980841218325323,12.519674106644347
4.026882121429444,96.40222304797331
5.014794296281801,12.479255254923808
4.987186371178317,12.734791288718808
7.493191747054112,12.640721390968825
2.1153474758375896,1.7520763162191524
5.904954786310685,4.527184513460304
0.45157059461148075,0.4953270466975816
3.5013901196682866,2.6710668441720484
26.96104809709872,36.39452646617829
32.610388035436586,12.25970641980784
49.85032187576654,56.50966460572851
1.5444528383247556,1.5561907040396565
3.713317255789323,17.521062463281144
40.915786768868266,12.490964708759194
26.074935617120058,13.47134684919279
7.074077376758609,37.44483649106032
35.011694436139464,12.580393591891605
32.7653711974855,12.713153111036405
0.5129346862093145,0.46096019554609624
5.385498470312941,83.11664983372039
0.4449078809284497,0.4037779582871247
54.24051798432062,2.9435994393535614
6.364323655902727,41.4489577284359
1.8677577199070252,1.7121686517902892
16.89564074636745,12.125482718104792
48.23882631706739,12.186367816463276
2.592895248402315,30.25665602178761
8.977023588194928,53.2095982360598
11.215551722436011,12.593022469755205
77.72340968837608,12.161871929853907
1.8809814339252258,2.107195483017835
2.957333007004632,4.224563606064814
0.051908639308057,0.031620274021669156
91.05257975712654,11.612330200627099
14.588602854135475,22.80135250341227
9.023029324930393,12.155422275042996
63.2971626047385,12.627187483130058
6.2633815937517285,12.28446474472419
84.12750994298015,12.128021330451825
96.72597004536892,12.55080532964011
5.686130134652758,12.529534889695842
7.771158177273712,12.155225535455754
9.838396506125651,12.189787098869353
17.911382412962983,18.2164492120031
0.26443963839253937,0.24795936963451362
2.4630641734478727,9.030060181664556
34.68186554934671,12.279229468826207
55.52593467087139,85.87396940108053
4.717981649279274,13.411438077014699
2.3073527641255502,40.65070589819678
21.31779831955949,12.02991465327268
22.693290245752248,12.535606590611822
0.1322597104303327,0.1385538881294344
0.4055689277573429,0.3962286217125481
34.846400643223376,12.657574650477722
24.738866100510297,12.585919675068604
7.338326970147673,47.57116605676895
7.611224963143021,27.271210303471815
4.435815845224494,14.409286322092498
76.28796779070159,12.559902385833436
88.95927651943882,12.24345750948618
6.501098616170089,12.11530935903598
21.73229883868945,40.434965850860905
8.099990921258682,13.032568797477563
0.24710808826946673,0.24041676756512953
1.2575966587124405,1.1907654984595146
30.22521910766804,12.735200031292372
58.460119025252475,35.94542855890248
19.63884144655536,12.179689998470433
18.35143995417332,12.13281829354587
71.80108671233322,11.61988523846242
0.037490230747061704,0.032670703124999985
0.0813493759982511,0.07288692953851816
2.262019204131341,50.7195018473742
22.584537967563072,16.903410656380508
59.843723523694166,12.91886162704064
11.048114352924614,12.2553227314146
2.9939130097671978,43.7018230048469
2.247046525526279,2.338089340018571
1.2472342828110503,1.3771193731628144
33.71039376458385,13.565916417726166
1.0123165717578066,1.0172881686570863
2.6261065343566528,12.145545834580124
66.63474082691936,12.485463246773461
2.4313461824145497,33.35417886458925
52.9843320582638,12.259990736471648
0.2879236254336299,0.30218696283480684
10.882972031016955,9.927468621668929
0.009243599843080652,0.024883004653441728
21.42070944780616,37.58863161949618
3.8008560184116504,4.30514347728499
2.044503541046201,2.092208130518894
4.4608813079356135,12.533338081128443
10.039694184059595,40.92718961315394
1.4412507381544337,1.3015447208195345
50.557008738480405,56.27946432631946
19.44981157152182,12.282973524711805
34.031242754939434,12.486374890196622
2.9755809362478023,23.182902950657752
2.7793975519232634,12.479916030168742
3.012329615566256,12.669121847799813
28.412468057446244,12.705412230196437
1.0402825242321478,1.2189084978011913
10.401002921039831,8.978781681362848
23.244620170823282,12.579153037017056
30.08189525185517,21.15184362479676
0.5552785838271241,0.5502556415865313
27.48035868435802,29.248767472182763
4.587953033774356,12.191229241829966
7.532355285167936,13.655622659451232
0.18556692251316753,82.4140680390637
58.73429965216526,5.094371641405076
18.174201309953446,31.43545160558416
1.948020298583621,2.058492487959976
10.453574866396982,12.577195875287066
28.821224659360578,27.011197156816497
10.506389229851719,12.370590438983005
15.473398971098735,12.124007520832643
94.06529014323884,12.54081382339844
35.68052681040855,12.16760260897534
49.616918735329634,56.9668504144884
25.096569215523424,13.743862506568924
1.664246632838382,2.243909808295624
51.9999822649666,51.81883081911663
18.08619166446788,65.66319930317252
78.08641659409561,12.257560920107318
45.80903310144556,23.1512967968475
2.5599881425663207,1.9871815388641525
3.890020607292973,12.699757270185204
13.616223148107235,12.289050198128612
6.398281793051876,12.673905013929827
14.517051117057623,88.97283734254752
95.386449757694,11.832506629267462
0.7528963784264242,0.7053404303437072
3.8452332103500924,12.188112184543337
7.037017335713632,12.237080285131388
25.70382212978616,87.21945879359771
0.5481398501411034,0.5651755811914533
34.19277771749146,79.02231295532982
56.57577072234462,22.25164975731416
0.9938858884720063,0.9503736400183302
11.673515575212802,89.26907875162999
69.49395032503521,29.56962030431612
10.090600073955736,12.228593623460155
44.74458166724551,12.761794370886289
10.666298032904619,19.274525027443694
94.94403564428927,12.526676466081167
20.810284900558557,12.83139495637353
5.747934046116249,4.586824154596685
0.30582240508140446,0.28085238435809384
