inverse_temperature,color_preference,inverse_temperature_recovered_cobyla,color_preference_recovered_cobyla
30.805153980487987,3.837619766212507,35.15622200343248, 4.186421171295864
46.678400600994834,5.76761742229872,12.246716149597402, 2.066419508312224
10.559447129234723,1.20430335739498,1.3345877005613702, 1.4516146962746008
2.9939130097671978,0.26352188917088126,2.66408155685963, 0.2538529710273883
46.02487743965627,5.690602879421652,12.300000774921783, 2.194283982064977
7.493191747054112,0.8052100815991768,12.49923101124216, 1.7249796299870797
3.1819479331074776,0.2838746946622176,79.6728873482702, 9.424233395377964
4.050061921841296,0.38155913987309326,13.993387879617089, 1.6582627733083501
16.24897277681488,1.9567715373588488,61.17183882393987, 7.416895994023482
3.220604186365721,0.28809842149142684,2.76176561078958, 0.3031172130874051
11.103670238122202,1.276003650926815,37.82327303052227, 4.706575935056775
56.31149775014,6.880404971364859,93.91695177218608, 10.88413523513924
7.037017335713632,0.7469984822475685,12.502202230463116, 2.2929428092190944
72.47403082604345,8.661614496262011,68.12829470584504, 7.8307469039044815
26.96104809709872,3.3507981877688744,74.8697855639998, 8.149758719719006
38.84736430764594,4.831261775523389,12.564458460825563, 1.5670928608652668
22.584537967563072,2.7873868375329733,73.23320041696087, 8.541992335177572
10.090600073955736,1.1426747140956248,12.490161089092837, 1.8234706850508269
0.5841642190119829,0.0466094100062623,27.128294524725394, 3.3721377931814045
73.49512824332727,8.770869621531634,68.58923636998394, 8.24254701331732
0.49219703883509336,0.04087358779246264,0.5619643622767054, 0.045789060148762877
43.499143131133906,5.391057047937299,20.354564149431187, 2.5123270502715553
0.4449078809284497,0.038037229732936474,0.4551620551548146, 0.001
0.2243683313418008,0.025904954849234406,0.2762081951284528, 0.09926144782981318
5.779049906922795,0.5891018016129582,7.008694826433624, 0.573309276021132
12.148648598504014,1.4140330889242347,1.7511144952855242, 1.3858366418490502
0.8186128681293197,0.06244620933441945,42.73447232303627, 5.299765672506558
0.7448505784296262,0.057285186717887196,46.58541283913591, 5.75667147003974
29.655858761760268,3.692877834198386,31.134557976513406, 3.8789775842744634
0.4990778107927054,0.04129280052294084,34.713293445545474, 4.324653290846542
0.24710808826946673,0.027067947569674334,0.2474654984845146, 0.05661619999242296
15.24759970690615,1.824332708611711,34.048312578856, 4.217895886707666
12.392853765693859,1.4463371111056513,9.514961816576472, 1.9191736444361827
2.415596292436303,0.20317292827971647,2.385154638755771, 0.16852409778599856
4.312203764625508,0.41206866109647344,10.595949039411805, 0.395034615866783
29.797218091536912,3.710717790085232,20.53564749298763, 2.5124196379155923
0.392695408696061,0.03499842343152107,0.34137761392894417, 0.015250493137569394
6.890470438651029,0.728392305770361,2.278358783360771, 0.8199945040208234
74.18373139906758,8.84434245892936,97.62653171831553, 10.349962734863109
20.511333464305675,2.5173109825129694,12.492358631263903, 1.6404123329741043
52.9843320582638,6.500691331157278,39.61201077944319, 4.86370149633473
80.6747684827888,9.528990976903748,12.611576099080049, 1.0816937143414573
0.5410338832655883,0.04388404875166619,87.13079272304901, 10.196351249252249
66.01527840992534,7.9618363346531655,0.6465721416378691, 0.050660059608867776
85.31056032915512,10.009515987515227,34.438734016460984, 4.1483373455136725
0.9485443261069915,0.07190730541714849,1.0053007116544805, 0.04926760847334925
24.386065987015623,3.0204531428962262,89.08559671159489, 10.140944873589833
12.767691908962114,1.4959447877501577,12.50191284754966, 2.275363976440874
17.824579107057207,2.1646802004623478,1.589037898909896, 1.6448193240943119
2.1010480209356293,0.17201820340548632,1.9856897725278528, 0.17850367543055115
9.069247201869178,1.009024758965709,1.5763582403045469, 1.4543558080725971
2.511191734215131,0.21289106930272225,2.75970693905855, 0.22893531020874552
70.47363239503696,8.446504221164751,12.507610439834133, 1.0117746313860074
30.22521910766804,3.764669150764372,13.883656268734303, 1.190107205228047
2.016619121012575,0.16388753089483118,10.416462985055068, 1.1854932219208814
2.8319213216929477,0.2462584606913487,24.971820289194575, 3.095892433998974
10.937766417144363,1.2541298279308328,7.605278241025964, 0.8195760312741618
5.183135888417593,0.5160565545732914,36.60482058435439, 4.557533244462706
2.262019204131341,0.18779817095292917,4.143138832186837, 0.19202252438270484
5.070392647895074,0.5023945087274682,17.72978763136284, 0.4663320709220134
9.446745602916458,1.0583113218102493,79.52233568878971, 9.135683605662082
16.89564074636745,2.0421838549010944,12.52968805991195, 2.421652339024473
40.34125119020181,5.0122018411205245,12.588752519630779, 1.8169577436987332
25.70382212978616,3.189926305360516,13.25313952317693, 1.7828589554636154
48.92311759409673,6.030635310641868,12.539094239001878, 1.522937489567948
97.62930980674521,11.254754309298884,63.75678316175194, 8.067859211361853
6.9268547272628185,0.7330072367798462,52.66208761452617, 6.463661150250882
9.838396506125651,1.1095879587875026,11.236078855297105, 1.2934704542454734
0.9130145875420357,0.06927483489542098,16.165005498473523, 1.9456738345773592
3.8229935743806704,0.35547985339284055,5.259846409355625, 0.5253826369120808
3.2596177625605156,0.292374389098537,2.847134052266497, 0.2766333858773975
9.162323293724318,1.0211632612072672,13.610261508384662, 1.598974788818425
8.885644644906519,0.9851082368145055,6.377454254031913, 0.6636679749861429
0.027987921754839995,0.016783101972092495,32.71883706550168, 4.077097606242567
0.29982867605558794,0.029844531481224068,2.1246099764146575, 0.17430557017460135
1.8545947027785634,0.1485842826096118,32.50812368059747, 4.050822629601477
2.8495909565252644,0.24812876940670128,22.039303478476153, 2.716546339844985
0.142725866111993,0.021907424405929354,2.5547123860878855, 0.21735132225789425
3.4193118153731925,0.31001103722499534,18.30120309701897, 2.2274275290671386
12.578979506128439,1.470966686796227,0.3967911057984921, 1.03523320128939
77.72340968837608,9.219446601878765,21.123590212836945, 2.599397966823093
4.587953033774356,0.44458460301842095,5.31634862917301, 0.4287955785212582
1.7768757223388296,0.1413912857226033,79.04504459780311, 9.35841781580303
88.54636315180338,10.34095081405384,5.422345284847985, 0.545216539481065
2.72759372031494,0.23528156316670773,2.744769603337354, 0.25106512741715986
63.891499846902164,7.728335304185593,2.633110250025379, 2.77207089413306
1.5327737916392783,0.11947402817924825,96.0193343766767, 11.094500035752754
1.0030800322419111,0.07601198175112493,7.620147309258632, 0.8214835168763653
36.53406263798633,4.548854780384669,42.70913447500769, 5.29673582349996
59.00974457214384,7.184912678508295,36.24754467220807, 4.513687149458866
30.95181290415621,3.856040306787657,12.653979111117795, 1.7693434106073167
36.361781170143026,4.527713741803262,12.78377583333168, 1.913661059706249
55.52593467087139,6.791179041231056,2.4664806377224964, 0.20833208082588087
5.504094059042165,0.5552330857603399,82.92663990622474, 9.763262621812075
20.71017562294079,2.5432959049637502,13.993033938224887, 1.6582158939547975
14.164188726580317,1.6808848985116958,13.398491298324302, 1.31490555508089
31.997536542162322,3.9870587507808777,12.505908571872626, 1.6188740563282982
19.16950800977189,2.341537558312602,18.01911353401827, 1.8380933883515076
64.79332246575679,7.827698292988503,3.473780712008489, 1.3913641579153502
2.762050105043112,0.23889426340560682,2.9060201310392353, 0.21941064469394264
1.0496906107066404,0.07957999686050037,1.1328111802239262, 0.09168530496489329
86.51005203044865,10.132750658279273,3.502939660153618, 2.3983550197091925
11.849644390744855,1.3745006861722402,40.04528422875898, 4.976442722189742
14.094585051708624,1.671666173881121,73.6724235370711, 8.789802548792666
58.460119025252475,7.123129494422186,91.81343770382445, 10.70466694983262
16.012542798525892,1.925519404356999,12.573163224224619, 3.2603044856993995
1.9344888759617103,0.15607966918247707,3.412073247620598, 0.21890328109232393
3.8452332103500924,0.35801898474440086,12.962952783219569, 0.35382243453329854
49.85032187576654,6.138603622565493,12.90635952608643, 1.4238709211221197
2.058542259824543,0.16791185993605492,2.152535313450803, 0.1516887921734903
3.0308311434375605,0.26749201466108236,3.1815250347963566, 0.23592892842280325
64.19072548588517,7.761338822661373,60.184073055025436, 7.329374602532866
0.2356859022572646,0.0264811311894278,19.79638568995279, 2.4237452574536813
54.495241319897794,6.673712870617667,12.760432341057323, 1.4949838031688678
6.60534432499607,0.692336903335869,2.980081259051509, 0.7956081933311376
24.153556575402323,2.990461296198668,2.319426335885646, 1.6213100822204507
34.51808567207842,4.300514833260769,11.948166233775725, 1.8354500332827528
94.5036522130835,10.94296679243561,11.973874662620453, 1.2847775923503026
10.612749687531197,1.2113186975276264,20.625920373240167, 1.6333078800014544
8.311742740475271,0.9106160628950913,12.28068696363223, 1.4411090471751258
4.691736095177118,0.4569262726353223,33.17009949028981, 4.13329010397852
96.72597004536892,11.164926339971391,0.08427150242414005, 0.019222490134680817
6.130941163392567,0.6328183220570718,0.4169341877225716, 0.036396824238620396
2.576403847693255,0.21958259909701214,91.05398560560666, 10.595627209756813
23.02256519099343,2.8441979248297704,3.4034210016281317, 1.3193381222057998
6.2633815937517285,0.6493707021174605,3.018088846022234, 0.69676040808229
0.5199110829529336,0.04257199759138976,0.5628970173648976, 0.001
5.936794696205772,0.6086499244631779,2.6773384498121864, 0.6582372383079166
19.355946870846033,2.3660026897628246,49.30002786577372, 5.4984749575070255
11.673515575212802,1.3512265255816807,12.494391999421984, 1.0750797212721797
4.1202446126170935,0.38968673122913444,11.60693999184411, 1.3424317271951978
2.292172004334775,0.1907928978486209,26.27571240901939, 3.2632039487451707
0.5696549567005351,0.04568571893352509,0.6386468602753573, 0.08966283928303531
40.15149471469791,4.989280225286977,1.6911886956158468, 1.4336952573550883
18.262616782742565,2.2223504674068812,15.388585044554556, 1.8783636053583892
0.45157059461148075,0.038432076439231605,0.5180494068497269, 0.05595072806368508
26.45120661410977,3.285657102405799,12.112736647497838, 1.5344497950353742
86.91357562441739,10.174108768522188,12.246594580304297, 1.726239704111805
9.989021952361282,1.1293427311570807,4.475456462965761, 0.4312695338906566
1.5917100546184875,0.12466777264551632,48.863458692750186, 6.023674940314138
94.06529014323884,10.899019192177809,28.77902020975783, 3.581985542492093
0.48534784964282696,0.04045792768832794,78.64354527691003, 9.316261161789491
76.64435563198172,9.105549570951128,21.91175860190238, 2.652152102225942
1.7514424889794538,0.13905911016588937,1.6221967303040672, 0.15620817969316672
0.810265429234097,0.06185430646598474,57.41906935454403, 7.00576447409049
13.088058581122814,1.5383601575911854,25.103803211322536, 3.1128669717101216
8.354680755132621,0.9161742317006586,30.048526811235302, 3.7424079230537677
0.5768929001678558,0.04614563852102816,29.97826435596079, 3.733551119110105
53.23326290888852,6.529265753915081,3.975602447183256, 0.3729701691595166
1.9752706185530071,0.1599439005796612,38.96068723439217, 4.845026653914081
48.23882631706739,5.950701672808063,1.8424278036529838, 2.3308455605565346
1.1167731868548088,0.08480883517239879,1.1012869624990467, 0.09486884270933567
14.878124422662554,1.775425871159252,0.2717902657664564, 0.028354041903220842
0.051908639308057,0.017802023229919018,61.84387698462521, 7.501552935468107
6.432396516892826,0.6705670745921125,8.895744657318442, 0.6597970848049391
1.921019562613016,0.15480901386911583,7.788772651948036, 0.08469378982597721
1.475177756934357,0.11446186208281646,5.573523067902847, 0.5637597005685905
1.0123165717578066,0.07671470709307948,26.38144629782797, 3.2767336786340433
67.89089677844116,8.166631574506473,12.26427011314089, 1.8017403329032116
8.528421908886989,0.9386904821742308,12.285148556670995, 1.6243614826073498
1.7896803641540675,0.1425695398352774,1.6694263160805565, 0.13992797625733927
42.88919774015305,5.318260661151863,94.06800567460743, 10.906456271213518
30.08189525185517,3.7466132173458475,35.133029631852494, 4.388041900122077
8.840269504292825,0.9792035093776806,12.91637411518919, 1.185527232636402
6.6756450846051765,0.7012081612409228,49.835789286592004, 6.136914380917559
91.05257975712654,10.595484952445304,5.69881112040493, 0.5791904995796029
15.098788943950062,1.8046369959270003,8.595935423046996, 0.9474509181786845
1.8154670531304071,0.14495060613413158,95.488651572801, 11.041517827337907
1.1961315020691887,0.09113215437170247,5.860907551414108, 0.06381245209559716
5.747934046116249,0.5852556660709834,7.526491360949004, 0.5836693342702055
70.80320935618435,8.482043458745034,12.499587314038349, 1.5991131863059898
17.911382412962983,2.176113344763087,12.551931472728741, 1.3912531557877545
3.980841218325323,0.3735733047710327,2.58651310592635, 0.22062432548871558
2.1153474758375896,0.17340543970113734,16.077837078209278, 1.9341514234823562
2.6261065343566528,0.22471547419101015,3.2375970929078592, 0.23362849315949624
0.09637731229900393,0.01976605221130494,0.05661479027297432, 0.0009999999999999998
95.83090391711536,11.07569662303291,14.09359018809442, 1.6927978611902887
24.738866100510297,3.065910639818238,12.288101270276194, 2.3338164731123836
4.987186371178317,0.4923469474553863,5.444461456667775, 0.4801527061206452
1.713728736609967,0.13562100788246007,1.9909045011480226, 0.1459229714389797
26.32520548774189,3.26953780226036,12.955001642267678, 1.3018097697987283
4.191402659766886,0.39795808478025746,2.5707621649836976, 0.42099604227275683
0.45826403118986603,0.0388303328516574,0.4724919825010705, 0.039041463720821484
12.454610470890998,1.4545084861415034,36.559075763267266, 5.1806225261789765
1.5679727421818206,0.12256815355752422,1.5256915572315566, 0.12317760094367676
65.70767806717149,7.928123597554741,1.4504849096157184, 1.4199072148311798
7.2619567480478775,0.7756493083276078,11.957530626810305, 1.302826229736019
45.80903310144556,5.665122609502764,11.968174450080507, 1.1537714824140481
7.11130830789687,0.7564490529115285,12.73695991788312, 2.7361782902594967
7.852235253624794,0.8513077672000066,12.575929152028953, 1.3292713286619664
6.640413849058566,0.6967607667252617,3.1283339865178093, 0.7938119817722237
35.84966689961856,4.464781260899663,98.10310247581667, 11.236600301169391
1.5444528383247556,0.12049808520836891,1.4124376697141665, 0.09474059618968236
2.6596248121486252,0.22819262929296763,2.4281339108049558, 0.23649331034296675
21.01189044664291,2.5826921555291675,1.520367843175229, 1.530840488322293
1.4077887536937914,0.10867975277083777,7.438552493705201, 0.06548547612556692
28.548093903193678,3.552714097467196,0.4663493478672185, 1.0393135196176102
0.8954934050010079,0.06798902731929748,15.563920014690911, 1.8661879863757327
0.013897392123502827,0.016195426313385303,17.61616316605804, 2.137219354217868
0.8269987984716995,0.0630428247775389,2.5005445572394573, 0.21180326827553708
0.2187484767755925,0.025620808221006933,0.18558828772500507, 0.001
96.27740752954928,11.120236899736984,6.775256578211945, 2.877987494136342
6.746595676304775,0.7101739440729763,1.7600446805195555, 0.9017752126213345
5.810309248206048,0.592968977225112,4.196880990706567, 0.6123823453700329
2.9755809362478023,0.2615553168149273,2.7879872013597495, 0.2460419011538081
26.577788752900535,3.3018425736302386,5.476317933298312, 3.4108455405221725
69.49395032503521,8.34063017631262,12.833760847606461, 1.3350550129982617
65.40148961097702,7.894529902468319,12.282906616704526, 1.761185406473624
50.7947467923121,6.248177975375908,7.755284073488064, 1.8707951381292316
1.3422344783813651,0.10314312606422853,1.3361728787666831, 0.10881739691919219
1.0309176209047357,0.07813640764012002,1.3834695374229564, 0.06509477142945665
2.4630641734478727,0.20798470256826276,9.914582024107322, 0.07363808536190228
22.15449772832616,2.7315245535072377,22.294021944648463, 3.2413596444046093
0.6663960280614059,0.05197258322441275,0.6031597439897252, 0.009481024523136575
2.9030902315631852,0.25381086894137234,34.90479265173242, 4.348314020631752
15.702336256206994,1.8844978792338805,18.872066052204307, 2.302479261006323
2.4950753528981333,0.2112450123375731,78.32243809181992, 9.282507043671233
8.269001811442855,0.9050860224067604,13.979977698050275, 1.6564866001984946
0.9938858884720063,0.0753146288976541,63.33543394435888, 7.666910999999013
10.039694184059595,1.135992424395075,32.43934846899009, 4.0422416703779565
8.1419525126008,0.8886635326286679,20.368747037330316, 1.9771148152985976
88.13534505784914,10.299028096419672,12.503757558858588, 1.3206041658975445
72.13678478899267,8.625449142455805,12.269789158886118, 1.0964062373558205
13.218282957212594,1.5556045620784695,40.83202682973349, 5.155847487041906
15.473398971098735,1.8542119450800942,1.1886678174076837, 2.341534456883299
3.7350511557749995,0.3454728611642787,2.88456706449696, 0.33837347388687034
8.226457063411727,0.8995839962406638,12.508109070454257, 1.913632560375429
97.17660095852473,11.209765343102703,12.818775325789852, 1.6407824593048586
58.187196888296214,7.092404323751896,12.046045107706624, 1.3368215482587005
12.028220937490604,1.3981079629663133,11.96039876859341, 1.0685876936063736
63.00203842224474,7.630025622178933,36.79952756734312, 4.629087318340125
3.3990271599722277,0.30775915073250776,2.693297858898519, 0.29675106382830513
0.4717436403597426,0.0396371689766923,15.063216942105079, 1.7999284534164603
84.52004723396306,9.928055462131482,38.305420566976636, 4.7653446577242535
53.73457348940288,6.5867286798595135,12.011931941058497, 1.4537423472343256
38.48240475722758,4.786887689621424,12.149396417797846, 1.1650604091931265
0.6285016832205073,0.04947438067121598,0.6990381408165658, 0.06681367815078207
39.774590714368905,4.943698987382145,1.7297193764801064, 2.9356112415019977
68.52769666109205,8.235864361988584,12.544637088478211, 1.683420606145003
7.934061774026112,0.8618447111796015,35.28495105282983, 4.393866263889207
56.04843779172506,6.850555103874098,2.1611523262969428, 1.2285657565449675
0.3991173618726547,0.03536682459883348,0.44716148776730846, 0.022646116449739562
51.03358109636513,6.27582473681926,45.97731996415659, 5.611557160678197
0.52691964903735,0.04300566456755332,0.5591895690330468, 0.05198934783054277
59.843723523694166,7.278424366719924,12.267662420559748, 1.63394896340016
34.19277771749146,4.260244985690117,11.893081376821685, 1.111286891774044
0.8354233977517842,0.06364418276388947,35.254908482962286, 4.391523705681557
0.0813493759982511,0.019092274063509065,69.41607101384409, 8.332198798543036
25.459243470989684,3.1585373640817327,45.22025402910707, 5.499266396608913
16.569331804532332,1.9990975902491697,12.527441812219054, 1.6547875967550376
28.412468057446244,3.535509703612045,0.6286295552582417, 0.049482734586786405
0.412050242899312,0.036113327212152546,35.47927182363804, 4.419180364643496
9.351064504685235,1.045805569634383,61.15715074080536, 7.425125127901513
68.20856431051047,8.201187088272558,47.09487815443365, 5.816593117030837
1.9889900926610835,0.16124955805362617,2.1537254615285724, 0.16214082573611732
3.9579791411645333,0.37094251745790013,5.5310705332038435, 0.3501997966448879
16.169799936468742,1.9463075427511594,0.03307690047370171, 1.0169976396726181
3.0494179849710923,0.2694956910896037,15.960640858152814, 1.9186572469037357
0.04708037528119302,0.017594219818850138,55.28650213996237, 6.7639317809548
43.91047540359809,5.440047773949165,0.9791632216636015, 0.07420244150696677
44.32560986699147,5.489408938263994,12.556483397039154, 1.3573519077684908
42.08892252924792,5.222474641795753,46.80509138123258, 5.828104505542017
45.16742627516666,5.589251541699016,81.32831675968454, 9.59715050669121
6.570435770161451,0.6879364713647768,85.1543878955913, 9.99343821306598
12.088296259282046,1.4060517374921644,66.99164796808002, 8.06860883104437
37.40745977815444,4.655798043098343,43.46576873326842, 5.3870784966809575
3.338730126091874,0.3010851129923409,51.27298133544455, 6.303511478147693
39.96260922202494,4.966446029684762,88.21079353254412, 10.306727453269323
0.3799397974013412,0.034271209170326715,0.2988654887879406, 0.001
0.12706263472941015,0.02117316530802121,0.13527880565926184, 0.001
13.683621015645025,1.6172340374465493,12.319263707910743, 2.3225945533898678
81.42973735991993,9.607715425784875,37.0991420049609, 5.009682419994083
3.5221467879229467,0.32147752170287325,11.703227366427834, 0.3113959348051136
1.1860512514338497,0.09032089413447389,7.338898650336004, 0.013840165308619071
91.47704971178689,10.638410560378004,2.43653408443308, 1.2086097736637849
3.890020607292973,0.3631426067299923,7.469329461836149, 0.35106700130910534
0.14799516761182674,0.02215684219313242,0.15549125675265, 0.09983855261542875
57.64510500487572,7.031285230322347,8.628291312229727, 2.2817812932367163
28.958735350668444,3.604746441232247,19.909112079146297, 2.335736527771393
0.15860677556302072,0.022662781300283732,0.18768618027177184, 0.03194611009907089
2.710484053187955,0.2334923581734575,4.860366411134836, 0.11642633899010685
0.17470838823996715,0.023439718199188758,0.12441045901451656, 0.026742700053221657
4.511359509536729,0.4355117571600188,15.97258796493388, 0.41951609113985894
1.521148351815531,0.11845723393171971,2.8442237149105694, 0.10335131652441806
41.89114423669473,5.198754130547824,12.51033512112093, 1.2791641447687028
62.124768758107905,7.532760295423687,93.66678818305998, 10.444531059769709
93.62894015670012,10.85521877060111,12.589381414148873, 1.472343336591965
11.215551722436011,1.290762088331492,37.117144873894915, 4.620293538577525
3.912569316204146,0.3657272410474424,2.5714930364221686, 0.3842434160462005
18.801737394051433,2.2932393683352523,5.206951947022639, 1.5101653467589395
48.46587484117697,5.977247511172114,1.4550221183780585, 1.440437003512782
1.3638851566381893,0.10496191607691974,1.3178618782374822, 0.09603688446304703
4.639605835560495,0.4507202366868747,0.516474297311643, 0.042359950889800504
3.279259577741743,0.29453212418107666,82.9378582811108, 9.764425651192202
75.5800920637183,8.992827532049388,25.97468916761141, 2.953810261258126
1.8677577199070252,0.14981224512020347,1.9468172312178986, 0.12093049830652242
0.11673993761728907,0.020695145794889347,53.474322686022, 6.556910949560893
2.527382430881737,0.21454780104429746,3.044721265945359, 0.26898907504209685
0.6511336096860072,0.050960982791160514,0.620869395580132, 0.06323868964628367
8.795102635720019,0.9733283055089795,40.04273670717022, 4.845628248071522
0.2702701826031997,0.028274128618645603,66.21991930924514, 7.984244950088647
92.3318705539913,10.72469663612015,0.26197193061616875, 0.027839507770283847
27.611686416740493,3.433734670465317,16.787351107542612, 2.027888182345956
10.666298032904619,1.2183680596038748,54.933634682549204, 6.723731191943832
0.12188941362261674,0.02093301850227797,0.0941526945499174, 0.0009999999999999998
6.711038777314797,0.7056791869086955,1.8621484606280585, 0.8498412004267172
5.356189011862168,0.5371292445062864,85.22282319095572, 10.000484481937317
19.544109098147135,2.390680467538034,0.7109194136102788, 0.05496466305986484
5.269065352411835,0.5265050501386731,2.8101929497498164, 0.5788454775240627
35.17775042658409,4.3820066465038074,4.105577889409346, 1.843658931133491
14.374931403548405,1.7087956529933859,73.07309139243527, 8.115518355570526
9.938582306368916,1.1227255070519202,12.279457330087638, 1.8114675303545638
0.7609792789625973,0.05840019295258598,0.7257729296729782, 0.08491394361335336
16.408415378867943,1.9778402130710409,17.184920449857966, 2.477632293327747
9.115678197225508,1.015078889914445,1.6060851550371487, 1.3587153148611941
0.018572643824220192,0.01638938127437956,0.031358461411985755, 1.1743788672182456
1.6156667852726696,0.12679727898846857,25.913455275187463, 3.216806342179869
54.75113922769216,6.702919446274337,5.035630715915974, 0.498193133350202
1.2369194702482695,0.09443819010071627,1.3030625124960509, 0.06641087099658863
21.942427112667612,2.703945232899677,11.147665241956895, 1.1529021573381721
0.2528587137824181,0.02736539464875271,32.134230668625136, 4.004142917977628
84.91439458053094,9.968716384989138,7.212532466809487, 0.7693449027506937
21.73229883868945,2.6765983533961157,18.26554414508598, 2.217241344273408
1.2575966587124405,0.0961283155803149,1.243634513235642, 0.08626010605157587
14.588602854135475,1.7370915536825409,20.637116320352025, 1.8675140410050344
36.01958692227735,4.485677236044869,12.511337510526232, 1.3265959555968037
18.174201309953446,2.2107151505535962,12.541691540130392, 1.8957331824664652
35.34457212917844,4.4025794110089596,12.673042047389908, 1.5845219075028276
2.384313056795571,0.20001690614034523,2.599485668580446, 0.19339954186363847
75.22858919562853,8.95551294714611,5.573792576865049, 1.5410292820923468
79.55526044083167,9.41191266509338,19.8585183304278, 1.7538673023747358
16.328510696467212,1.9672823716043266,12.503702199785879, 1.5001354310494117
12.641594468473956,1.479253801809369,12.892113853145297, 1.6621691214755994
7.811603465430213,0.8460796904880251,12.508478351623841, 1.6819175947299319
24.03810167007841,2.9755586952138118,12.545403229024172, 1.3606079463912462
19.44981157152182,2.378314905785402,93.42100939149623, 10.644667149487596
30.51385253811184,3.80099861646517,12.490089502069878, 1.680097742710634
29.939229252999965,3.728629507552927,37.46550882732045, 4.5866409353418724
27.34963374668822,3.4003571904564818,49.04999875661704, 6.045433066380464
0.598807599138256,0.04754861185927004,17.879427209172835, 2.1719047018852784
33.077484777388136,4.121766101406932,12.540587902620443, 1.4699435023745722
83.73677439942138,9.8471481467548,40.169555753747865, 5.046529527750499
10.401002921039831,1.183460155709758,31.854369759419946, 3.969155166717903
43.29489192149687,5.3666999028535045,18.59381476533912, 2.265911746066748
1.7012727130086587,0.1344908392020238,96.0649258841389, 11.09904809891137
0.36102509792554116,0.03320402485756532,1.0265278103208884, 0.07780010792303724
1.6277280655179456,0.12787334582506418,16.87947517210528, 2.0400499803515437
72.81283196139164,8.697906125601474,9.002198176466726, 1.870627092066635
25.581251500597446,3.1741995017055262,26.731716166087967, 3.32151352351009
15.779353542763225,1.8946843302080802,15.955093791739678, 1.9179238151913727
36.190290474789435,4.5066546451167415,52.033399776716315, 6.399374346450147
4.665611008252436,0.4538144141808387,14.56267152767363, 0.4285636956301058
1.4188914733113047,0.10962615992276564,1.5192431024027846, 0.0736028002276211
39.58743521226579,4.92103883205916,1.690753164429172, 1.3741044333725694
93.19459301799861,10.811565133124908,8.114580404475365, 1.7201510875152286
0.6740800609081081,0.05248462437230551,0.6098282661796208, 0.06860053805945222
0.8609309964229928,0.06547701381110976,0.9837470565409011, 0.05535485076820537
9.25625974372752,1.0334232080651466,80.20617418913274, 9.461676760016317
71.1343060522281,8.517707220491152,2.3819926149476083, 1.192385461766954
0.6061799703516149,0.04802409414474692,0.5484114227513823, 0.029614315971117914
7.376776400682919,0.790314525730146,26.38361687502935, 3.277011366452149
0.06652742614662133,0.018437745232096063,34.15135932774724, 4.255113871552709
27.74361972342362,3.4505255165998854,2.9535217549754265, 2.2915544099348635
1.5095762727978457,0.11744766120012512,1.5387124550526416, 0.10695623685153303
3.0680905335625237,0.271511859221258,13.358140935230995, 0.3068042613769323
1.3967369955949183,0.1077401640810887,3.915339470293088, 0.039575054963163166
2.7968249908037497,0.2425530727148392,32.31410316235383, 4.026608702153718
7.074077376758609,0.7517113912745976,39.473493018413194, 4.907234523433591
8.660842124472964,0.9558786549648647,12.262595732519928, 1.580518480416178
9.398795007106598,1.0520429606758297,12.275374513488032, 1.357640830012561
47.787850945721274,5.8979046579335765,12.507742192619395, 1.1269641588262693
10.720093298720597,1.2254515754915056,25.881529763532622, 2.7140472950858623
28.14308107776889,3.5013091447803335,46.65203400894216, 5.020647171250508
42.68774618181611,5.2941780114654415,12.50717314083466, 1.6618195553017892
13.283845855483555,1.564286984293426,29.013198440758085, 3.6116408654812484
2.7793975519232634,0.24071787516026621,34.78473021670399, 4.333481894286484
1.331483614616344,0.10224362762468127,14.219980818107059, 1.6882742057933608
0.7368417086806083,0.05673437176070111,64.26484707823585, 7.769508821340494
1.6520177322520255,0.13004832029193836,94.40797911181711, 10.933379844387472
0.5481398501411034,0.044328815833224434,47.44279357964919, 5.857444383508441
41.303239528867586,5.128130609310156,16.98573314713809, 2.0540748753431575
4.959705166539568,0.4890352088685525,32.7828726734028, 4.085077962821732
0.7690994511149831,0.05896444177760717,0.7523113154072709, 0.03945572737296887
98.08410617173911,11.299893639530389,85.01110969735099, 10.29378875847012
45.38031205620082,5.614447224766034,37.029931340115674, 4.60961924222051
53.986963829670366,6.615617795810126,27.03536813483465, 3.3602827367629318
0.9756240106769267,0.07393590916981985,4.835301292889324, 0.47408650995409
5.414943079614807,0.5443108135319532,35.326423773652245, 4.400342017253202
3.5013901196682866,0.3191563942011292,7.621380527320931, 0.3163466512354916
17.48133191205737,2.1194468809459406,3.0377260598825173, 2.235191804709382
4.263549618200662,0.40637522768167467,3.02780212833568, 0.4198148215351315
7.611224963143021,0.8203388611272474,1.360590528089086, 1.293300866233312
38.12078784880716,4.742853763486356,12.296237563065702, 1.8196624754700588
25.950661575834697,3.2215747649678725,11.999103559303883, 1.5035325970465032
5.1547552748665,0.5126123631206929,2.6363238630646464, 0.5651504128372538
7.975258238113913,0.8671537999041482,97.9629526945351, 11.224398569414728
8.016644666038573,0.8724901146580628,12.48605690919122, 1.3782489634372312
2.247046525526279,0.1863155613301206,2.213753534934684, 0.1676934580092228
28.684345142566674,3.569988201077396,2.5529700911183317, 0.217172337762983
0.4785300982509113,0.04004579608416426,22.968868979186176, 2.837238516897887
26.074935617120058,3.2374968493425778,22.410158996901004, 2.7647453058052656
20.314312488729488,2.491547678358848,26.394093043002616, 3.278351577207464
31.54524254476324,3.9304610556212336,5.556463628967398, 2.196467022187544
2.3999186945035498,0.20158977042332937,2.5145411287599897, 0.21158257514024414
62.415847702374265,7.565066581745205,1.128589801044323, 1.843367208496192
5.211647369759455,0.5195200087855412,8.042815695239337, 0.49528836833721296
6.501098616170089,0.6792055044309813,6.644034435383399, 0.6972176652404289
1.9616141168750718,0.1586470650779375,19.222428741104398, 2.348483333331415
9.640769288121668,1.0836969307026958,19.269123513994714, 2.3546110803311953
1.2889713647352767,0.09871071833602682,47.947475045170606, 5.916603035567394
3.8008560184116504,0.35295574643790445,2.7898583632125398, 0.3574671766601185
39.03110721811762,4.853577033925062,19.78909211217191, 2.613780097402036
66.63474082691936,8.029620284518781,13.217360019170123, 1.4045961780782925
4.3366992312063095,0.4149402084517553,2.6148295710663643, 0.4398936347143186
3.480728724587463,0.3168492493476764,7.19989772622023, 0.31764929554899723
6.466668549473196,0.6748747716356726,1.6802846120609698, 1.5219284877019583
10.193117143059025,1.156137594074655,12.54846635881002, 1.7926846026779828
22.36852863989433,2.759337893088544,98.17265925557791, 10.76555342897458
58.73429965216526,7.153965506122114,12.500137201748663, 1.6525651500894554
24.26954386274699,3.005426043041936,85.08639944081297, 10.133538903524661
82.19168486724527,9.686981119786415,12.592023442531794, 1.280404227110527
69.81900980709693,8.375797926929346,14.399806192535682, 1.4122559657280431
29.37508364336093,3.657412286964444,71.89954786303323, 8.599984326500342
63.2971626047385,7.6626790358360255,16.537244061659802, 1.9948592346016198
0.728869599669415,0.05618797744262018,0.7312146627448995, 0.048714467446955616
7.730898533119516,0.8357037765271317,11.717061355425502, 1.9363725125508362
1.374785429372619,0.10588128483450827,1.0534426380367505, 0.08329014619876436
0.3673010139632269,0.033556630766459726,0.3134843426138685, 0.001
0.46498833233205183,0.039232022485306675,0.4632181230943531, 0.04312063229940869
85.70855286479392,10.0504546478408,1.699418445695966, 1.394311247021001
1.2472342828110503,0.0952801299342655,1.197694602009255, 0.09548097401084452
8.977023588194928,0.9970067370226504,92.81137247441887, 10.771541997045142
53.48334162160639,6.557944768133687,12.256257932899812, 1.7477192419285437
23.13333728651047,2.8585504500024017,12.12835908786333, 2.011401745791603
17.566552447315285,2.1306806728343193,17.793545458975807, 2.1605920757862354
17.228010107955935,2.086041215536023,57.47308580305739, 7.011865179498362
4.386029543382457,0.4207333491288196,2.562030197600799, 0.4491703763951517
18.620374503370886,2.2694033958013606,1.3690212419311274, 1.5407818110959666
2.5599881425663207,0.21789351030962187,2.259272248504269, 0.2177669874055092
37.23116941463762,4.6342434600449804,16.65269830824379, 2.0166681390034475
11.908896265991935,1.3823325783710967,12.585871781437055, 2.180919760926201
23.80877924216849,2.9459391047909906,12.894490994266704, 1.4166799899565985
1.2266520027082213,0.09360245923135678,1.2377575514749979, 0.09944589304113205
14.025300857927736,1.662489620826865,21.634077928857074, 2.6622315644701806
10.141740699487029,1.1493897279625798,61.96474746518195, 7.514985593982073
0.24138385814605634,0.026773199626554584,96.14547230312027, 11.107081727126925
10.774136623570904,1.2325693774412663,43.80988102131926, 5.428074246731276
13.887685054692351,1.6442624119744407,94.21917569940304, 10.914453096241337
13.956334678818434,1.6533550848745204,1.6682324850106538, 1.3438101259008652
2.4471686977890936,0.20637034021327427,2.223366244435601, 0.22192598977684008
11.271879689554957,1.2981944796805172,1.9697323854999382, 0.1594176429704884
1.948020298583621,0.1573590037977437,59.51127474896231, 7.241181735668569
0.15328876674866998,0.022408621871524072,15.305265938953813, 1.8319642237320126
5.240290322345517,0.5230028118477997,83.05377753745611, 9.776440870482533
0.32396993108847605,0.031152585648524477,33.537909335447154, 4.179012446583976
15.85672596900395,1.9049166247095561,30.724991836358623, 3.8275465521504053
49.616918735329634,6.111461718903943,0.024508458057536986, 1.016637115312246
4.003808716375798,0.37621962206516735,21.41662939434789, 2.635478670893337
0.41856144447739974,0.036491473893602355,0.3954412070784358, 0.0009999999999999994
5.841712731578662,0.5968572848857022,3.0208227934222176, 0.640030490106904
36.70713852470456,4.570078015734395,12.288321411250745, 1.5646635557060817
46.89825373922061,5.793481135512768,50.88661806065274, 5.577395639834638
1.0591420794529802,0.08031008361897299,1.107345476103856, 0.04839414491043904
84.12750994298015,9.887532841582933,1.6733205638560016, 1.311661363655228
2.921088038229747,0.25572882636552896,1.9605159621666788, 0.15854290634606058
1.1363397911526572,0.08635428526904128,27.876425899591176, 3.4674183647597334
27.876161396812552,3.46738472926624,12.037097590525063, 2.590928659622251
48.0128199464114,5.924254152237764,12.483484992807119, 1.1242216387000135
67.25992930661387,8.097884458496653,44.10964629285131, 5.147750110200409
34.68186554934671,4.320768398991114,12.525271217624923, 1.835877528618536
26.832706796689347,3.3344128983783596,0.5905029409880955, 0.04701510897412436
0.4316740588229713,0.037257671982968886,57.15363474018641, 6.975768211624398
13.349711075324755,1.573009752255396,23.288953250092337, 2.8931201446908816
1.0973857918781245,0.08328650276577249,1.056870345237157, 0.11194357484845359
81.80983476699043,9.647280431629111,39.77170102838403, 4.233256706700209
39.215697398107274,4.875978120125398,12.661237597831299, 1.5909514992743252
20.810284900558557,2.5563719485222918,30.449488964218062, 3.792901127659403
10.992813469418197,1.2613861043218275,47.10722909616567, 5.81804429306675
7.415403128020483,0.7952539759323648,0.3119914840344862, 0.030500717712301784
6.033198052179177,0.6206360926876762,61.58387075149142, 7.472638122619353
0.9218358201178205,0.06992529820412216,28.218860352806853, 3.5109336579533243
23.244620170823282,2.8729632798034888,7.191726086010533, 0.766692424203989
0.5339605328008139,0.04344300666305214,0.5314881255731448, 0.018726961666831826
27.089981200867737,3.367250519973792,10.651562014157351, 1.1011016627179293
3.5429991686720967,0.3238126995653171,61.354573428298146, 7.447116104567006
32.30255256576549,4.02516655849042,7.5846421375277195, 0.8169293873045098
3.6916831144742615,0.3405580942765901,53.4743126437313, 6.556909798417934
20.2164797260721,2.478748659500249,2.004273609895865, 0.1627073938549667
0.20204321092398736,0.024783904380832767,49.31086550166412, 6.075834112479792
69.1703828670383,8.30558556193647,0.29020559329549833, 0.02932947438953328
2.1586426813102695,0.17762321010225776,2.1713261112072493, 0.18019908930137982
56.57577072234462,6.910363147385656,1.4609612025320586, 1.5425117422134222
0.11161409772333508,0.02045952992525599,0.09714884554332517, 0.001
41.69427374713844,5.175123469600738,35.35379527013625, 3.716359871060111
0.34236966038053973,0.03216467834408656,65.47149982591027, 7.90221427253514
0.08633566016120486,0.019314705892542236,7.051266956161697, 0.7488102428011155
0.9847339458514819,0.07462261562322514,47.87420202395793, 5.90802128851583
2.479032945823049,0.20960957505339048,34.018319434497265, 4.238626217193223
61.54661289694844,7.468492546989775,39.43549380317397, 4.444161825417554
60.124284184064685,7.309819392250124,12.29127519300164, 1.32920519823345
82.96067551242973,9.76679103175195,19.72153340847242, 1.8637522625203884
18.35143995417332,2.2340367715346874,12.518444729480487, 1.476663588340096
13.549134636997515,1.599421631156233,12.594248858714604, 2.751960671463596
83.34783233326026,9.806901001827995,12.569437326030831, 1.8299966220882662
62.70826886069483,7.597488247523623,12.191328526788425, 2.286751749064354
9.78864823141442,1.1030673818328864,12.757917759892564, 1.0149136594607278
15.322520126617647,1.834247536626748,35.06193614458522, 4.367715772027858
8.616498828148782,0.9501203667957911,67.55405550479796, 8.129949451402368
21.52409511660407,2.649482345119368,5.516608277034615, 0.5567686489074006
3.378835611204586,0.30552091199001497,25.917640918026052, 3.2173428163040447
0.037490230747061704,0.01718467324271683,2.462183210806248, 0.2078951511095202
2.6094626937385854,0.22299352475775558,32.247707617323265, 4.018317971381929
5.59448400458882,0.5663373911788544,0.7754863875118996, 1.0439627592332412
4.562304311434243,0.4415429867495538,12.99804351779306, 0.42585931125278087
25.096569215523424,3.1119368211068172,12.285994696520211, 1.5531279688527675
39.40113875451736,4.898465298006661,12.478591745215244, 2.394915827599954
87.72621353826392,10.257247105198086,59.658965134025394, 7.743394879232798
8.184107595910463,0.8941098707486415,12.548640671463334, 2.284058603127763
8.099990921258682,0.8832448689241503,39.39712039535758, 4.863557970302361
56.84126230174992,6.940429946101625,12.312587965023722, 2.187441632954304
1.486591218599791,0.11545001610209062,0.18750305128569345, 0.024064966866545565
2.1297128679353348,0.174801986268488,73.07600932169359, 8.726069189106303
0.8019563051101652,0.061267086345943945,5.2556292723188855, 0.035968530231668974
4.026882121429444,0.3788815425947548,7.178798451952105, 0.38560324557402287
4.096742673429575,0.38696166002711857,7.024448679741865, 0.37008331548922735
6.535687445705443,0.6835593714212247,0.9764573608595194, 1.1128959637862788
47.563914553465594,5.871652899016651,13.562148585440648, 1.171476154002912
18.710847355927964,2.28129543961035,12.554953288054064, 1.7418166771193748
95.386449757694,11.031305111292946,15.371847392160882, 1.8687877749384778
1.3101297000831598,0.10046423217998143,1.242821645786341, 0.0887492312259407
23.46872773802986,2.9019706639375267,59.49370705079982, 7.230371319996849
4.744348226053354,0.46320335564120646,3.5071967283023873, 0.48907828449330315
0.004611168484145667,0.015813250811374434,28.430830566606133, 3.537839581552291
23.581557164222602,2.9165656248689054,0.7284399166728197, 0.05615858153013601
0.5624502354169345,0.04522962560728709,0.4947053065806193, 0.07651904537196083
9.023029324930393,1.0030007480016871,73.27495478164498, 8.675116235929632
55.00821712385413,6.732232459757243,0.9863011825286501, 0.07474096845349296
2.3687790490147047,0.19845428181856192,21.079809969765144, 2.5915552972395606
5.686130134652758,0.5776261487867975,10.03219606215749, 1.1350083273485585
0.2879236254336299,0.02920787187108188,22.919946494462557, 2.8308966300864697
1.8942661247167512,0.15229355266077452,25.23572703024613, 3.129825207285379
91.90347696892465,10.681480991395745,12.36957126020692, 1.4432566755431622
0.7209340826641419,0.05564597533522622,62.75908667678504, 7.603119154848151
3.5849928350747504,0.32852547845069086,79.8868721163283, 9.446635401166644
33.5510729459222,4.180647507623565,12.270579814009478, 1.5689130433692078
40.915786768868266,5.081493888522577,37.70280903128307, 5.215220355141373
0.6210268552735163,0.04898695220151715,0.5436936299800307, 0.0221788202723237
50.32036190307799,6.193188856845689,35.50496461270496, 4.421618279311721
5.716961007210564,0.5814304789215125,6.539888642421261, 0.5550328477444999
5.474240246458906,0.5515722212084505,1.906475768449518, 0.651259270104587
3.3587367417105227,0.30329625474647426,2.609120411654119, 0.2987912118737649
6.818202106882675,0.7192350558654773,1.081093560112896, 1.121897656731902
9.209183478622037,1.0272779935638996,21.50539460234053, 2.7268791776067673
1.4300453894396066,0.11057942506404453,1.4750404201214098, 0.09506206128446171
6.163823134547501,0.6369230756043962,58.33642513144888, 7.109208018977038
3.143645730087062,0.27970269676545456,3.2203364727871264, 0.28806912510124455
3.4396900067378535,0.31227663796060545,61.132579297212644, 7.422387018881607
8.705389895207642,0.9616659959821843,3.390306244899974, 0.3067920279836896
1.0215957025136202,0.07742283798484888,32.71880982687038, 4.077094211207942
4.824179685844764,0.4727536147126779,47.87576120818693, 5.908203926187719
14.23411335572396,1.690145949618554,12.151546219193849, 2.382618601707866
20.91085579892225,2.569503968199162,12.009754078742525, 1.1339211635894433
2.044503541046201,0.166561369509467,1.8432375870549818, 0.1453594662513957
67.57468734136253,8.13219747842794,10.094466232108584, 1.8031980613140188
17.99858598353726,2.1875967666527014,11.964732153072216, 1.5004046783459117
50.557008738480405,6.220632781627462,12.025494997516228, 1.185712650570107
0.37360586930715445,0.03391235154595465,0.38097154544495765, 0.031249039098464666
23.694906865909484,2.93122170362731,18.996629462645085, 2.3168324003419567
47.34100602996831,5.845498585255984,4.20091202081773, 0.39906575108804104
1.4638166830945587,0.11348076627280618,26.516228337116996, 3.2939721507668
2.744782282999756,0.23708217886290922,3.329791072852645, 0.2467252915464448
22.912301539749937,2.8299055022602913,1.6682459370501759, 1.3382619270976377
88.95927651943882,10.383015642443091,14.871154260513332, 1.7078455408178295
17.312062533694437,2.097127326013607,12.533987616017878, 1.6248697188225274
36.881012493497,4.591383703319981,13.350020459833958, 1.1221870690693474
5.444523462971117,0.5479314933682521,2.7778498096988473, 0.6120516905792167
0.7854522985237038,0.06010657575445208,2.402386662786481, 0.01599936042063004
1.7388133591338586,0.1379050991199878,2.2116661330373493, 0.13236589054145198
9.543311138932282,1.0709414463113447,32.532627151556646, 4.053879287572111
9.494917307002517,1.0646107759346266,40.35926987330644, 5.014377476086032
3.563947703262178,0.32616199574650134,51.164323071977684, 6.290948266671472
34.031242754939434,4.240228208800377,0.0809286040570818, 0.019073555405433592
6.364323655902727,0.6620203955593887,3.0487983564715124, 0.6767463402472262
19.26251300944727,2.3537436352020458,3.6254013314205555, 1.5082938963071264
32.7653711974855,4.082897075736152,12.502130145017569, 2.319401080816807
73.15319536585754,8.734324382952707,58.67102892800417, 7.709501598136667
1.5561857390622342,0.12152944646134028,47.04906754620618, 5.811209971988478
0.6135863368107664,0.04850353216422255,1.3489025112326893, 0.10370224109002858
10.828429151297543,1.2397215980876097,6.084767575282627, 0.627059831251611
5.534085532585141,0.5589141760257716,57.57484019163115, 7.023354191888856
6.782316534146772,0.7146925333973936,11.89697376039658, 1.3807565815441214
0.009243599843080652,0.016003387885836384,94.12290251086338, 10.904798198764416
7.893054401840551,0.8565627372444649,12.620562697646536, 1.7997606652843168
73.83863783090533,8.807542195292584,45.87539251103121, 5.743354657942946
2.337924609617034,0.19535953965771954,1.8731915861852997, 0.182774495755695
4.143854923205911,0.39242777583378047,5.5716003351323975, 0.39190180316205286
10.29658183892619,1.1697323972277422,42.84050708151489, 4.8663216328452075
20.119096016108976,2.4660044778176724,12.567005852585, 1.615723065063296
38.30118039281053,4.764828337388314,12.533761969310495, 1.1547819533254082
57.91552746482361,7.061789675144546,12.610028079043841, 1.3523196991872122
1.1560872613109225,0.08792313305353597,1.2701380315415656, 0.08899909156491864
3.1246263829013525,0.2776359372465329,2.5341183363536, 0.29069097502905256
1.4412507381544337,0.11153958789345444,1.4679803164799619, 0.09812846931082787
20.610525847228235,2.5302756464790046,71.18348113920432, 8.526148449922886
24.620724622589638,3.05069523283642,12.49472197012968, 1.6370281888362261
29.096880126942303,3.6222310309824635,60.817550665728476, 7.40062694428019
61.25952374322576,7.436530429552814,59.263565837031386, 7.21668363220649
2.173207714895005,0.1790479878124109,2.076121706856411, 0.19484338935063983
46.45955658937837,5.741849999776006,17.854304025538756, 2.168595636757353
50.08480127740876,6.1658459029618085,35.92657422260773, 4.47424080290623
3.627374674125573,0.33329527747983,1.8642841268274615, 0.1494879284907796
0.3118437722016072,0.030492713993073704,88.08058850442444, 10.293439229097133
12.959026922056538,1.5212753483467416,12.267935236798383, 1.1325403673731833
42.487219286777794,5.2701863082200004,79.4440016899823, 9.64438148778814
0.3485595530525598,0.032508070332333834,27.860338836958192, 3.465372587740697
6.3305213867119665,0.6577812182537421,0.15605089185718657, 0.022540477756140802
4.932350100718219,0.48574205461856407,7.742446879936998, 0.46906445548539716
79.18551153714645,9.373153984076085,9.820642256345382, 1.9724079171852331
0.3863029323051368,0.03463322572991344,18.84716734190025, 2.2992082337541557
11.048114352924614,1.2686773337991153,2.2770573328238095, 0.18929024244576845
90.20947586037609,10.510066647290461,12.590252974541965, 1.0768376066426928
35.68052681040855,4.443966466584492,12.687658944413446, 1.4306403321343946
1.8809814339252258,0.1510486530029274,1.8171104316447264, 0.1248633247449276
0.7772570667492842,0.05953322633764143,1.722292516950823, 0.03554970732045234
5.9687814252899045,0.6126236861347095,3.116424239701827, 0.6876782000740613
59.28645961505653,7.215971331928243,45.668592598741576, 5.70487503170934
7.186285996098924,0.765999049914725,3.7068610218629057, 1.8586093341245957
0.07144536380154576,0.018653810169061508,0.06486386185351527, 0.08923876025166866
12.831177055992146,1.504348950521093,14.251766847540646, 1.710787870434979
0.29386245826521606,0.029524771633894744,0.2858264108769569, 0.03832799495385446
6.398281793051876,0.6662823151716276,7.357055609431499, 0.6474188351214218
7.5716994129544375,0.8152698416695925,42.472500317483814, 5.2742625558750476
90.63005812091889,10.552703777764616,12.654415095655985, 1.1623358751217445
29.51514827176048,3.675109409703131,12.544327832049284, 1.6198771731427928
31.395859777142064,3.9117446088710475,3.66132629911049, 0.3371259137523143
2.8143327905411604,0.24439991488032772,28.16830798115878, 3.504513473585252
63.59364765456145,7.695448819325679,7.252963572521937, 0.7745017921181401
1.0402825242321478,0.07885544942540325,65.53991017041989, 7.909721236322215
1.6765319229457178,0.13225403587821896,1.6433631080584836, 0.1145718076465911
44.74458166724551,5.539142778325815,43.82195210403841, 5.385993055022083
3.670148273937195,0.33812264723393065,95.05516461926373, 10.998180509174233
2.4313461824145497,0.20476643353195226,3.9557747898958775, 0.3706890376363827
52.736543801041535,6.472221194484042,72.92843916755642, 8.710280453407533
1.2784649788326536,0.09784357252249094,39.03710449317107, 4.854305106741865
3.3188153409030567,0.29888742095898124,39.86695013384046, 4.954875109624503
71.80108671233322,8.589409712440728,0.36516925200290773, 0.0334366937693961
9.739128301443603,1.0965787684189314,2.3411473959413898, 1.161803479483317
1.087758784369143,0.08253391888652917,1.1260699678412291, 0.06352081234205349
0.16931647297180707,0.02317831135145161,0.20755292751516996, 0.1159136232027879
18.530316921497104,2.257563056439249,2.738961727204574, 2.7350464812650825
76.28796779070159,9.067845484426373,1.3834654710560486, 0.10661514034108685
4.239389908578075,0.40355318855396205,29.469749050908632, 3.6693743526439504
5.126504928422594,0.5091873486249925,44.57537480822598, 5.519067249496877
21.83712129866659,2.6902428363142303,3.554573540071556, 0.3251103066629771
22.80254399901917,2.8156729807766827,12.247261507665566, 1.6997873086419861
17.144343483121055,2.0750039855272138,11.982739183590914, 1.6851445091371597
1.498057309659952,0.11644526889490368,24.24993006171687, 3.0028959227045147
10.453574866396982,1.1903742173997436,23.091629046832725, 2.8531470784009594
42.287612810830595,5.246285276445466,11.683575790952185, 1.2302869597811594
5.655440775898834,0.5738425845883617,3.357339406639854, 0.6292073519353802
57.37592378488594,7.000890671695431,72.37758476977173, 8.536023051049835
0.9042338444520548,0.06862942173916478,0.9597967093234351, 0.06433363622273151
2.0726457135004734,0.16927146294501108,9.590840512473607, 0.08399406645308784
57.10797810755894,6.970605682360861,1.036650205443853, 1.3486880753570225
0.13748075072293697,0.02166035075144473,4.5466548050988065, 0.4396888314299464
4.717981649279274,0.4600558927851217,23.74655636502438, 2.937897906305802
25.33779545862898,3.1429396795971076,60.01463164057621, 7.297552948557009
74.53041625181542,8.88127076787624,62.02037489970323, 7.5211656761469
17.65216594881959,2.141964040060362,32.66730674426309, 4.0707342121325665
0.7528963784264242,0.05784045088037546,0.6968881339656124, 0.023384371065302445
29.235661912054784,3.639786236900636,0.12865268814208775, 0.02124721385008962
4.4860623517184255,0.43252198538508313,52.28435181182639, 6.420196332839197
34.846400643223376,4.34110139035564,12.25706598799147, 2.0080230756550175
38.6644647777224,4.809032081645183,12.539917069533184, 1.5964138224729774
11.32846739442066,1.305662500825543,1.7567104156757065, 1.5535648338760113
0.4251026703029981,0.03687291451246567,0.44755672703695903, 0.03522516589723881
51.5145586984224,6.331424161006645,86.44385993623493, 9.885050081096102
81.05138460116652,9.56828573103018,12.264924625537052, 1.483559235803956
30.369203853927857,3.7827975396657862,12.487011447317204, 2.4845241910353124
13.023394347068864,1.529797877707543,12.982875317790425, 3.1546135302513005
13.153020992854891,1.5469623361820568,61.417115464044194, 7.466140025480159
8.441151680692835,0.92737541198194,12.872360306642395, 1.179742384255467
77.00238683764375,9.14338421164627,12.54112096225403, 1.4362222191676495
8.57235906769689,0.9443910146798002,18.41413494515071, 2.4967530636611728
4.215341092100114,0.40074749954363453,2.656972170592869, 0.2279169921917523
5.327014083919651,0.5335681793657947,54.132694520892755, 6.632285896495607
2.0305292600320595,0.1652199427387851,2.323066983417503, 0.22159820379218295
55.266480449508826,6.761652221154448,14.087196756169357, 1.6714894376086658
66.32429714968548,7.995668450992784,7.876555794761959, 1.843596002058475
2.676499958746202,0.22994794882786104,2.6739265999494157, 0.24676226363827403
12.270189444625863,1.4301090911793934,45.07642017030536, 5.579698445756128
0.0913449369205439,0.01953929304995884,0.0977290347543197, 0.001
33.87044923838338,4.2202898674441265,12.534250563107271, 1.933301655288926
68.84830058471091,8.270663738640023,12.55352507715481, 3.5025793431073717
27.48035868435802,3.4170119688935356,82.75541595424437, 9.680850459962814
0.5914690671324021,0.0470770591543041,0.5379286795340188, 0.08920836636208722
0.7130349897073645,0.055108337147435835,92.56794155526282, 10.748488300501378
78.08641659409561,9.257675076457161,31.739891791881902, 3.9548315346644274
60.68929260775693,7.372948075185582,14.116876473188595, 1.6746185997400875
8.397816764209935,0.9217606431660096,17.514203613788567, 2.1237802964908257
3.1627527786871052,0.28178226144011914,1.7724191336900361, 0.1409818415970762
3.7568852744353274,0.3479523211493203,73.6539224554236, 8.787827377135327
0.4055689277573429,0.03573845167282139,0.4034779431960131, 0.004045864185589004
16.731735677243734,2.020545018560918,1.9519330817712046, 1.2535371878911903
75.93321577075551,9.030271591425413,12.591749902990834, 1.041861615893015
71.46692949092187,8.553495855209999,77.1742589253739, 8.80996352275953
1.1461908138690466,0.08713576685156618,75.67807204098295, 9.00322127419566
52.48989289271433,6.443855039188319,8.053391261062371, 0.8772304494945538
15.024895451084294,1.7948557889400778,9.087360595148432, 1.8716837397758561
1.320782097350472,0.10135067572062431,1.5022748562641375, 0.08303423339300794
31.846077743643022,3.9681178888172086,1.6288093817054892, 1.4612985447269473
5.6248922813999815,0.5700796955463454,6.07932195549239, 0.5733701116116775
6.296874270045159,0.6535646860655374,16.44037098599159, 1.982062104270708
4.613720026694584,0.44764365969418046,40.54817302740214, 5.037176562603496
12.894954943731374,1.512792421737541,1.6033869071232734, 1.283726899375885
4.851035959658134,0.47597326404909435,3.023600477588158, 0.5034131765361594
1.6036608663423881,0.12572876876610267,50.553652518714536, 6.220243736601597
18.08619166446788,2.1991306428535826,0.018247303864993736, 0.016375851007560477
4.287820732314846,0.4092136930621799,1.2785953213963075, 0.45800352748466566
3.012329615566256,0.2655007679422966,14.525058956515602, 0.25974591694477883
3.6061350095358797,0.3309032161289683,42.12309014778613, 5.2265705920278736
0.4382757491225846,0.037645769338682786,9.758224479756482, 1.099080704259951
7.650932772302957,0.8254341176802216,1.7305940065226364, 1.3283406440275138
0.20758603469478154,0.025060302031685324,0.15532758853386264, 0.001
21.42070944780616,2.6360104292832456,18.111758431054653, 2.202496202821295
1.1660293429393476,0.08871641927101798,52.03322636960488, 6.39126542785918
24.503125414431402,3.0355428034315985,8.830385952089461, 2.0441419661237137
2.1441445012763833,0.1762078930284093,7.257100909819538, 0.14645770073742406
52.24437411284708,6.415592561231272,44.60538117996683, 6.233990250889982
59.564450637654225,7.247141787421355,12.264327145542149, 2.2798086059391727
9.689835668110119,1.0901219930756225,12.2771571824717, 1.6689388259845146
51.75671217645141,6.359377424513121,12.118208069938705, 1.9209865570507552
2.3226035249574384,0.19382731564054329,24.477890425049022, 3.032290433723086
0.9396005014030884,0.07124150167985478,3.8277463784779897, 0.3560222037993279
2.002772829575786,0.16256408544517936,1.712825781897915, 0.20572745139970092
44.53461389073482,5.514229133591311,6.022162327626411, 1.5755892368971218
2.8851750348869256,0.25190491370990753,67.52150324238369, 8.126402262691437
48.69397032428532,6.003891959507339,9.721417003243477, 1.0942585513150156
64.49133090470427,7.79445970770753,22.195887369631013, 2.800141722075131
19.63884144655536,2.4030995597675937,12.255215404745364, 1.8908360124567367
11.615344098091033,1.343541845157274,24.069903582656472, 3.0114166214722635
21.2153595537214,2.60923780174421,12.521405941354395, 2.4781338372390387
9.303553085423006,1.039599026153604,9.179154495250234, 1.9338194008709109
1.664246632838382,0.13114731384983583,1.6153158277550974, 0.11074826195508693
0.8781326978895121,0.06672316975806586,0.839358949317571, 0.0694214624687601
7.690823680861062,0.8305557198581776,67.55385364166243, 8.096397126356205
0.5059903111491149,0.0417155901296486,0.5131742382573662, 0.06426204132023233
74.87869972683022,8.918327478309044,2.998980944758879, 1.8229919587102323
7.454207969705793,0.8002191256026112,1.5098075400861575, 2.140002298452504
0.7936853198926017,0.06068451928981049,0.8373556691113131, 0.062078738717434676
1.8414921039409222,0.14736471925859737,1.5208184816372643, 0.1197189890555228
0.6895545870964226,0.053521325241578155,0.7401116539490467, 0.07400334711798809
0.1801251665378809,0.023703577248715243,0.1800920830426648, 0.001
9.888374178513372,1.116140625123278,2.0829228511242355, 1.327477223878211
41.498306893760365,5.151582386474706,12.630068864121023, 1.7964386494951519
21.31779831955949,2.6225956461577846,12.522132865880575, 1.0295814035405992
13.819350532561101,1.6352114485009748,12.246163373989829, 1.6621325495083552
18.440672704212847,2.2457742415261763,22.08153728989209, 2.6466854690076387
0.33007497950866793,0.03148695734543395,0.27967893666137295, 0.018322000473379587
89.79082407375758,10.467573172763826,2.343720781790048, 1.157564973672426
2.2025395772304703,0.18192612743946673,22.02004442534276, 2.7140415761828818
24.85755234869061,3.0811892336046336,29.852965776584423, 3.7177504417172864
0.6973454079606856,0.05404604005034956,1.0576946279350514, 0.001
0.28201205186378053,0.02889381169050312,0.220189401733802, 0.1428199622417423
82.57529574264808,9.72681786224363,12.280751272305459, 1.4281098968889747
2.1878399103035773,0.18048227668280367,1.9166300813233015, 0.1916663129801638
40.53188266478523,5.035211144729841,7.905449750259639, 1.983182363559524
4.770836383555289,0.46636874249134747,18.60235736595732, 0.44731381190107455
2.5436477855785484,0.2162152628718588,5.037968202408889, 0.15710043609947263
3.7788200738955,0.35044659267409645,4.713014094106581, 0.33786188154525043
13.415880010791895,1.581773015809085,95.76357353491625, 11.068975326380583
0.04227427300169162,0.01738844176411285,28.675511077088984, 3.5688684996641755
6.196856730011519,0.6410499929876159,91.73304420099913, 10.664273144080315
13.751329666105505,1.6262020412516802,2.6141514854562566, 0.2234783054124119
19.92566751911294,2.440679873983282,49.1166037050133, 6.250603812018931
2.939168835815193,0.2576588463706011,2.7919480945174167, 0.27255054635524023
3.1056943345801997,0.2755819197261575,2.4626783458797536, 0.2129715589096944
1.688873862595615,0.1333685297953119,2.3438643049756274, 0.1159202653210668
1.3857359651011505,0.1068073544974591,31.890681572615627, 3.9736971184193086
1.2164316628771,0.09277290064116234,36.722816241958526, 4.571999721849048
35.011694436139464,4.361514056337256,12.603164624233786, 1.474167516918716
16.09099049971363,1.9358902206463033,45.08782487285081, 5.579824951982639
8.75014308321877,0.9674825069961244,30.125518104316367, 3.7521099581923196
6.065629313380141,0.6246749254654154,31.42272763444325, 3.9151117928429016
7.30005402262185,0.7805122979569348,20.777137560081385, 2.563803848505423
31.099148096831186,3.874534470516948,12.835923119908317, 1.174951704365553
94.94403564428927,10.9870619667501,12.305796414345046, 1.6007895833666634
8.05822193375535,0.8778537670232271,12.302686654100373, 1.5505502737098233
1.5798140971587147,0.12361424829388937,12.901024775293703, 1.5135960263916661
3.2012315996189606,0.28598006005851384,55.82429372064352, 6.825098039273872
4.797446682414301,0.46955213490074893,72.31093224782863, 8.644129275116791
1.4525077566201094,0.1125066882818799,11.351842266354295, 1.3087477289998057
37.7624829673329,4.699157907853787,22.463059844897174, 2.7716154959333106
51.9999822649666,6.3874334572413165,20.706534148113427, 2.54282018337622
11.968421361618788,1.3902016236809034,22.972262609050254, 2.8376783956797285
15.625672479242983,1.8743571073261087,61.883187407866906, 7.505922242287498
66.9466160122538,8.063692173893335,12.241083890662829, 1.4262590299567364
4.3613076505106125,0.41782841206204907,23.0670599472804, 2.849963723979195
45.59417948943921,5.639737486098793,1.811487261967747, 1.2610880113686327
0.21315441735986052,0.025339263647669783,0.24957473698367444, 0.04196646958809034
14.73269766103181,1.7561715500254476,9.6422903310673, 1.0838960741849906
1.802544050330095,0.14375596488305778,80.65522943567619, 9.52695108724595
6.0982101205906565,0.6287356370175092,6.7842197177573045, 0.6239032029239182
0.6817995261249044,0.053000862552576626,0.6356322182404734, 0.009428687105068355
28.009314242188633,3.4843125309752105,12.316940203695829, 2.1079283731686242
86.10838061106992,10.091532744869617,12.712437557983346, 1.481072135149202
17.73817422860384,2.153297157492741,12.375576639858297, 1.0095698762300163
10.348672281080418,1.1765795923071047,12.513051878130415, 1.398019198911599
3.0868491844215384,0.2735405812810474,39.405505341367146, 4.898994595912482
3.6487122783872348,0.3357017314497811,2.532809397801013, 0.2151038096441597
4.536773316811901,0.43851873125120033,2.4089128398924093, 0.46999866423685277
77.36206898551762,9.181349767907108,18.32931353471726, 2.241742395029359
1.0781759648554923,0.08178701057191075,28.8902132236509, 3.596070105265545
2.6934529194879357,0.231714505960972,8.814221084046242, 0.9758148925766226
0.23001410000427014,0.026191722735595384,0.23110218791410056, 0.1533055294386723
44.11756517238715,5.464681911715296,88.41692746067669, 10.34318380330873
1.9076120734557755,0.1535469906876937,2.009597981436088, 0.11318536476881422
61.8350258671289,7.500569059842947,1.794911199485871, 1.7848581773744572
10.244730492068447,1.1629184408861606,1.8601373326573338, 1.5255343682150115
1.299526197353456,0.09958425899785285,1.318923039945007, 0.09976355499276598
6.854253154040614,0.7238016127813417,3.271443320813764, 0.8156911955818109
44.955517640549964,5.564150153729564,96.52248719092735, 11.143238114343276
0.9575293922934969,0.07257828644833299,92.48008915620171, 10.73963626477589
17.39650253932951,2.1082624899879363,2.6196997859034936, 0.22405227179769485
87.3189599336653,10.215607456826698,12.78339740152355, 2.2120655579498796
51.273516705633924,6.303573365346158,44.47011363676341, 6.0985903194738595
33.23462180121258,4.141315944600372,14.009539102652768, 1.660401991932883
19.076929903343192,2.32938427578099,19.98012545081857, 2.4478113049771926
2.3073527641255502,0.19230511922724164,2.246475942859925, 0.18362577785179837
1.2680068172750079,0.09698278405094507,13.140780751538697, 0.01360685718996928
78.81745978211461,9.334528402778181,12.296881161826308, 2.2126652249987098
7.0001274003758684,0.7423102222632337,12.581186846467583, 1.5834273007770672
0.8867930841950638,0.06735362036656684,32.28316519884143, 4.022745802526667
37.58456304623956,4.677436106217297,15.186959156678693, 1.8163070546887834
6.963406789959575,0.7376465080797279,75.26751866704673, 8.95964768111226
0.06163206184130021,0.018223769879672756,62.95584077721261, 7.6249110962510835
0.16394930661201457,0.022919338439680005,24.485581900496612, 3.033281770064699
27.21950883690142,3.3837701142661656,17.28253931460957, 2.0932335875962234
0.19103377134210575,0.02423872552989822,0.2129254583670809, 0.11781733642793986
32.610388035436586,4.063577408614901,52.4520440790359, 6.125218378895709
12.516651946660824,1.4627182965404864,21.00411821778195, 2.6054550963333223
3.4601621653763006,0.314556019675143,2.8344907380649627, 0.3206179233619798
7.148710917131435,0.7612115710515911,18.714553099141966, 0.6572487717517902
98.54099967939801,11.345183735571224,3.6086975185733756, 2.592856898546079
0.25863585639849895,0.027665560601414816,0.4193215161525072, 0.12396070229758523
3.713317255789323,0.3430081422718703,2.3180653691015736, 0.3407784812977939
5.564215301865708,0.5626155813013047,69.68583431060704, 8.36139450100937
19.82961863811211,2.4280990770430684,1.4114889050879915, 0.10899488136851812
0.5552785838271241,0.04477733303403025,66.25846304689081, 7.988463799886595
0.636010978858552,0.04996584411910212,36.93426438907947, 4.597905849689152
14.951341129587677,1.7851188007067131,12.510969861082268, 1.688248646475767
8.484686421776885,0.9330186531882076,12.622746918062443, 1.9551450178185752
49.384586916055625,6.084419895880864,12.254029506530642, 1.3896591648202163
30.659168221749592,3.8192726141362905,12.477694933231362, 1.3514968610143132
21.627957514139663,2.663011588160244,1.0978345633566087, 0.08332163948573747
2.957333007004632,0.25960098957240646,60.676389847947405, 7.371507875296026
14.445827802682347,1.7181846171960538,12.4964207938693, 2.5972395380994273
41.10906752380506,5.104767866866774,12.177805487437265, 2.375740196289247
25.826957952797258,3.2057179884656923,12.250204741662499, 1.5070105487965688
37.94122330715912,4.720963707059414,95.51453352913929, 10.438214284815357
1.6398449623585671,0.12895701196847667,1.678398409804223, 0.11951529192420049
32.45611624659835,4.044333983162884,10.291686849739499, 1.1357132587333882
16.813499697967845,2.0313404256385157,21.082496482779643, 2.543580280697026
0.843886844278561,0.06425031340472447,0.9335705075609252, 0.05995774143999817
3.867575397027995,0.3605732119520833,8.944214578356888, 0.34538849072321914
5.098384251159436,0.5057814255704046,3.1497635831567883, 0.5539605308729272
92.76223953405626,10.768057885962536,3.634591080088805, 1.439320698027978
0.18556692251316753,0.02396990686847152,0.2221001355188373, 0.001
65.09670656077814,7.861054912879664,32.53745937243128, 4.054482040581439
20.022159297686795,2.4533149451906824,41.76831456931371, 5.184012930207854
16.488688515221902,1.9884452297917168,1.7336016706250752, 1.3655094775053696
5.385498470312941,0.5407100932851714,2.709346248400976, 0.5843352587754401
15.54936058926102,1.8642618504668005,28.51018501554386, 3.5479062456641066
0.2761276124355696,0.028582570700301013,55.773493802588334, 6.81932550695124
9.591928122974666,1.0773034565689144,10.408167415621763, 1.0142731696677465
0.1322597104303327,0.021415603571538298,0.1305718066438015, 0.001
0.30582240508140446,0.030167172026174936,1.367449785332533, 0.10526229997208042
0.6587472649501049,0.0514647117667952,17.103392272364427, 2.0696010177023805
0.7051721536125832,0.05457503472505751,0.7281225380326042, 0.061336003921939296
40.72339317321632,5.058308404272981,29.324611650211203, 3.7305659695374316
12.704498158960478,1.487579786888351,25.027081369020767, 3.1030007092803245
22.693290245752248,2.8015001593688402,56.26942869645932, 6.875633282360278
1.1265339846621183,0.08557865306885756,1.7553276455538374, 0.040969170402128975
1.7641298538705752,0.14022115746416453,1.453728610474036, 0.16374359834021468
78.45109738581834,9.296035555290077,5.443317445502215, 1.6663874093747637
4.167574104914816,0.3951848686577519,15.595761338484737, 0.38709872083375935
11.385316034727634,1.3131662882789772,12.306664245098784, 1.246090520411748
11.442426813693153,1.320705978945131,33.96048725331342, 4.235733158158013
5.014794296281801,0.4956773541864859,15.521581883675243, 0.46095920771250254
14.304360419113783,1.6994494825279836,0.984422069908189, 1.6325071299460756
54.24051798432062,6.64461242337524,51.42598428066229, 6.3211929768715365
43.7043361775117,5.415506245601124,13.429276971684427, 1.5835473087847516
11.159482300866722,1.2833651906572077,42.089789905369, 4.758187425430717
4.9051205947366885,0.4824674011804963,3.0813028550024173, 0.5182951337120344
21.11339098214693,2.595936702538226,23.990769872115667, 2.977338326828804
0.1965258287320717,0.024510051807820402,0.23876287362600562, 0.001
11.557439628235752,1.3358936194968418,13.531754500228494, 4.340449354345848
1.0686371305141322,0.08104574352861266,1.025242686108957, 0.06185716750374335
4.878016072274914,0.47921116531128527,27.407670699759006, 3.407752372606859
23.9231767031401,2.9607180334513505,28.754298607322145, 3.578853240163555
2.8673420690208453,0.2500109005099332,37.20345305576695, 4.630853211149226
3.298991964642103,0.2967031131180844,0.06532351525381852, 0.01838502084169079
2.3533163423793537,0.19690184405547306,22.50511091323405, 2.7770757069280227
26.199782706948007,3.253484456594899,6.676896717672899, 0.7013662176906564
35.51216307475026,4.423232600593154,24.19428254688031, 2.995716535987482
10.506389229851719,1.1973219077203767,53.26925290440801, 6.533394760619395
0.26443963839253937,0.02796846527333805,0.2718247831680104, 0.12873131464034018
7.771158177273712,0.8408783968901469,1.7643513919249856, 1.46825517664505
31.247162676903216,3.8931024926178623,7.269015729591344, 1.6385050705735473
2.642827122528032,0.22644849009480764,2.790392177561855, 0.22717706518690894
4.4608813079356135,0.4295493371072569,0.495380619686719, 0.04106734485623677
1.7262421970347437,0.13675907980443566,35.555696405254054, 4.428595095321173
16.650346953636888,2.0097974633771027,17.28630726912312, 2.0937305470859697
4.435815845224494,0.4265937337785682,49.04005190887395, 6.044273261532484
49.153321500576915,6.057477858055547,20.640658394586904, 2.538665162808718
3.9352220010112067,0.36832718712956164,8.82398792735745, 0.3522243553799052
2.232142571564017,0.18484271852943254,2.499474310992689, 0.17379936540422325
2.592895248402315,0.22128258518921928,2.58280231576951, 0.21008964164525537
8.931229017938577,0.991042606387791,23.298877375116646, 2.8799882722244505
0.5129346862093145,0.042141980986406195,18.69198939901749, 2.27881692964587
7.224034340086339,0.7708115940482615,12.477511099735912, 1.8366370750597159
22.261267018517234,2.7454018719963647,12.607185222020389, 1.0334292109518028
28.821224659360578,3.58733224022297,78.57378246247522, 9.308930752868797
33.39248341032897,4.1609429987526925,48.50140823090554, 5.98139982921992
7.532355285167936,0.8102269511132487,12.285922510527595, 1.7466901022023347
43.0915782255669,5.3424345328742575,11.946875014721847, 1.398733041193449
0.9665558901340296,0.07325447693037798,0.9853856972733728, 0.11149865772163
22.476284862679464,2.7733328152707744,17.499320165529657, 2.1243495615947676
17.061060888362405,2.0640154634173564,1.586984993180222, 1.444475726607126
2.277060924280109,0.18929059914245244,2.302198814388484, 0.19535310141406634
12.209279232530541,1.4220521593299993,12.261891755406058, 1.500202095941987
15.934455172538101,1.915194927642854,12.282973855588175, 1.333287525463027
12.33138052397157,1.4382040273455692,40.05990735234961, 4.967522738307429
0.8695120627848683,0.06609764451677588,0.9419883101367191, 0.08113004772003429
79.92671431900857,9.450804812495646,23.231817602140303, 2.8713054525578303
0.10143289280820933,0.0199950001487027,28.874815782710822, 3.5941201306257056
23.356416199265063,2.8874366167672227,12.330834782036835, 2.472937481214877
24.97678587915805,3.0965312239440808,12.323532384234378, 1.8629602985136313
11.79066448179512,1.3667058066191045,12.297244482313719, 1.4463039006718514
14.660484528328325,1.7466098404754677,17.96217845624555, 2.286939195214565
32.14969374271998,4.006074894279096,3.6920931563008477, 1.3541031820809137
1.8284496460739526,0.14615350904451985,1.5116503049448171, 0.14234735029801657
4.41086543306758,0.42365509712159094,21.910467306329675, 2.699787153149521
4.073348608218274,0.38425248767293907,52.08921048165348, 6.397717484387768
1.20625823443857,0.0919494778079112,1.299031239739012, 0.09840577822059744
32.921069013006814,4.102293225988508,4.672435308891565, 2.9442003609266583
15.397786017007338,1.844207228031428,12.591570855875853, 1.223923015363969
37.05568822445454,4.612772099203998,28.887735180161613, 3.2779543131086677
6.230042648949861,0.6451991698433679,3.1703624089437032, 0.6802256967741096
46.241717072476824,5.716178580938376,12.212516711622598, 1.1619055991168634
0.05675916727383501,0.018011867913568663,0.025878282962928156, 0.10888817032068025
34.3550575449719,4.280340444765705,69.65675031048134, 8.29826827593288
14.805243780656951,1.7657768406650018,12.125306932759448, 1.2398843059421127
16.978160560980694,2.053075477093966,12.400804691737552, 1.3100302221848024
33.71039376458385,4.200429715549372,75.90130720292169, 9.026889863699504
25.216904893034368,3.1274062358857053,29.45710047669041, 3.6677763299231834
5.873261021704095,0.6007668168742232,9.434932706215575, 0.5757816830722942
1.1070571911407279,0.08404479665905995,1.1155801088306452, 0.08213475628106812
0.317892904860106,0.030821178217867555,0.31145716026788944, 0.015438692595020174
15.173023172161315,1.8144625821708922,8.751893273561956, 2.1901697122077444
2.0868142005775128,0.17064022766061315,82.01681223307958, 9.668805539734395
18.9847767307198,2.3172836047698446,0.18819831128601994, 0.024099141368123474
28.277464734765612,3.518374794278746,72.89931184670951, 8.647826018879588
55.78658527936262,6.820813231430224,12.589035560960046, 1.5897113258920912
60.973752329639055,7.404682380921611,12.196024668337015, 1.2099089961543688
11.499800940082743,1.328281710120964,12.479459516690403, 1.2418559682168182
0.0763859788955914,0.018871980983517986,0.11574886716391497, 0.001
7.338326970147673,0.7854006684698627,11.849233689296202, 1.1784811202047718
5.297973068989927,0.5300268103256609,30.84448802984827, 3.842561273981307
1.3530349161905568,0.10404920937900852,53.562390660344015, 6.5670044553038975
2.2173070267982253,0.18337959101106435,2.2279142042786666, 0.18035127434593468
60.406138556910236,7.341327187133033,19.193784993789365, 2.4498367353706345
0.9306977288832501,0.07058084322858668,8.580129563098199, 0.009549103082081782
3.240066103373943,0.2902298430596109,1.1116657973120128, 0.2685561162173982
0.1065117854509281,0.020226153731222548,0.09508627336304423, 0.08322824541362821
31.695314141494528,3.9492520697780997,10.859528985055224, 2.926331454618175
0.03272814726171824,0.01698289852456568,0.09041332538010884, 0.019465819296002714
0.336208179335729,0.03182431448180864,0.48932332432021347, 0.16628868833759558
5.042529526179434,0.4990265131524052,32.706128769635455, 4.075513596830119
89.37409390018179,10.42522296671111,9.479642910025266, 1.0626130951778567
26.70495458326033,3.318094433065754,12.316333233592774, 1.2313825067257196
22.048218509519362,2.7177057396362425,21.934525770227744, 2.340976258741448
0.643554901123981,0.05046136922259008,0.6240449323521889, 0.053980957274663136
70.14556819319782,8.411089159674654,69.4457243481421, 8.342189553571188
0.023269453898235426,0.01658526803989638,27.59056192357907, 3.4310453702379498
47.119120657308535,5.819441427067433,86.23245605282887, 10.104270167786359
0.35477798836258945,0.032854511960648626,4.924711611118713, 0.48482309833930864
0.8523893171832291,0.06486124695445628,38.16561081613684, 4.748315423066768
14.517051117057623,1.727616531745963,58.01790369783249, 7.048010797109364
6.000915650571102,0.6166190442776904,19.576271982495722, 0.6255590298805552
1.1760172691812443,0.08951566105952116,1.0709761065896357, 0.06970507898138767
18.893046541454208,2.3052353629171187,10.473376033949748, 2.9191967400218948
5.904954786310685,0.6046976657720673,3.358910262627158, 0.6317228052309244
19.734010621783003,2.4155723677004084,4.693988923332884, 1.3584264622702937
80.29988103360184,9.489830793705524,11.977834191452398, 1.1673083604583148
20.412596374738747,2.504401722999156,11.964637296280538, 1.2650389622334635
11.73195529081655,1.358947799645131,14.745967620850736, 1.7579285657034311
13.482354062368882,1.5905769252162005,18.43265929373888, 2.2447202883175894
13.616223148107235,1.608307284727226,12.520930506960664, 1.940228565761401
10.882972031016955,1.2469083704494348,79.42093761604049, 9.271361913327434
