inverse_temperature,color_preference,inverse_temperature_recovered_powell,color_preference_recovered_powell
0.3991173618726547,0.03536682459883348,935609.047184427, 936612.1745193027
84.91439458053094,9.968716384989138,935799.7399791994, 938818.5709944252
1.6277280655179456,0.12787334582506418,1.605729816897781, 0.13671408202710483
77.36206898551762,9.181349767907108,2.7167506910275767, 142167.84940973323
0.0913449369205439,0.01953929304995884,935696.9873994561, 937727.2755397736
8.099990921258682,0.8832448689241503,935915.7918364679, 940087.7511451232
15.934455172538101,1.915194927642854,3279383594.057183, 6188231704679.241
11.271879689554957,1.2981944796805172,4184509016.4530425, 6174499559778.102
65.09670656077814,7.861054912879664,65476.99011451959, 58463.298584610144
0.37360586930715445,0.03391235154595465,0.34804305701562527, 0.0010009210859210987
2.6261065343566528,0.22471547419101015,2.3506505097561625, 0.19818041872845243
6.711038777314797,0.7056791869086955,0.00029449220744549013, 1890.7421529994901
3.4396900067378535,0.31227663796060545,5.2774648221076905, 0.3166881005426873
1.4188914733113047,0.10962615992276564,1.5119575518994242, 0.05851066377847041
6.163823134547501,0.6369230756043962,5.157772088164303, 0.6202013730278231
2.415596292436303,0.20317292827971647,2.6343591581025847, 0.14792208569874646
84.12750994298015,9.887532841582933,902720.0109197032, 758760.3063843804
4.096742673429575,0.38696166002711857,113.2335893995747, 0.35796397254846557
51.75671217645141,6.359377424513121,2.239565797583421, 595704.7377606345
2.676499958746202,0.22994794882786104,2.413857762010086, 0.2633519933107978
29.655858761760268,3.692877834198386,11.157207318980541, 82209.03963662697
0.49219703883509336,0.04087358779246264,0.5238978799140491, 0.001000000022794028
0.5841642190119829,0.0466094100062623,935606.649412183, 936550.5962293758
7.730898533119516,0.8357037765271317,935663.5245398235, 937359.5759177285
2.0305292600320595,0.1652199427387851,2.055097991966178, 0.18334850044672069
39.96260922202494,4.966446029684762,66285.57989670722, 67788.49532399852
37.58456304623956,4.677436106217297,6448243431.737172, 4941607722896.254
19.16950800977189,2.341537558312602,4952566935.973471, 4952085532536.964
48.69397032428532,6.003891959507339,3172604380.381485, 6220122379654.735
14.23411335572396,1.690145949618554,3331155677.9587417, 6180134396290.729
1.2784649788326536,0.09784357252249094,1.5789595793288944, 0.08188459679167927
0.3863029323051368,0.03463322572991344,0.5718838449661657, 0.12191874635912897
50.32036190307799,6.193188856845689,6145140435895.803, 6145125234746.697
26.96104809709872,3.3507981877688744,3837710067.705961, 6410279717278.355
1.7514424889794538,0.13905911016588937,935763.3416057308, 938431.7607020001
60.973752329639055,7.404682380921611,938496.1330354274, 935008.3349734285
0.34236966038053973,0.03216467834408656,0.37079059807272746, 0.01583803497473332
74.87869972683022,8.918327478309044,65221.781260654716, 69821.97647218511
11.849644390744855,1.3745006861722402,3172082185.8660707, 6230183492825.373
12.959026922056538,1.5212753483467416,5417019150.454914, 6176887794573.821
26.832706796689347,3.3344128983783596,2702387886.8075776, 6559555.636953272
84.52004723396306,9.928055462131482,817411639011207.9, 814020211008656.6
14.374931403548405,1.7087956529933859,3225797012.1588664, 6183243371508.651
18.710847355927964,2.28129543961035,4121638216.678076, 6185178038050.549
1.7012727130086587,0.1344908392020238,935626.122621388, 936900.0993881117
10.090600073955736,1.1426747140956248,937692.8747398742, 932801.064129586
0.06163206184130021,0.018223769879672756,935707.1470162983, 937836.1499272203
74.18373139906758,8.84434245892936,935618.7389327179, 936790.6867304273
0.19103377134210575,0.02423872552989822,0.20732807222014416, 0.06432803353527489
0.4990778107927054,0.04129280052294084,0.6686541490088088, 0.10412986828817677
91.90347696892465,10.681480991395745,202823121672461.1, 1.80416000178084e+19
20.119096016108976,2.4660044778176724,193376716876242.6, 2446579.4948124746
1.1860512514338497,0.09032089413447389,2.139280837809565e-06, 33.52129912773759
11.159482300866722,1.2833651906572077,146668334.3503913, 141052229.46465024
9.115678197225508,1.015078889914445,3943541.6364592942, 3945424.2765120496
6.9268547272628185,0.7330072367798462,8.840455037334447, 0.6968752634077027
6.432396516892826,0.6705670745921125,5.486168078933787, 0.689269042572221
0.41856144447739974,0.036491473893602355,0.3962609349553344, 0.0527596594379098
19.82961863811211,2.4280990770430684,6391220393866.768, 4289547443170.464
8.05822193375535,0.8778537670232271,3094974711.645324, 4887043569101.303
4.665611008252436,0.4538144141808387,3.8129831376643035, 0.4667418711998249
40.15149471469791,4.989280225286977,2137016.761855927, 2175206.5940084686
0.28201205186378053,0.02889381169050312,0.26844340025801167, 0.0010000640373205492
17.39650253932951,2.1082624899879363,2.324995005681442, 113547.32135351303
7.30005402262185,0.7805122979569348,935717.447641031, 937945.8737785509
2.058542259824543,0.16791185993605492,935782.6488545709, 938636.5199982388
28.277464734765612,3.518374794278746,125521.72481518406, 128457.22810814135
2.247046525526279,0.1863155613301206,2.1258463660096987, 0.1915103711185661
15.397786017007338,1.844207228031428,399772.97016411554, 404041.02031280956
3.867575397027995,0.3605732119520833,4.14682350913898, 0.3658919382731834
0.06652742614662133,0.018437745232096063,0.06220704278174318, 0.024084242906419272
64.19072548588517,7.761338822661373,44413.11731302537, 37012.03590739002
0.9042338444520548,0.06862942173916478,935817.8826776932, 939012.9083431214
24.03810167007841,2.9755586952138118,936198.3574148172, 943489.5273771285
1.8284496460739526,0.14615350904451985,2.5890569392361673, 0.11392555378327571
3.279259577741743,0.29453212418107666,2.260281807816488, 0.2609256682973419
17.48133191205737,2.1194468809459406,13.365702395940453, 112773.15226475913
1.6765319229457178,0.13225403587821896,1.5675209227837403, 0.11062228793400805
0.32396993108847605,0.031152585648524477,938011.4444037543, 933755.551592232
1.320782097350472,0.10135067572062431,935622.9414856391, 936854.5207874484
29.235661912054784,3.639786236900636,7827645.672860971, 7789562.803554935
31.997536542162322,3.9870587507808777,25.808405047211444, 1.099403302408489
7.224034340086339,0.7708115940482615,708970438.3513032, 4605778311029.424
8.528421908886989,0.9386904821742308,6225874706276.24, 6849678396823.048
0.6973454079606856,0.05404604005034956,935618.2305216589, 936782.609582849
62.124768758107905,7.532760295423687,936199.4318435277, 943503.3015014087
66.9466160122538,8.063692173893335,1502289734.7392585, 4801812684187.661
18.08619166446788,2.1991306428535826,3572244318.8504987, 4911403403067.43
46.241717072476824,5.716178580938376,6379060666781.447, 6145085682766.426
97.17660095852473,11.209765343102703,5425260418.884908, 6171408921725.633
1.5444528383247556,0.12049808520836891,55.04774719302469, 6.606086098362596
24.26954386274699,3.005426043041936,44513.78673451424, 0.08518111363082426
51.03358109636513,6.27582473681926,1020480262.0190655, 4726465164453.369
13.088058581122814,1.5383601575911854,6222727866951.718, 6821077449883.741
67.57468734136253,8.13219747842794,6143265016938.808, 6143257523490.718
27.876161396812552,3.46738472926624,5422424157.661603, 6170109471113.533
91.05257975712654,10.595484952445304,5765744.306179391, 1.1638087339561025
13.482354062368882,1.5905769252162005,2799163269425.736, 2861327289354.146
1.6156667852726696,0.12679727898846857,935627.6498012604, 936921.3269110858
1.299526197353456,0.09958425899785285,929136.3653966378, 941773.5440000568
0.7936853198926017,0.06068451928981049,0.8642229467578156, 0.07741433218322603
34.68186554934671,4.320768398991114,12.677810211474462, 69316.30547959341
6.296874270045159,0.6535646860655374,837.4351640524093, 0.625257214409015
22.80254399901917,2.8156729807766827,674706712.407866, 672483789.3205153
26.32520548774189,3.26953780226036,192415.45486414482, 197373.72100106542
3.627374674125573,0.33329527747983,3.868097187690647, 0.33340946167109237
7.0001274003758684,0.7423102222632337,6141554085786.858, 6141538315293.6
97.62930980674521,11.254754309298884,3336198127.0705104, 6168250963646.863
0.29386245826521606,0.029524771633894744,935822.1787147485, 939059.1125870744
9.888374178513372,1.116140625123278,937183.4981131523, 931450.3575320606
29.939229252999965,3.728629507552927,125121.04464569649, 16839.701108582354
49.85032187576654,6.138603622565493,55526914372.127556, 55411215246.235985
1.2680068172750079,0.09698278405094507,941404.4183208789, 939327.590056135
2.3687790490147047,0.19845428181856192,935837.8125050267, 939227.9174310076
0.05675916727383501,0.018011867913568663,935613.8970272789, 936709.4160728905
60.68929260775693,7.372948075185582,937130.5218769839, 931320.2854058715
2.2025395772304703,0.18192612743946673,935614.8670527635, 936726.5936469672
13.349711075324755,1.573009752255396,935620.4553999999, 936817.3449138306
78.45109738581834,9.296035555290077,3.0046169449289097, 291760.5951282688
3.4193118153731925,0.31001103722499534,3.639361521275621, 0.31380602337469266
51.9999822649666,6.3874334572413165,22029.026647811555, 40289.82084850753
1.2472342828110503,0.0952801299342655,1.247594819460994, 0.06626595287604164
54.495241319897794,6.673712870617667,936013.891316067, 941217.2549159467
0.027987921754839995,0.016783101972092495,935755.7434365074, 938351.3512294196
83.73677439942138,9.8471481467548,3874269268.039323, 6385423986583.483
75.93321577075551,9.030271591425413,119998156.01367822, 6145124041369.985
9.640769288121668,1.0836969307026958,3294468482.084844, 6191232893253.417
26.70495458326033,3.318094433065754,4064458568.11013, 6236988908329.873
65.70767806717149,7.928123597554741,659386.5958465391, 584336.0656079523
4.9051205947366885,0.4824674011804963,107.05345204353999, 0.45585579028894596
30.369203853927857,3.7827975396657862,35982.16354551102, 0.001398990392772248
4.239389908578075,0.40355318855396205,192801.54865823904, 14538.402032539374
0.4449078809284497,0.038037229732936474,0.4782845880577442, 0.0010028572959050648
0.21315441735986052,0.025339263647669783,0.28733810243247937, 0.1442232133386125
86.91357562441739,10.174108768522188,6305996749183.074, 7660093984738.59
18.801737394051433,2.2932393683352523,16861805223.951641, 5137204388720.923
2.1586426813102695,0.17762321010225776,935620.0087033804, 936810.4927187391
5.098384251159436,0.5057814255704046,936885.7070428992, 930679.755107752
7.148710917131435,0.7612115710515911,3336770060.77352, 6168070683888.398
50.08480127740876,6.1658459029618085,6146613023923.725, 6141629830608.576
89.79082407375758,10.467573172763826,22829.056278449814, 38450.911903419874
0.45826403118986603,0.0388303328516574,0.4379398850324491, 0.0010000030409756241
38.6644647777224,4.809032081645183,282991456314631.9, 1.5357210800928915e+19
86.51005203044865,10.132750658279273,39973287540709.69, 27508151.591285706
39.215697398107274,4.875978120125398,666846479.1180581, 4539316055723.31
13.549134636997515,1.599421631156233,6225948525890.893, 6850418003874.846
24.738866100510297,3.065910639818238,33904941205619.938, 27416116.8058097
32.7653711974855,4.082897075736152,9.808118321338909e+18, 9.781945932721965e+18
21.42070944780616,2.6360104292832456,6141285349067.902, 6141259761484.431
16.408415378867943,1.9778402130710409,3330940617.593497, 6173344173412.265
35.84966689961856,4.464781260899663,120153014.37184906, 4426060060361.468
77.00238683764375,9.14338421164627,6194989487261.103, 6580604084989.978
82.57529574264808,9.72681786224363,939439.1321911657, 936889.2895920053
2.1153474758375896,0.17340543970113734,935630.0563204857, 936954.0539155111
68.84830058471091,8.270663738640023,22041.13674289909, 23831.37919170815
18.9847767307198,2.3172836047698446,22030.517737202772, 23712.185710649283
14.73269766103181,1.7561715500254476,939802.2041403054, 928990.6217622665
0.004611168484145667,0.015813250811374434,935613.8762801205, 936709.0425918703
14.025300857927736,1.662489620826865,120169168.7354215, 4427508668853.994
11.215551722436011,1.290762088331492,6294086655770.634, 7530375224768.149
33.077484777388136,4.121766101406932,1.2629645205611104e+19, 1.2792271478794371e+19
10.828429151297543,1.2397215980876097,37139731935389.73, 26892375.81701483
2.8495909565252644,0.24812876940670128,936044.7042393194, 941583.5136878665
4.191402659766886,0.39795808478025746,935626.6560476852, 936907.5577072942
46.678400600994834,5.76761742229872,44109.66855787909, 45421.36020013425
1.5095762727978457,0.11744766120012512,1.5493123287664472, 0.09984512035896084
41.498306893760365,5.151582386474706,2.658878432751626, 716623.9250189895
1.948020298583621,0.1573590037977437,2.269619735815201, 0.16105776858427298
20.314312488729488,2.491547678358848,66469.55161521058, 69239.36028395651
2.7968249908037497,0.2425530727148392,3.0219106641095292, 0.205741906070918
12.270189444625863,1.4301090911793934,43915.34779776727, 47508.38900788975
0.07144536380154576,0.018653810169061508,0.07264343044544766, 0.007913938133140652
26.45120661410977,3.285657102405799,937087.9814167959, 931213.631349209
5.183135888417593,0.5160565545732914,935673.2883908395, 937468.9319050302
23.694906865909484,2.93122170362731,22146.292342375746, 24954.557876602743
69.81900980709693,8.375797926929346,22664.035698334003, 15272.635772271587
0.25863585639849895,0.027665560601414816,935716.570306573, 937936.5480372597
27.21950883690142,3.3837701142661656,929184.5425679727, 941844.394638821
18.893046541454208,2.3052353629171187,12.118517415644314, 58893.06620768709
3.0680905335625237,0.271511859221258,3.2318530971406902, 0.2608292216803275
3.3188153409030567,0.29888742095898124,935611.7298807506, 936668.774642948
96.72597004536892,11.164926339971391,935660.5827383553, 928894.7322102069
31.099148096831186,3.874534470516948,169.83984687785278, 1.16242149622744
53.48334162160639,6.557944768133687,57795950.948005855, 54088752.7058081
0.7130349897073645,0.055108337147435835,937332.6498900723, 931800.3457682597
1.2266520027082213,0.09360245923135678,935613.1814523793, 936696.3747236171
30.95181290415621,3.856040306787657,29291358422257.62, 29291272954360.723
3.5849928350747504,0.32852547845069086,2852544008.8930755, 15578.887912773245
0.3673010139632269,0.033556630766459726,0.3671376433684367, 0.04705107273849691
1.3857359651011505,0.1068073544974591,1.5032015391938467, 0.052035972911559536
2.3073527641255502,0.19230511922724164,2.3799311894721384, 0.1761187027621022
21.73229883868945,2.6765983533961157,13.208608118197562, 70095.50978954976
2.337924609617034,0.19535953965771954,2.4405350241661266, 0.17553331015557616
10.992813469418197,1.2613861043218275,64575.27597420902, 66177.77628616884
20.810284900558557,2.5563719485222918,3312738112.0100126, 6167972006014.607
23.02256519099343,2.8441979248297704,291760617.95315146, 6141803375947.012
31.695314141494528,3.9492520697780997,22139.151820785875, 24878.81678557823
57.37592378488594,7.000890671695431,22698.65745559495, 15383.105675128541
28.14308107776889,3.5013091447803335,66335.90166887047, 73018.00695273305
1.2164316628771,0.09277290064116234,1.2406563811298452, 0.11593650309069084
15.322520126617647,1.834247536626748,16416723444.638874, 16268075619.574968
23.581557164222602,2.9165656248689054,41641.87422870086, 17791.614809886967
43.499143131133906,5.391057047937299,4610013715738.359, 6172458665907.531
77.72340968837608,9.219446601878765,5426045958.294835, 6172911530949.444
90.63005812091889,10.552703777764616,6145344511149.539, 6145336646612.238
7.11130830789687,0.7564490529115285,3705886703.8262095, 6507384636752.217
2.9755809362478023,0.2615553168149273,3.307713331975649, 0.25359246430673865
0.598807599138256,0.04754861185927004,0.5860981426099244, 0.05368830618458965
3.7568852744353274,0.3479523211493203,3.789165503243548, 0.34167039469900923
43.0915782255669,5.3424345328742575,168411.462662922, 170267.57256320768
21.31779831955949,2.6225956461577846,935667.8623919005, 937408.4461346566
0.6663960280614059,0.05197258322441275,935643.3776538841, 937123.7887625344
12.578979506128439,1.470966686796227,12.149370506380556, 69128.87632734927
1.5798140971587147,0.12361424829388937,1.584957097641567, 0.14915460481657736
14.445827802682347,1.7181846171960538,3181249077.248113, 6267038953610.841
44.53461389073482,5.514229133591311,4119390000.631301, 6223795443159.49
1.713728736609967,0.13562100788246007,935720.4367736338, 937977.624607379
5.240290322345517,0.5230028118477997,940772.7805992067, 938698.0007020624
11.048114352924614,1.2686773337991153,936646.029572928, 929992.5825727
1.0309176209047357,0.07813640764012002,935842.0573859409, 939273.9390871082
39.58743521226579,4.92103883205916,2.7015981739417816, 1549923.47749465
0.7690994511149831,0.05896444177760717,0.7715976835758968, 0.04577776364302953
34.51808567207842,4.300514833260769,1.0501841866367107e+19, 1.045543979241029e+19
13.887685054692351,1.6442624119744407,25592951674450.28, 25884668.05733108
2.044503541046201,0.166561369509467,158.2033344793616, 0.09523775633025622
56.57577072234462,6.910363147385656,30330027.234855484, 30274475.39794823
71.1343060522281,8.517707220491152,1226531.269885575, 1230899.9108653606
4.639605835560495,0.4507202366868747,4.507898501399605, 0.45712779973320705
25.950661575834697,3.2215747649678725,6635872.417664698, 1.164993508020416
12.641594468473956,1.479253801809369,3484031341281.1504, 3471231106373.591
2.1010480209356293,0.17201820340548632,2.384459278226458, 0.11519547120038265
5.1547552748665,0.5126123631206929,15578.318822897545, 22751.683015019236
55.52593467087139,6.791179041231056,175228.3543553457, 7425118.802969385
32.14969374271998,4.006074894279096,19.367747386048833, 0.892379204790982
29.37508364336093,3.657412286964444,378980.1065700065, 374011.1267400712
4.026882121429444,0.3788815425947548,4.815205493850283, 0.3706902565600678
0.2702701826031997,0.028274128618645603,0.27921504820622883, 0.0010000024397161299
52.736543801041535,6.472221194484042,2.8402963166705697, 82456.95636018396
3.980841218325323,0.3735733047710327,3.409457208167728, 0.3697813744811378
87.3189599336653,10.215607456826698,317607.6711077992, 405924.848750804
6.0982101205906565,0.6287356370175092,7.74888681947799, 0.6068237467475922
5.655440775898834,0.5738425845883617,6.559397577977351, 0.5913100319941083
3.1056943345801997,0.2755819197261575,3.1772842922333235, 0.296475087737231
24.503125414431402,3.0355428034315985,336639.57094022713, 339563.1720561305
9.543311138932282,1.0709414463113447,5422425373.843631, 6170048735175.062
16.488688515221902,1.9884452297917168,6143267218573.412, 6143238847722.184
13.283845855483555,1.564286984293426,22747.565432258743, 59656.68159925512
2.9030902315631852,0.25381086894137234,3.3310696707525884, 0.24232573517618866
49.153321500576915,6.057477858055547,826202895511383.1, 824279801780879.6
29.096880126942303,3.6222310309824635,5409325693.590803, 18168464.17069845
81.80983476699043,9.647280431629111,935643.1585174497, 937121.1139755732
0.20758603469478154,0.025060302031685324,935741.7251182231, 938203.0938071589
44.955517640549964,5.564150153729564,22761.229074918407, 69499.05082171039
2.4471686977890936,0.20637034021327427,3.230127875030037, 0.19120496738253062
5.779049906922795,0.5891018016129582,935763.1269833021, 938429.4884329131
3.143645730087062,0.27970269676545456,932340.1157329942, 928753.8463783937
7.532355285167936,0.8102269511132487,4194797.413687927, 1.1613735370337963
46.02487743965627,5.690602879421652,2637781384189.8926, 2610952109010.5293
71.46692949092187,8.553495855209999,92584.0869686466, 114495.5881299136
1.8809814339252258,0.1510486530029274,1.9501641368669227, 0.17900895007876136
19.26251300944727,2.3537436352020458,22076.252524041356, 24212.245070052493
36.361781170143026,4.527713741803262,22061.717775747155, 24056.299904367566
42.287612810830595,5.246285276445466,0.03063222776108887, 13843.877278691783
0.5696549567005351,0.04568571893352509,48.19279801289038, 5.792265819970291
1.0030800322419111,0.07601198175112493,57449.01196653905, 6869.988030987221
12.516651946660824,1.4627182965404864,16607.648547230317, 0.0017182955889438745
1.498057309659952,0.11644526889490368,1.3704014330174659, 0.09017292305694381
16.012542798525892,1.925519404356999,54820.032438344206, 89080.76901722804
30.22521910766804,3.764669150764372,3188328739.439646, 6261438944812.8
7.611224963143021,0.8203388611272474,4132029904.539675, 6185139995323.389
17.73817422860384,2.153297157492741,5795809291161.225, 707324468962262.2
12.33138052397157,1.4382040273455692,2573531496.714053, 89394072.56029534
5.936794696205772,0.6086499244631779,935763.6538346751, 938435.066472356
5.385498470312941,0.5407100932851714,930951.9401928515, 943502.6834009092
22.476284862679464,2.7733328152707744,2.2359833200664805, 361552.12905357504
0.6587472649501049,0.0514647117667952,0.6436537604859662, 0.03259748469445207
3.480728724587463,0.3168492493476764,3.6562431991142765, 0.3211633200798247
39.40113875451736,4.898465298006661,68730.70450977981, 61599.06533444854
2.527382430881737,0.21454780104429746,935679.70203679, 937539.661062057
1.7388133591338586,0.1379050991199878,935649.320610995, 937195.2445218399
0.35477798836258945,0.032854511960648626,936776.2123696927, 930372.7930298237
1.2369194702482695,0.09443819010071627,935773.3567308704, 938537.8779397963
63.891499846902164,7.728335304185593,6212441282401.075, 6729357139059.6045
8.795102635720019,0.9733283055089795,3586786031.266618, 4912393804901.792
65.40148961097702,7.894529902468319,12.166923802026274, 37135.63967266923
0.9756240106769267,0.07393590916981985,1.1981618223827148, 0.09608745650251468
5.6248922813999815,0.5700796955463454,5.390958267395952, 0.5786896572507453
2.2173070267982253,0.18337959101106435,2.0860786857005182, 0.21280614353091248
8.397816764209935,0.9217606431660096,44035.49042093686, 61625.43744591487
0.8781326978895121,0.06672316975806586,0.8950981978605508, 0.06195674178556623
89.37409390018179,10.42522296671111,110634798.8859435, 110632732.89393525
5.042529526179434,0.4990265131524052,4.518124422359722, 0.48724521255417186
6.746595676304775,0.7101739440729763,935711.5207708796, 937882.8063341464
16.169799936468742,1.9463075427511594,936704.6631740773, 930165.7817833535
2.6934529194879357,0.231714505960972,2.8230437900964334, 0.2620367490220377
2.939168835815193,0.2576588463706011,2.6975195590490797, 0.1848107230414564
0.8354233977517842,0.06364418276388947,0.8858614944121914, 0.029455843037872603
9.162323293724318,1.0211632612072672,43875.57859582271, 45831.62849447206
33.23462180121258,4.141315944600372,935606.0988331814, 936533.6455976911
4.003808716375798,0.37621962206516735,935640.0453260606, 937082.7606879132
83.34783233326026,9.806901001827995,11.356829891189705, 67936.57601225915
0.36102509792554116,0.03320402485756532,0.31763696958082843, 0.0010646673395211567
31.846077743643022,3.9681178888172086,745365610712255.5, 743455915966980.8
11.908896265991935,1.3823325783710967,2447700518.7677555, 8408422.22301661
42.08892252924792,5.222474641795753,4611598304235.167, 6172219263361.555
61.54661289694844,7.468492546989775,4203180712.5004716, 6171230236969.747
17.911382412962983,2.176113344763087,13.072457169417403, 69114.36888629221
1.2575966587124405,0.0961283155803149,1.2899807458004087, 0.10010758118478308
3.8008560184116504,0.35295574643790445,935820.6072247722, 939042.2023222934
36.70713852470456,4.570078015734395,937156.5546033492, 931384.5834958333
7.771158177273712,0.8408783968901469,6339822563820.425, 6144910338953.327
70.47363239503696,8.446504221164751,3314771490.3029647, 6171202330892.016
21.11339098214693,2.595936702538226,7599831.566031985, 1.165892844339396
29.51514827176048,3.675109409703131,5594286452014.639, 5585285661293.632
80.29988103360184,9.489830793705524,44609838.93108096, 44557267.79068398
6.818202106882675,0.7192350558654773,6.193043062095564, 0.6854127160463536
2.921088038229747,0.25572882636552896,244.03992621307916, 0.2493836077234146
95.386449757694,11.031305111292946,22236597.473698847, 22177781.565403342
3.7788200738955,0.35044659267409645,935946.7959852284, 940438.7551611366
2.3999186945035498,0.20158977042332937,939414.1781051194, 928983.7064545037
41.10906752380506,5.104767866866774,65701.64383762918, 67127.17976118314
3.220604186365721,0.28809842149142684,3.8971073128140454, 0.2879208045403522
0.7448505784296262,0.057285186717887196,0.6251596249559798, 0.02155299597770588
1.9616141168750718,0.1586470650779375,2.2956025396963446, 0.1360421310631861
0.636010978858552,0.04996584411910212,0.6102720633029762, 0.0010016506975823844
1.802544050330095,0.14375596488305778,3.9872355664243724, 0.0773596257034252
14.517051117057623,1.727616531745963,11.71147402266876, 57508.96052145518
1.0686371305141322,0.08104574352861266,1.2155083165577807, 0.1013707676728949
34.846400643223376,4.34110139035564,13824068.027083423, 1.1118648386836867
17.99858598353726,2.1875967666527014,7038978121068.052, 7021307495484.278
19.44981157152182,2.378314905785402,22381.389737460082, 27575.15659925903
9.023029324930393,1.0030007480016871,22493.908398850912, 28938.238168143904
16.650346953636888,2.0097974633771027,10246.33728252196, 0.0016960570792434737
2.262019204131341,0.18779817095292917,32117.882667531732, 3520.235380238563
17.228010107955935,2.086041215536023,212904.423035272, 233399.4142723379
3.9579791411645333,0.37094251745790013,4.130954026124171, 0.3673189964542137
41.69427374713844,5.175123469600738,66322.77721152008, 68044.61103322501
2.1878399103035773,0.18048227668280367,2.324496837735793, 0.17890960577292714
0.23001410000427014,0.026191722735595384,0.2809891999509962, 0.0010000076277775782
22.048218509519362,2.7177057396362425,2.7842761259627635, 42161.36640739085
1.664246632838382,0.13114731384983583,1.6311389830029825, 0.1385396674393673
5.841712731578662,0.5968572848857022,14.91336275488087, 0.5685651246908845
4.691736095177118,0.4569262726353223,5.219292676911766, 0.45662372262022616
86.10838061106992,10.091532744869617,214149.69994434086, 215080.57080183696
14.164188726580317,1.6808848985116958,2369676.031715399, 2362243.1376241497
6.535687445705443,0.6835593714212247,7.017542635788901, 0.6750241492727528
70.14556819319782,8.411089159674654,937471.9902450965, 932106.1615494594
6.065629313380141,0.6246749254654154,935661.1763848548, 937332.9019172626
1.331483614616344,0.10224362762468127,1.4317866908154453, 0.04213014267809679
5.269065352411835,0.5265050501386731,0.000278835291547174, 1421.5831174736006
0.728869599669415,0.05618797744262018,938503.7789535457, 935026.3402666134
0.3799397974013412,0.034271209170326715,935747.4342972093, 938263.4704697187
5.211647369759455,0.5195200087855412,935667.7034943542, 937406.6645817342
15.098788943950062,1.8046369959270003,942732.041946756, 940346.5419267698
94.06529014323884,10.899019192177809,7148512.223306482, 1.1654771339162835
10.559447129234723,1.20430335739498,4454480996117.903, 4414666250616.176
0.9396005014030884,0.07124150167985478,935787.9438724432, 938692.8283287
45.38031205620082,5.614447224766034,938310.3720620786, 934554.749666059
33.87044923838338,4.2202898674441265,6145741823437.033, 6145725212575.747
9.351064504685235,1.045805569634383,3268794522.2697387, 7469215683741.849
7.2619567480478775,0.7756493083276078,2874688447.5379257, 4874987937580.536
11.499800940082743,1.328281710120964,6198333840915.19, 6608235217435.398
1.0973857918781245,0.08328650276577249,1.0869202893549312, 0.08881196716210597
9.838396506125651,1.1095879587875026,12.15115255255803, 68838.31070424804
2.957333007004632,0.25960098957240646,3.1173357110888325, 0.24477201237420113
37.23116941463762,4.6342434600449804,65503.46927613106, 66465.94240947037
0.9218358201178205,0.06992529820412216,0.8859940108131731, 0.0756581876871532
0.11161409772333508,0.02045952992525599,0.12613647796942962, 0.05242756118605998
0.5768929001678558,0.04614563852102816,935976.6608773288, 940782.0556852061
5.747934046116249,0.5852556660709834,935677.8878751274, 937519.7296039745
2.292172004334775,0.1907928978486209,98.36512944316175, 0.08438704656692053
9.209183478622037,1.0272779935638996,5114290.364335991, 5087137.11289394
0.20204321092398736,0.024783904380832767,935696.6137348976, 937723.2552749817
44.32560986699147,5.489408938263994,938129.2782127317, 934081.2451424759
1.688873862595615,0.1333685297953119,935650.0644018339, 937204.0544823685
22.15449772832616,2.7315245535072377,929959.6288757694, 942750.4272864219
1.9889900926610835,0.16124955805362617,935913.7669432404, 940065.0149874315
22.261267018517234,2.7454018719963647,935734.1303126857, 938122.7455087808
1.3101297000831598,0.10046423217998143,936140.9523751023, 928908.9998201192
4.050061921841296,0.38155913987309326,935642.1178749991, 937108.368631316
1.475177756934357,0.11446186208281646,1.3258670111550852, 0.13457655116200115
7.975258238113913,0.8671537999041482,44093.99150622121, 48849.96045599188
11.557439628235752,1.3358936194968418,2950633049.6273046, 7299602078239.599
16.731735677243734,2.020545018560918,4125618943.5121374, 6185991999392.162
0.7209340826641419,0.05564597533522622,0.8004688468559724, 0.038492171606000325
6.466668549473196,0.6748747716356726,15581.261136604122, 31290.98636508517
11.79066448179512,1.3667058066191045,936707.4815719898, 930174.0281781816
0.412050242899312,0.036113327212152546,935641.3784163991, 937099.2672939347
10.039694184059595,1.135992424395075,5422723031.991424, 6170318293587.713
37.40745977815444,4.655798043098343,6143280023923.045, 6143262734713.749
2.6094626937385854,0.22299352475775558,2.672476432706756, 0.22761635118965198
78.81745978211461,9.334528402778181,65776.31124689382, 69226.98977808689
7.893054401840551,0.8565627372444649,4557.9154686822, 0.0016718853439670056
3.240066103373943,0.2902298430596109,13843.99206324462, 1292.8399248208675
5.504094059042165,0.5552330857603399,936322.1996197365, 928989.4432909108
1.374785429372619,0.10588128483450827,935793.1100442046, 938747.8442751255
6.230042648949861,0.6451991698433679,935696.0031215152, 937716.682892069
1.7641298538705752,0.14022115746416453,935679.1241694377, 937533.31826858
2.8673420690208453,0.2500109005099332,2.6415321983709465, 0.2500968506735907
10.348672281080418,1.1765795923071047,136902.06775993772, 141379.62694719768
0.4251026703029981,0.03687291451246567,935829.2541329787, 939135.3772620744
19.355946870846033,2.3660026897628246,935675.2690453309, 937490.8556556032
17.144343483121055,2.0750039855272138,21987.32591340042, 23162.258108790196
14.094585051708624,1.671666173881121,22414.33085640224, 27966.73799105114
57.91552746482361,7.061789675144546,6221316963152.618, 6143353522473.303
55.78658527936262,6.820813231430224,3314195176.556461, 6169055328163.372
12.454610470890998,1.4545084861415034,21974.811387614987, 22912.26518137781
22.912301539749937,2.8299055022602913,22184.34038356499, 25360.598082061115
0.4717436403597426,0.0396371689766923,935751.0669745208, 938301.8873339978
14.588602854135475,1.7370915536825409,935680.790957138, 937551.5985049414
53.73457348940288,6.5867286798595135,9807519717825.777, 10316641986897.322
72.81283196139164,8.697906125601474,2194187.079502953, 58835240103.67817
1.0781759648554923,0.08178701057191075,939425.98351606, 936867.1797874881
0.5129346862093145,0.042141980986406195,935719.5471977849, 937968.1789292246
1.1461908138690466,0.08713576685156618,1.1035839153178493, 0.09186079504614207
46.45955658937837,5.741849999776006,3.5130467680295796, 158473.8424943523
6.854253154040614,0.7238016127813417,34134603.256377816, 34054610.992559046
0.9130145875420357,0.06927483489542098,67.01139853045231, 0.060006408337561545
5.070392647895074,0.5023945087274682,935808.3279731096, 938910.4093719234
11.615344098091033,1.343541845157274,941697.2243448196, 939583.6136746993
17.824579107057207,2.1646802004623478,27706092509.650036, 27600944554.30996
27.34963374668822,3.4003571904564818,51797.94232268186, 17963.74994770374
24.97678587915805,3.0965312239440808,6597161.314378525, 240823649810.74878
7.934061774026112,0.8618447111796015,212555.1945238098, 2032460211.4819946
5.9687814252899045,0.6126236861347095,5.71547801115776, 0.6066236609994824
58.73429965216526,7.153965506122114,303460.689184348, 304724.29901469295
0.6740800609081081,0.05248462437230551,935958.4914702695, 940572.5839654919
12.704498158960478,1.487579786888351,928847.1385034735, 929054.8204323249
7.037017335713632,0.7469984822475685,482283989668862.06, 552452382076925.56
12.831177055992146,1.504348950521093,3293379008.981975, 2793294339262.7886
0.48534784964282696,0.04045792768832794,0.5241870424361537, 0.07925068496518496
47.787850945721274,5.8979046579335765,13.093596411908988, 71719.55394409032
35.34457212917844,4.4025794110089596,120049284.87305942, 4416729155812.081
6.890470438651029,0.728392305770361,119789803.3989774, 4391287597337.4614
1.4412507381544337,0.11153958789345444,1.3709658291955915, 0.11246178646846662
30.805153980487987,3.837619766212507,76167.86989405147, 90567.81612703945
5.686130134652758,0.5776261487867975,103.92873068472917, 0.5549659338218786
32.921069013006814,4.102293225988508,666190.9365155195, 664295.1921616356
4.770836383555289,0.46636874249134747,935686.697740728, 937616.0433350106
0.5199110829529336,0.04257199759138976,936249.271043551, 928756.1667242232
14.951341129587677,1.7851188007067131,937309.2571328218, 931747.0219620918
4.1202446126170935,0.38968673122913444,935781.4980179511, 938624.2917291165
0.1065117854509281,0.020226153731222548,935741.489391831, 938200.6006884169
13.023394347068864,1.529797877707543,935661.1359548859, 937332.4411830107
12.209279232530541,1.4220521593299993,5019012.388957012, 1.162823221027793
82.96067551242973,9.76679103175195,2471294623672.1733, 2460692598875.957
10.193117143059025,1.156137594074655,21526801348.090923, 21422410750.84908
92.3318705539913,10.72469663612015,42306.76190401941, 16881.386269395978
0.33007497950866793,0.03148695734543395,0.32882000630100866, 0.12220253443803031
0.1801251665378809,0.023703577248715243,0.22218585119765355, 0.0010000000263884275
4.851035959658134,0.47597326404909435,7.4654710432714575, 0.4567188904806197
59.843723523694166,7.278424366719924,14.3578988696711, 4787783.362862942
21.52409511660407,2.649482345119368,191550.56116960617, 193844.4180568251
3.1246263829013525,0.2776359372465329,3.1795742537635627, 0.2883284201765908
2.8143327905411604,0.24439991488032772,2.6538618688734408, 0.23449592227100913
2.710484053187955,0.2334923581734575,3.2526706294383607, 0.20534517851939144
6.033198052179177,0.6206360926876762,1088.9907688614503, 0.0010107256227200878
10.882972031016955,1.2469083704494348,6622776.69747044, 6572454.808248695
1.486591218599791,0.11545001610209062,935736.8258625083, 938151.269388516
6.6756450846051765,0.7012081612409228,939913.8381289304, 928992.5524464836
61.25952374322576,7.436530429552814,64816.4876140139, 67754.2819706246
0.4785300982509113,0.04004579608416426,0.42111640195166045, 0.01150330679917319
0.8269987984716995,0.0630428247775389,0.8232508288224085, 0.07747866357094171
9.069247201869178,1.009024758965709,44732.23436166964, 60749.7687136596
69.49395032503521,8.34063017631262,1829094201825.8062, 1814566051427.141
90.20947586037609,10.510066647290461,2926438.7252625404, 1.157922663151112
59.28645961505653,7.215971331928243,940447.7659483551, 938325.3138951516
0.4055689277573429,0.03573845167282139,935608.44735435, 936598.0895273075
28.684345142566674,3.569988201077396,22192.28776143271, 25446.06897684193
21.2153595537214,2.60923780174421,21996.4439322158, 23295.34306956491
16.89564074636745,2.0421838549010944,6141533556715.922, 6141509295225.837
7.811603465430213,0.8460796904880251,3335978654.8910236, 6168874387624.94
1.1265339846621183,0.08557865306885756,1.1166140861212128, 0.06716468541928687
21.627957514139663,2.663011588160244,43755.60651714637, 45122.87599097821
1.1560872613109225,0.08792313305353597,15.091109386558406, 1.8292434757439124
5.59448400458882,0.5663373911788544,15581.169077658376, 0.001064711436356447
3.6916831144742615,0.3405580942765901,935728.4593132354, 938062.6987579215
0.843886844278561,0.06425031340472447,939071.4276911375, 936230.8255709896
10.453574866396982,1.1903742173997436,3336399867.5668516, 6168788279810.265
25.581251500597446,3.1741995017055262,276287155.684235, 6141630593942.791
2.592895248402315,0.22128258518921928,2.3784987008975094, 0.21656728105546713
3.298991964642103,0.2967031131180844,3.0079302352460053, 0.3106650715571712
0.3118437722016072,0.030492713993073704,0.31037772241620265, 0.07098410388952194
24.153556575402323,2.990461296198668,2.423357162129966, 322470.61963886867
13.415880010791895,1.581773015809085,22749.341510057333, 49434.22654301443
0.7368417086806083,0.05673437176070111,0.7507426009592381, 0.07870884733458382
25.216904893034368,3.1274062358857053,64300.05049027262, 65909.12718625416
0.6135863368107664,0.04850353216422255,0.6800307481567662, 0.013203555445507614
17.566552447315285,2.1306806728343193,740197396622549.5, 732014689089673.9
59.564450637654225,7.247141787421355,2736347863.769571, 37070628.352248065
13.683621015645025,1.6172340374465493,3844861874.934309, 6400735275766.835
7.650932772302957,0.8254341176802216,6145113107900.244, 6145106845964.482
3.890020607292973,0.3631426067299923,935764.9847491639, 938449.1593113485
70.80320935618435,8.482043458745034,928791.2650977337, 929052.3604842232
7.690823680861062,0.8305557198581776,4275575.695522213, 1.161147195733065
73.49512824332727,8.770869621531634,2294799888426.9873, 2287061946380.963
1.521148351815531,0.11845723393171971,1.4006026179343796, 0.14922723787215111
69.1703828670383,8.30558556193647,44936.457645044145, 60977.18618580695
26.199782706948007,3.253484456594899,32851.197380540674, 0.001782320348866051
0.9938858884720063,0.0753146288976541,91734.71364418072, 10656.772184349513
0.018572643824220192,0.01638938127437956,935843.3106363019, 939287.5423317172
36.01958692227735,4.485677236044869,942679.8117995791, 940312.5615017182
18.35143995417332,2.2340367715346874,4594077497690.707, 6179771897879.003
23.46872773802986,2.9019706639375267,3333260335.4221735, 6178507428851.108
1.1167731868548088,0.08480883517239879,935613.9149486707, 936709.738459699
15.702336256206994,1.8844978792338805,935969.3705850489, 940697.7780948143
13.819350532561101,1.6352114485009748,23.94008568848257, 1.3091784001178082
75.5800920637183,8.992827532049388,2208152.847027459, 2172536.666893954
4.41086543306758,0.42365509712159094,4.404576034362695, 0.4231205235318227
94.5036522130835,10.94296679243561,27.27482014970604, 245743.16644089948
15.024895451084294,1.7948557889400778,4702040.968557294, 1.1623062736325664
40.34125119020181,5.0122018411205245,2483415761623.2905, 2471071674966.277
0.03272814726171824,0.01698289852456568,935754.7520721267, 938340.8641565988
11.673515575212802,1.3512265255816807,936524.910395692, 929625.5983601614
3.2012315996189606,0.28598006005851384,2.3306747073008887, 0.29728699374050965
0.6511336096860072,0.050960982791160514,0.5681479226594636, 0.0030180769912752097
0.142725866111993,0.021907424405929354,936428.6846362763, 929326.4484688751
4.824179685844764,0.4727536147126779,935639.3874757586, 937074.5660948073
2.4950753528981333,0.2112450123375731,2.7542685741831217, 0.15262641822929285
64.49133090470427,7.79445970770753,2.461754623631069, 1066634.048696336
21.01189044664291,2.5826921555291675,7916729356.386935, 8708050222.57424
6.364323655902727,0.6620203955593887,13006.564251800264, 0.001029374635802587
45.80903310144556,5.665122609502764,65900.63755451208, 69417.78692327671
0.810265429234097,0.06185430646598474,0.8849691479387325, 0.0675253252658109
0.7051721536125832,0.05457503472505751,0.8742776817829174, 0.10601565781611318
0.5914690671324021,0.0470770591543041,0.7221688275917583, 0.0369877237444011
73.15319536585754,8.734324382952707,22169.351075922565, 25200.06210857531
7.186285996098924,0.765999049914725,22480.701407121695, 28774.548448575257
12.767691908962114,1.4959447877501577,138873.04350211413, 140171.03477642557
3.5013901196682866,0.3191563942011292,4.025996205570106, 0.31066614459561226
2.8851750348869256,0.25190491370990753,2.897216249516612, 0.2604679836207914
43.29489192149687,5.3666999028535045,65643.84593421433, 68034.66877141631
2.762050105043112,0.23889426340560682,935627.9001225396, 936924.7706462048
5.534085532585141,0.5589141760257716,937869.6478862718, 933344.3503539203
42.68774618181611,5.2941780114654415,66730.3668635267, 68948.65919981725
2.4313461824145497,0.20476643353195226,2.5384870144780836, 0.19065598001808434
0.15860677556302072,0.022662781300283732,935645.6421050512, 937151.253137121
51.273516705633924,6.303573365346158,935673.6298111817, 937472.7166050912
27.48035868435802,3.4170119688935356,6141544388995.926, 6141533408252.699
76.64435563198172,9.105549570951128,3336081203.77002, 6168441505860.902
0.08633566016120486,0.019314705892542236,935780.8057789747, 938616.9379508775
36.881012493497,4.591383703319981,935901.5885951659, 939928.7508747417
0.336208179335729,0.03182431448180864,0.29792495958182813, 0.045656557495113985
0.8867930841950638,0.06735362036656684,0.7014801232380236, 0.03447842352177407
0.5339605328008139,0.04344300666305214,0.5793416784351305, 0.0010025677869558945
22.584537967563072,2.7873868375329733,12.740174723593634, 47729.61406950257
2.8319213216929477,0.2462584606913487,54.21706745155581, 6.035388025864676
56.04843779172506,6.850555103874098,22790.153393451106, 0.08628632281761384
32.45611624659835,4.044333983162884,2190621656323.7708, 2239125082225.477
8.226457063411727,0.8995839962406638,4088483.2495860104, 1.160970213910332
1.0215957025136202,0.07742283798484888,1.10393751934326, 0.07103080034384365
85.70855286479392,10.0504546478408,64034.61087090779, 57343.85180711879
3.012329615566256,0.2655007679422966,2.800200369776074, 0.26657063941881204
50.557008738480405,6.220632781627462,233532.17984485943, 237816.50427688853
42.487219286777794,5.2701863082200004,3280341444.0386763, 7465264151570.197
10.401002921039831,1.183460155709758,6145741795285.764, 6145720851587.975
12.148648598504014,1.4140330889242347,11.984314716717021, 60233.72050107258
0.17470838823996715,0.023439718199188758,0.19323034521399518, 0.15467073473034867
2.5599881425663207,0.21789351030962187,156.21341764673235, 0.19875899504846384
39.774590714368905,4.943698987382145,7404467.866305071, 7382105.779266725
28.009314242188633,3.4843125309752105,276468960.389337, 6145781245125.773
7.493191747054112,0.8052100815991768,3303555770.7143893, 7306116485305.946
34.031242754939434,4.240228208800377,11.29402027126244, 83799.89583580443
0.4316740588229713,0.037257671982968886,0.4319324360165201, 0.001000097938948792
5.904954786310685,0.6046976657720673,935632.5061886384, 936986.5813402208
12.392853765693859,1.4463371111056513,935614.8225147921, 936725.8165743537
56.31149775014,6.880404971364859,3243847098.95252, 6182302040312.668
48.0128199464114,5.924254152237764,4082335681.948209, 6260890744960.4
3.8229935743806704,0.35547985339284055,4.3228230104530745, 0.34326050824021065
28.821224659360578,3.58733224022297,66898.18059610849, 70323.73311180473
7.376776400682919,0.790314525730146,13.218613329175838, 15512.93958396715
95.83090391711536,11.07569662303291,22020.508638794912, 23596.708167450117
0.5481398501411034,0.044328815833224434,0.542095056930135, 0.026556394984746788
8.016644666038573,0.8724901146580628,64731.9991428479, 69183.00686827443
0.6817995261249044,0.053000862552576626,49.21968850733816, 5.929453884131203
34.3550575449719,4.280340444765705,3264.793145386684, 0.05892586140544154
5.126504928422594,0.5091873486249925,5.232400772021364, 0.5045868795238113
31.247162676903216,3.8931024926178623,2004015.8698137933, 2526291.780369895
5.564215301865708,0.5626155813013047,936263.6890183149, 928802.3970331894
0.8695120627848683,0.06609764451677588,935612.5363237793, 936684.3128205127
68.52769666109205,8.235864361988584,44286.81784659334, 51184.4515653315
3.0868491844215384,0.2735405812810474,3.269073228816847, 0.2721839535263607
13.153020992854891,1.5469623361820568,6350862648217.392, 8184413001876.502
20.022159297686795,2.4533149451906824,236311300.166736, 4449950555577.599
0.8523893171832291,0.06486124695445628,0.8657829075958321, 0.06083178671108535
14.805243780656951,1.7657768406650018,44921.33671394638, 51772.36793816831
82.19168486724527,9.686981119786415,4674897609113.839, 5510671830429.843
11.385316034727634,1.3131662882789772,10501622.560538149, 1.1678015489414975
57.10797810755894,6.970605682360861,5423501598.8918085, 6169922601975.241
10.29658183892619,1.1697323972277422,6143315203825.425, 6143307376390.65
20.2164797260721,2.478748659500249,552048.6493840425, 555763.5015694905
4.4860623517184255,0.43252198538508313,4.1356508632911115, 0.43968452476077863
5.873261021704095,0.6007668168742232,942855.5576790725, 940425.2365670057
0.0763859788955914,0.018871980983517986,935934.7518103425, 940301.7543130157
2.642827122528032,0.22644849009480764,935684.874243045, 937596.2009357376
3.6487122783872348,0.3357017314497811,937040.82680938, 931093.1126317587
17.312062533694437,2.097127326013607,43819.10184511451, 46206.408425420916
0.11673993761728907,0.020695145794889347,0.11935243937306537, 0.0010438248952172671
50.7947467923121,6.248177975375908,942623.1387347718, 940275.2047268678
0.9306977288832501,0.07058084322858668,935664.9452860237, 937375.6374389186
0.013897392123502827,0.016195426313385303,0.018069001069158735, 0.0010290574603762364
0.9665558901340296,0.07325447693037798,0.7544472167738746, 0.12055842182041768
41.89114423669473,5.198754130547824,66772.19644715548, 59195.357525505955
1.8677577199070252,0.14981224512020347,1.951442389577258, 0.1787981878208827
1.8414921039409222,0.14736471925859737,936821.4922245641, 930501.2111618761
0.7772570667492842,0.05953322633764143,936009.4081808812, 941164.424012771
87.72621353826392,10.257247105198086,6223665691634.76, 6829756207830.543
54.75113922769216,6.702919446274337,465472571.476684, 4502928109729.41
72.13678478899267,8.625449142455805,939152.0389769344, 936382.6049334593
5.414943079614807,0.5443108135319532,935633.6831370043, 937001.9585714709
24.620724622589638,3.05069523283642,7.623055383376709e-06, 519770.04206609057
0.24710808826946673,0.027067947569674334,62.21743578655762, 6.789400760523326
12.028220937490604,1.3981079629663133,21988.14706640913, 23175.071952219623
8.269001811442855,0.9050860224067604,22208.829319827637, 25624.831547320362
2.1297128679353348,0.174801986268488,2.382173309317571, 0.16293710381059653
9.494917307002517,1.0646107759346266,63142.274939652176, 65168.10985645314
7.454207969705793,0.8002191256026112,3795697918.5337133, 6378688692750.081
44.74458166724551,5.539142778325815,4195030396.523903, 6180480472093.75
0.5059903111491149,0.0417155901296486,0.5862030907547608, 0.061370025988158036
32.30255256576549,4.02516655849042,3.3609321828895187, 206777.72689665816
35.68052681040855,4.443966466584492,937093.9505806775, 931228.7153287441
2.016619121012575,0.16388753089483118,935751.1891322596, 938303.1792731715
1.7768757223388296,0.1413912857226033,2.357079074671597, 0.1082399670245606
0.2356859022572646,0.0264811311894278,0.2653821886657145, 0.0010016759444634496
49.384586916055625,6.084419895880864,22011.409027033525, 23487.868148627447
33.71039376458385,4.200429715549372,22016.315385021982, 23547.10180763378
5.327014083919651,0.5335681793657947,6.493857842490538, 0.5220650475503287
0.30582240508140446,0.030167172026174936,0.5000350722422671, 0.09637557847782756
2.384313056795571,0.20001690614034523,935750.7516872621, 938298.552900738
0.2243683313418008,0.025904954849234406,939418.8654678918, 936855.1684621868
4.717981649279274,0.4600558927851217,937675.8125754033, 932746.7814893398
1.8942661247167512,0.15229355266077452,935697.5185460587, 937732.987985917
9.398795007106598,1.0520429606758297,65488.56933332894, 66572.2757689739
2.0868142005775128,0.17064022766061315,1.9909437525862614, 0.18258071304272125
4.143854923205911,0.39242777583378047,935629.4211963916, 936945.4963218208
1.2889713647352767,0.09871071833602682,939412.3074615186, 928983.6723234159
26.577788752900535,3.3018425736302386,6387936115080.672, 6145117549360.59
19.92566751911294,2.440679873983282,3338480310.24883, 6172472417483.563
4.3613076505106125,0.41782841206204907,935771.9797676832, 938523.2770665808
2.4630641734478727,0.20798470256826276,942099.2012746705, 939904.0187245732
30.51385253811184,3.80099861646517,2013389740.4722645, 57001262.04535727
34.19277771749146,4.260244985690117,835509460434336.9, 831908474168335.8
8.484686421776885,0.9330186531882076,3263510369.183122, 6210733051956.952
35.011694436139464,4.361514056337256,4133603898.1868677, 6209527232592.35
40.915786768868266,5.081493888522577,6412218836327.991, 4355810889090.3833
8.840269504292825,0.9792035093776806,321531029.90077025, 4492116049367.715
0.5624502354169345,0.04522962560728709,0.47439657630053006, 0.0010367923455777423
0.009243599843080652,0.016003387885836384,0.06038285796547288, 0.11411116855069936
0.8186128681293197,0.06244620933441945,938652.9856184908, 935367.6664663848
1.9752706185530071,0.1599439005796612,936016.7348540692, 941250.8246289098
5.014794296281801,0.4956773541864859,4.998535301756565, 0.5004801678825349
37.7624829673329,4.699157907853787,505891.5337171648, 507616.5659748722
1.3638851566381893,0.10496191607691974,935713.4475079351, 937903.3266700691
45.16742627516666,5.589251541699016,937376.026212825, 931897.7002098968
18.440672704212847,2.2457742415261763,321440654.84760094, 4483455138241.783
19.076929903343192,2.32938427578099,5122481144.386384, 4957017753360.732
26.074935617120058,3.2374968493425778,11.301328047254101, 95619.11247355553
0.24138385814605634,0.026773199626554584,0.2806181676937416, 0.03729705618188266
4.4608813079356135,0.4295493371072569,83.74198181871562, 0.4169353542812768
78.08641659409561,9.257675076457161,337800.9929220275, 366061.8046512797
23.356416199265063,2.8874366167672227,2903711365.5887685, 7457998359350.619
11.103670238122202,1.276003650926815,119716557.87286948, 6145789472568.736
63.00203842224474,7.630025622178933,939328.4828432219, 936700.0339764644
0.9485443261069915,0.07190730541714849,935695.005527077, 937705.9376671789
3.2596177625605156,0.292374389098537,935786.2575927436, 938674.8876587228
25.459243470989684,3.1585373640817327,935933.3889051158, 940286.3034313377
3.3587367417105227,0.30329625474647426,936149.887893344, 942874.3937946978
2.5436477855785484,0.2162152628718588,935913.1807978192, 940058.437810142
2.3533163423793537,0.19690184405547306,936789.2840184489, 930410.0757062063
0.2879236254336299,0.02920787187108188,935619.8865623673, 936808.6090631132
28.412468057446244,3.535509703612045,2909393.3728880617, 2914089.6511728913
6.2633815937517285,0.6493707021174605,7.549573134577128, 0.6456348681993684
0.1965258287320717,0.024510051807820402,936041.897224963, 941549.9210653213
8.931229017938577,0.991042606387791,929024.8224319533, 929062.4199772434
9.689835668110119,1.0901219930756225,935630.2445822578, 936956.580179828
3.0494179849710923,0.2694956910896037,935927.9420971478, 940224.6594666005
8.705389895207642,0.9616659959821843,97875.74663943786, 173653.24253197855
3.8452332103500924,0.35801898474440086,3.592826185302162, 0.3665280079042367
29.797218091536912,3.710717790085232,14.328697315788768, 70362.79042291836
3.670148273937195,0.33812264723393065,3.128280550497923, 0.32628645310893606
23.244620170823282,2.8729632798034888,2045603553.5003688, 4807709451130.091
25.826957952797258,3.2057179884656923,6342942282894.53, 8088509803644.467
0.2187484767755925,0.025620808221006933,935785.1479567252, 938663.0863741135
39.03110721811762,4.853577033925062,932793.9605980052, 928779.1089544798
0.14799516761182674,0.02215684219313242,0.2096132819959601, 0.1618226892941804
0.18556692251316753,0.02396990686847152,0.16482632231329228, 0.07029253524478232
94.94403564428927,10.9870619667501,6373759084631.631, 8468078086060.835
9.739128301443603,1.0965787684189314,2403415929.4601865, 4846512270189.089
6.398281793051876,0.6662823151716276,15581.56671112916, 31770.849217315917
0.16931647297180707,0.02317831135145161,9.469382195037568e-09, 15473.245346049014
4.215341092100114,0.40074749954363453,935722.297901733, 937997.3775987122
28.548093903193678,3.552714097467196,930471.6124164339, 943179.2127324609
73.83863783090533,8.807542195292584,11.620296140691774, 70359.71007527385
1.20625823443857,0.0919494778079112,1.204182104376253, 0.08494019207259774
31.54524254476324,3.9304610556212336,12.522543315884883, 62096.95980830125
1.6036608663423881,0.12572876876610267,1.8520194677616373, 0.12342500415909836
57.64510500487572,7.031285230322347,935612.335019449, 936680.4845232978
0.15328876674866998,0.022408621871524072,935888.5436851695, 939783.6885401767
66.01527840992534,7.9618363346531655,32.82436647504873, 1.377273742837789
8.311742740475271,0.9106160628950913,4299768.711342145, 4288237.68906881
2.002772829575786,0.16256408544517936,935813.4868733, 938965.7079556105
17.65216594881959,2.141964040060362,939493.9734005001, 936980.4287103177
0.392695408696061,0.03499842343152107,0.46363167317118303, 0.00395590936344173
15.625672479242983,1.8743571073261087,2.614311118392494, 1201305.24257187
11.442426813693153,1.320705978945131,21975.39458260147, 22929.286887310453
79.92671431900857,9.450804812495646,22289.453612739257, 26515.485532972187
2.173207714895005,0.1790479878124109,935858.8683941714, 939457.0334998631
2.3226035249574384,0.19382731564054329,936555.4837064425, 929719.321858779
7.5716994129544375,0.8152698416695925,1049.2595763377205, 1.3019879714775016
38.30118039281053,4.764828337388314,69477.57322837121, 37978.848896575626
4.3366992312063095,0.4149402084517553,935725.8418470599, 938034.9615903356
67.89089677844116,8.166631574506473,929685.5797898762, 942472.9698449763
18.620374503370886,2.2694033958013606,943505.1415566729, 940803.9991298281
5.444523462971117,0.5479314933682521,935845.5588128641, 939311.9632391651
4.386029543382457,0.4207333491288196,4.753231977946384, 0.42599285379594626
18.262616782742565,2.2223504674068812,4649141538.992083, 4649137743.7875185
4.167574104914816,0.3951848686577519,10.125993965023378, 1.287392647994918
5.356189011862168,0.5371292445062864,15580.575002706186, 0.001049236746666793
9.78864823141442,1.1030673818328864,617627646.3735677, 4564515079604.798
8.977023588194928,0.9970067370226504,6347317998477.2705, 8141449995091.024
6.570435770161451,0.6879364713647768,6.326369085497839, 0.67268886631002
8.660842124472964,0.9558786549648647,1968178.678640609, 1997786.8044219108
1.8545947027785634,0.1485842826096118,1.9548866482099094, 0.16138062722201643
45.59417948943921,5.639737486098793,67909.98293687143, 72507.47180811001
2.7793975519232634,0.24071787516026621,935804.7081485554, 938871.6675552345
15.779353542763225,1.8946843302080802,941520.5131989981, 939431.5557337841
16.569331804532332,1.9990975902491697,936286.7319675391, 928876.1794914851
4.744348226053354,0.46320335564120646,935713.5862276271, 937904.8033686592
7.338326970147673,0.7854006684698627,5276386174.325095, 17645050.60987831
20.511333464305675,2.5173109825129694,887886612906010.9, 856068896589932.0
8.616498828148782,0.9501203667957911,22693.559076231842, 99450.48428888826
1.7262421970347437,0.13675907980443566,1.7474537506761056, 0.12830898237360025
11.968421361618788,1.3902016236809034,3.767877692368112, 52548.205069737625
0.2528587137824181,0.02736539464875271,0.2824006628344591, 0.04560829043219458
23.80877924216849,2.9459391047909906,1.6308118962920933e+19, 1.6126793580757705e+19
38.48240475722758,4.786887689621424,180682850736276.9, 2556738.7871528254
54.24051798432062,6.64461242337524,3821581842.9816494, 4936780478478.766
10.612749687531197,1.2113186975276264,437398122.6762334, 4531270244057.734
16.24897277681488,1.9567715373588488,833752969463453.9, 830521009614216.5
35.51216307475026,4.423232600593154,2812987093.1487207, 10315007.792552302
6.782316534146772,0.7146925333973936,8.842167983257823, 0.6971175132552497
37.05568822445454,4.612772099203998,3911446.276797419, 3911543.6054573567
3.5429991686720967,0.3238126995653171,133.9637097251454, 0.31253553025428626
10.720093298720597,1.2254515754915056,637.3489232182301, 23655270.791272968
2.479032945823049,0.20960957505339048,2.684462801200238, 0.21158919461400857
4.959705166539568,0.4890352088685525,5.962156280314934, 0.47733645637938127
3.378835611204586,0.30552091199001497,3.6645977461172787, 0.2912459982677789
1.4638166830945587,0.11348076627280618,1.27274753410731, 0.12974314011094806
53.986963829670366,6.615617795810126,806871521.0552324, 4650498554296.85
20.610525847228235,2.5302756464790046,6201696393763.396, 6636949946631.886
12.894954943731374,1.512792421737541,25510515.01975983, 25469906.42583411
3.1819479331074776,0.2838746946622176,305.5211840932858, 0.28536225551766314
12.088296259282046,1.4060517374921644,929059.1435138807, 941655.4047878102
7.074077376758609,0.7517113912745976,935798.10320223, 938801.0967887621
2.277060924280109,0.18929059914245244,935612.958565669, 936692.2417934698
6.196856730011519,0.6410499929876159,937600.2783314106, 932502.5139817012
38.12078784880716,4.742853763486356,469367.74651454797, 473337.47948019736
4.287820732314846,0.4092136930621799,4.24229559727113, 0.403206511067305
0.317892904860106,0.030821178217867555,935651.7599415218, 937224.039494267
0.12188941362261674,0.02093301850227797,928665.5047753517, 940949.1839447495
19.734010621783003,2.4155723677004084,6145720602873.934, 6145692350117.014
8.1419525126008,0.8886635326286679,3283541818.4747577, 7313400859762.673
20.412596374738747,2.504401722999156,20.267841038652296, 5911734.956663721
60.406138556910236,7.341327187133033,29.177728324535167, 1.2548333569372128
0.7528963784264242,0.05784045088037546,0.7960420840813227, 0.05023515649327235
1.0123165717578066,0.07671470709307948,1.5360858450076111, 0.05615281934503252
47.34100602996831,5.845498585255984,6247504.7240231065, 123989727082.0964
9.989021952361282,1.1293427311570807,289099.7044252952, 1022994971.8433418
4.511359509536729,0.4355117571600188,935802.7061582924, 938850.2612004176
74.53041625181542,8.88127076787624,939081.7130619918, 936250.4360338646
0.051908639308057,0.017802023229919018,936550.9748587755, 929705.5435645209
3.5221467879229467,0.32147752170287325,935625.9881381047, 936898.2113268365
30.659168221749592,3.8192726141362905,532041.8840968575, 539197.6622699061
4.797446682414301,0.46955213490074893,5.774318732055557, 0.4659878539677532
0.12706263472941015,0.02117316530802121,0.12021518061217222, 0.021831171969155985
51.5145586984224,6.331424161006645,44075.65805758664, 50524.96693801843
10.506389229851719,1.1973219077203767,71.39609782442318, 1.327454408096918
15.173023172161315,1.8144625821708922,19640519.845290575, 19503598.627168313
3.713317255789323,0.3430081422718703,935731.478909029, 938094.6786306239
98.54099967939801,11.345183735571224,935648.9354306533, 937190.6714637183
3.338730126091874,0.3010851129923409,3.192714330428736, 0.30830750485203134
85.31056032915512,10.009515987515227,139026.96012846346, 140368.5667772402
16.328510696467212,1.9672823716043266,3302235993.131605, 6180182880761.269
80.6747684827888,9.528990976903748,4199731990.7291007, 6180909346347.195
1.7896803641540675,0.1425695398352774,935653.055510784, 937239.222797684
28.958735350668444,3.604746441232247,941598.732950668, 939499.7617437677
0.13748075072293697,0.02166035075144473,0.10894092431601912, 0.0010000000002405617
1.1363397911526572,0.08635428526904128,1.1618821852464845, 0.08128875037687308
0.10143289280820933,0.0199950001487027,935746.5428196823, 938254.0431031513
0.5552785838271241,0.04477733303403025,928748.9189912642, 941115.3202095318
4.613720026694584,0.44764365969418046,4.351749833069497, 0.4493990093902432
52.9843320582638,6.500691331157278,0.6736451936805546, 1821466.674868495
0.6895545870964226,0.053521325241578155,0.9935899103631177, 0.07567460275587606
1.4077887536937914,0.10867975277083777,3.7646479672513924, 0.04847660275916322
1.0402825242321478,0.07885544942540325,0.9501743715822387, 0.10975856786094837
8.885644644906519,0.9851082368145055,22781.11910438709, 59794.45172722839
33.39248341032897,4.1609429987526925,49600.325761224456, 17024.009740067435
23.13333728651047,2.8585504500024017,316948375.989181, 21101391487.15094
0.8019563051101652,0.061267086345943945,0.7605519387529368, 0.05951514052825317
81.42973735991993,9.607715425784875,12.041274622395633, 69249.62537049124
7.415403128020483,0.7952539759323648,933865.0346357637, 928829.8161133273
4.587953033774356,0.44458460301842095,935785.424879926, 938666.0312072611
3.3990271599722277,0.30775915073250776,3.486084480774199, 0.3199585259900907
13.751329666105505,1.6262020412516802,65983.36331554518, 58508.25327789797
0.29982867605558794,0.029844531481224068,0.23615493326928513, 0.0010443313666544762
6.000915650571102,0.6166190442776904,15581.347703161106, 27572.93836656353
5.474240246458906,0.5515722212084505,935735.5041233352, 938137.2840969398
31.395859777142064,3.9117446088710475,934391.5209097951, 928851.0595261808
6.501098616170089,0.6792055044309813,935753.8269319017, 938331.0782908392
3.7350511557749995,0.3454728611642787,936667.6776363131, 930056.889082307
53.23326290888852,6.529265753915081,22025.146407004253, 23650.67107585945
63.59364765456145,7.695448819325679,21978.57591456588, 23005.76877312747
36.53406263798633,4.548854780384669,30495814.715716083, 1.1084434721815342
25.70382212978616,3.189926305360516,13495515090189.672, 13326324438632.389
0.26443963839253937,0.02796846527333805,935696.2631371903, 937719.4820160763
1.921019562613016,0.15480901386911583,935803.3884552688, 938857.5550915748
52.48989289271433,6.443855039188319,92365.79368469269, 98038.94982319555
3.4601621653763006,0.314556019675143,3.7467666168807963, 0.3096445645533444
0.04708037528119302,0.017594219818850138,0.015174766870159692, 0.0010630083394845247
4.987186371178317,0.4923469474553863,4.1889431980002, 0.48250296633345635
3.0308311434375605,0.26749201466108236,935639.585991743, 937077.0424412405
5.716961007210564,0.5814304789215125,937531.1307176555, 932273.2056436915
18.530316921497104,2.257563056439249,3296728579.951409, 6187420244029.109
11.73195529081655,1.358947799645131,4114837362.351736, 6241513257450.177
42.88919774015305,5.318260661151863,9757505.497718487, 54104518637.405914
3.1627527786871052,0.28178226144011914,1085164.6163745548, 0.0013627410553453956
4.878016072274914,0.47921116531128527,5.161971921579414, 0.4950657324371312
30.08189525185517,3.7466132173458475,3885235.1257502534, 3903912.321404862
27.611686416740493,3.433734670465317,2.4602507930723028, 129017.34029070428
1.4525077566201094,0.1125066882818799,1.584717169464517, 0.12665354400771886
16.813499697967845,2.0313404256385157,65579.54424662374, 67494.29779291284
1.1760172691812443,0.08951566105952116,1.0539030837595529, 0.11096072766457149
4.435815845224494,0.4265937337785682,4.248331022888029, 0.4321222379291227
0.6061799703516149,0.04802409414474692,0.5489830808935913, 0.09144142689283705
6.3305213867119665,0.6577812182537421,4.831594157669635, 0.6601692098368369
48.46587484117697,5.977247511172114,2132680.5052341125, 2154381.2192924693
79.18551153714645,9.373153984076085,64644.429943330106, 67345.81443115723
0.6210268552735163,0.04898695220151715,0.754994156485846, 0.050276368066142045
1.5561857390622342,0.12152944646134028,1.57272306456343, 0.10964243053353236
20.71017562294079,2.5432959049637502,22836.578609499258, 37123.15914495968
33.5510729459222,4.180647507623565,49454.16444862459, 18421.65601554791
92.76223953405626,10.768057885962536,22272940607.032864, 22243198765.357304
0.09637731229900393,0.01976605221130494,935898.2751059319, 939891.8168692032
0.8609309964229928,0.06547701381110976,936429.7242187097, 929329.7108313094
88.13534505784914,10.299028096419672,33657703240154.203, 27257008.78871129
76.28796779070159,9.067845484426373,1.1299893927441959e+19, 1.1264250085214714e+19
6.963406789959575,0.7376465080797279,22204.41798634982, 25577.04003696654
88.54636315180338,10.34095081405384,22461.901811021547, 28543.211491041046
20.91085579892225,2.569503968199162,935954.581117091, 940527.7512537816
1.9344888759617103,0.15607966918247707,935818.3885469532, 939018.3451062376
88.95927651943882,10.383015642443091,3394536695.7223406, 6941669361438.413
68.20856431051047,8.201187088272558,6145641420597.804, 6145713224063.942
0.7854522985237038,0.06010657575445208,935609.949831449, 936632.235186704
21.942427112667612,2.703945232899677,931370.0319151944, 928653.5325459933
35.17775042658409,4.3820066465038074,108.35213150429033, 0.0019696888703037985
0.023269453898235426,0.01658526803989638,230.5382127483953, 9.89978373338153
19.544109098147135,2.390680467538034,928669.6647400766, 940957.7085243274
1.8154670531304071,0.14495060613413158,935656.0529494648, 937274.0832649164
8.57235906769689,0.9443910146798002,12.545251105308951, 65081.19989075653
0.9575293922934969,0.07257828644833299,1.0954855357546256, 0.06118454927848329
23.9231767031401,2.9607180334513505,22229.646273380877, 25851.594486528273
36.190290474789435,4.5066546451167415,22257.885911487312, 26162.685129262
16.09099049971363,1.9358902206463033,3308297121.722875, 6180796216037.58
27.089981200867737,3.367250519973792,3953307019.2795444, 6322387247793.127
0.2761276124355696,0.028582570700301013,0.31837478684645787, 0.024206259925960875
0.1322597104303327,0.021415603571538298,0.07910815169686473, 0.045513709248737884
60.124284184064685,7.309819392250124,3258379376.475273, 6215964487726.499
47.119120657308535,5.819441427067433,4195054383.625408, 6181024271659.044
0.0813493759982511,0.019092274063509065,143491.46328237726, 16947.49606819016
62.70826886069483,7.597488247523623,61159.51790822043, 0.0013874532996851485
37.94122330715912,4.720963707059414,22364.691507202813, 27379.060056373703
9.446745602916458,1.0583113218102493,22042.728834096582, 23849.02514872866
48.92311759409673,6.030635310641868,2899665883.2553573, 7460990407122.516
15.54936058926102,1.8642618504668005,6145735498837.432, 6145707404939.284
3.563947703262178,0.32616199574650134,2.523098251339518, 0.3170869605560993
98.08410617173911,11.299893639530389,13.04070910891081, 59175.098476022016
2.1441445012763833,0.1762078930284093,939816.1835575359, 937482.7497089171
1.0591420794529802,0.08031008361897299,935650.6058587244, 937210.4510932987
72.47403082604345,8.661614496262011,1055021430.8532822, 4749941915986.122
9.303553085423006,1.039599026153604,2464715990.3705883, 4855325866992.318
1.6398449623585671,0.12895701196847667,1.7307541225895806, 0.13924328564325045
49.616918735329634,6.111461718903943,22674.192053622544, 52261.97789706564
13.218282957212594,1.5556045620784695,11594929.434354793, 1.1113423971874
81.05138460116652,9.56828573103018,6023240205864.438, 5982644640325.172
1.9076120734557755,0.1535469906876937,935695.0465964718, 937706.3802188813
47.563914553465594,5.871652899016651,935720.2938756368, 937976.1074781228
2.511191734215131,0.21289106930272225,2.4882650756618365, 0.19036381825250448
14.304360419113783,1.6994494825279836,12.752847059229483, 69864.40922645338
8.75014308321877,0.9674825069961244,43829.13003899825, 45957.903389551415
1.4300453894396066,0.11057942506404453,1.576391049879349, 0.1329453249352621
1.0496906107066404,0.07957999686050037,935954.298461732, 940524.5139745887
91.47704971178689,10.638410560378004,935720.291563713, 937976.0829330975
0.52691964903735,0.04300566456755332,0.48686136604179947, 0.020794575604333416
25.33779545862898,3.1429396795971076,65134.79479375226, 71831.91534983364
6.640413849058566,0.6967607667252617,15580.914161035367, 26557.79116566232
0.6285016832205073,0.04947438067121598,19064.91331678391, 15142.903569344497
0.7609792789625973,0.05840019295258598,0.7952265026194295, 0.09001044192003964
67.25992930661387,8.097884458496653,42742.36769849388, 45072.600156054716
0.037490230747061704,0.01718467324271683,935669.07444856, 937422.0154644318
8.184107595910463,0.8941098707486415,936332.4651424588, 929022.1460283382
22.36852863989433,2.759337893088544,68041.19933275161, 60940.89332929769
2.232142571564017,0.18484271852943254,2.574480188055588, 0.18428705436571113
0.9847339458514819,0.07462261562322514,1.1352140678261138, 0.09474788715056283
10.774136623570904,1.2325693774412663,91865.91914555727, 85530.72297773039
32.610388035436586,4.063577408614901,202810.4431099994, 204434.59718467706
3.9352220010112067,0.36832718712956164,4.600089238006555, 0.3599782916758552
0.04227427300169162,0.01738844176411285,0.09674266057114109, 0.021274160817104704
1.3967369955949183,0.1077401640810887,1.251444373799516, 0.16461446555882345
4.536773316811901,0.43851873125120033,4.751748921654512, 0.43616835401399895
10.244730492068447,1.1629184408861606,20.254952210651123, 1395693.0235885447
10.666298032904619,1.2183680596038748,4622318744852.378, 6186789289572.936
25.096569215523424,3.1119368211068172,3844924663.9131527, 6402803508502.714
1.1961315020691887,0.09113215437170247,1.2416579814247433, 0.11604132383089862
14.878124422662554,1.775425871159252,2.24143628050757, 344675.2021054729
43.91047540359809,5.440047773949165,65961.58009258055, 70810.92308120069
0.8954934050010079,0.06798902731929748,0.8687943053088205, 0.096182419027593
62.415847702374265,7.565066581745205,935722.7971907184, 938002.6748681673
0.3485595530525598,0.032508070332333834,935843.9235771837, 939294.1980834644
61.8350258671289,7.500569059842947,6282197762.057525, 20417505.312996253
75.22858919562853,8.95551294714611,5829170037352.017, 792191714678809.9
1.1070571911407279,0.08404479665905995,1.079830643969297, 0.06662233921285293
15.85672596900395,1.9049166247095561,63595.43509016058, 68298.53195752167
3.6061350095358797,0.3309032161289683,935618.9851899109, 936794.5677565073
1.3530349161905568,0.10404920937900852,936571.2652482098, 929767.4250748962
0.45157059461148075,0.038432076439231605,936047.9070744164, 941621.898611852
10.141740699487029,1.1493897279625798,935627.3883498799, 936917.7196490293
66.63474082691936,8.029620284518781,5422646053.954752, 6170143607470.222
64.79332246575679,7.827698292988503,6143276231489.985, 6143252453272.925
66.32429714968548,7.995668450992784,321415720.82392544, 4483484930504.023
44.11756517238715,5.464681911715296,6236952810027.718, 6952147000635.751
3.912569316204146,0.3657272410474424,3.4340151624488606, 0.37555179960655405
40.53188266478523,5.035211144729841,192000.95489153892, 194206.29188709165
43.7043361775117,5.415506245601124,3215079002.0586963, 4896273327804.785
58.187196888296214,7.092404323751896,6416340545111.407, 4368581178656.562
1.5327737916392783,0.11947402817924825,1.3663354035042354, 0.11007373714531472
0.16394930661201457,0.022919338439680005,0.23002613618099943, 0.10133199143007283
52.24437411284708,6.415592561231272,5660729.50213222, 1.1662944704257825
24.386065987015623,3.0204531428962262,90238593359.89545, 2851560394755.2524
21.83712129866659,2.6902428363142303,21992.64561316893, 23242.054750655836
8.354680755132621,0.9161742317006586,22095.0223311, 24411.79409727156
1.6520177322520255,0.13004832029193836,935611.2738053664, 936659.7324131943
2.744782282999756,0.23708217886290922,937696.3874829338, 932812.1990677704
2.576403847693255,0.21958259909701214,2.560008462528653, 0.22161194129963502
96.27740752954928,11.120236899736984,2.7967572244111234, 399779.40463755024
1.3422344783813651,0.10314312606422853,935607.1007997711, 936563.4709045097
4.073348608218274,0.38425248767293907,936784.3858650866, 930396.1251246551
4.263549618200662,0.40637522768167467,935623.8281665841, 936867.4287306924
41.303239528867586,5.128130609310156,935873.0248290028, 939612.2959674891
6.60534432499607,0.692336903335869,7.8075099877030265, 0.6921836344128809
40.72339317321632,5.058308404272981,22203796.922734436, 22170222.881397963
1.5679727421818206,0.12256815355752422,935610.3491565628, 936640.7448047299
9.938582306368916,1.1227255070519202,941816.5140639564, 939682.2540700564
11.32846739442066,1.305662500825543,246263564.04035938, 4447231210652.579
17.061060888362405,2.0640154634173564,2288616741.944092, 4841808863470.006
2.72759372031494,0.23528156316670773,936019.0079344659, 941277.6934460925
71.80108671233322,8.589409712440728,935680.0358096864, 937543.3221258518
15.473398971098735,1.8542119450800942,539705992809416.4, 538613090190715.56
46.89825373922061,5.793481135512768,3024395111.840866, 92372663.3618056
56.84126230174992,6.940429946101625,83927607489.8347, 2465178214525.7534
9.25625974372752,1.0334232080651466,4793432.899824347, 1.165305794969754
48.23882631706739,5.950701672808063,3236358293.0404873, 6184451415940.968
93.62894015670012,10.85521877060111,4197878982.476966, 6166163448160.395
1.5917100546184875,0.12466777264551632,1.3990816770611245, 0.12448012802000466
93.19459301799861,10.811565133124908,2.53919994045448, 381097.36939985794
13.956334678818434,1.6533550848745204,8536377.756624602, 1.1665798599533446
9.591928122974666,1.0773034565689144,4939526838218.102, 4929492549813.003
27.74361972342362,3.4505255165998854,21991.758794650566, 23229.22540411444
14.660484528328325,1.7466098404754677,22562.51742256712, 29803.731331754396
58.460119025252475,7.123129494422186,3288609939.8714914, 6176387106114.139
55.266480449508826,6.761652221154448,3304426611.227862, 6172924963511.304
4.932350100718219,0.48574205461856407,5.302753482098945, 0.4852156447902545
63.2971626047385,7.6626790358360255,106095.25065313946, 107906.24541534887
2.0726457135004734,0.16927146294501108,935753.7788055625, 938330.569236716
0.46498833233205183,0.039232022485306675,935682.1030685572, 937565.9579237696
0.643554901123981,0.05046136922259008,0.6744120986529839, 0.08168777829905284
13.616223148107235,1.608307284727226,64361.34415853055, 66784.34048028487
5.297973068989927,0.5300268103256609,2.8469474516043363, 1.5700263536781787
4.562304311434243,0.4415429867495538,15581.663879315955, 0.0011317901216898463
18.174201309953446,2.2107151505535962,20119590917.944878, 20078564353.26472
22.693290245752248,2.8015001593688402,44327.382284431005, 17315.57346186517
1.087758784369143,0.08253391888652917,935654.2248359266, 937252.8651849794
59.00974457214384,7.184912678508295,932968.9588896094, 928788.1891433971
15.24759970690615,1.824332708611711,980240276677539.8, 971580788814783.2
7.852235253624794,0.8513077672000066,5859032470.222107, 17761211.9122241
2.9939130097671978,0.26352188917088126,2.8937583481905635, 0.2834131764688883
38.84736430764594,4.831261775523389,180046.5278073356, 182622.11238359663
8.441151680692835,0.92737541198194,233.30879467859555, 5449495878.419236
5.810309248206048,0.592968977225112,8055.21221379851, 0.0010266478344083281
24.85755234869061,3.0811892336046336,12.650404645777583, 48776.546288997546
0.5410338832655883,0.04388404875166619,0.5901473317002487, 0.05289299315002755
6.130941163392567,0.6328183220570718,935609.2271341265, 936616.2744858719
16.978160560980694,2.053075477093966,936150.2701683813, 942879.1967047316
2.6596248121486252,0.22819262929296763,3.003235633427952, 0.21459968389997014
19.63884144655536,2.4030995597675937,162730.13664616394, 164807.54249468644
79.55526044083167,9.41191266509338,935950.4912174213, 940480.9540404197
0.4382757491225846,0.037645769338682786,935676.6001879222, 937505.5477728565
1.1660293429393476,0.08871641927101798,1.1218498625939328, 0.07783260773173938
55.00821712385413,6.732232459757243,11.783132443760017, 58923.98112457027
4.312203764625508,0.41206866109647344,3.6564386348340925, 0.4268864076305441
10.937766417144363,1.2541298279308328,809717.1151759941, 815272.3302400741
